,tag,StemTag,quadrat,sp.x,biannual,intraannual,cored,treeID,stemID,gx,gy,status,NAD83_X,NAD83_Y,lat,lon
97,10469,1,109,litu ,1,NA,NA,1419,1419,9.699999809,161,A,747391.4833,4308667.62,38.89206897,-78.14759405
100,10587,1,113,litu ,1,NA,NA,1526,1526,2.599999905,253,A,747382.2509,4308759.43,38.8928979,-78.1476673
101,10609,1,111,cagl ,1,NA,NA,1548,1548,19.5,202.8999939,A,747400.3086,4308709.736,38.89244555,-78.14747723
106,10671,1,114,quru ,1,1,NA,1609,1609,6.199999809,274.5,A,747385.3511,4308781.008,38.89309123,-78.14762382
209,12025,1,117,quru ,1,1,NA,1713,1713,5,336.2999878,A,747382.7177,4308842.763,38.89364779,-78.1476319
219,12101,1,120,quru ,1,NA,NA,1786,1786,10.69999981,381.8999939,D,747387.3583,4308888.483,38.89405798,-78.14756198
303,12259,1,125,litu ,1,NA,NA,1934,1934,16.29999924,481.5,A,747390.6462,4308988.187,38.89495442,-78.14748819
305,12270,1,125,tiam ,1,NA,NA,1942,1942,19.39999962,499.6000061,A,747393.3254,4309006.354,38.89511717,-78.14745078
307,12308,1,126,caca ,1,NA,NA,1977,1977,11.69999981,500.6000061,A,747385.6043,4309007.175,38.89512674,-78.14753941
315,12508,1,131,litu ,1,NA,NA,2157,2157,10.69999981,610.4000244,A,747382.0573,4309116.922,38.8961155,-78.14754072
807,20432,1,204,fram,1,NA,1,2661,2661,23.5,79.80000305,A,747407.1634,4308586.762,38.89133681,-78.1474426
808,20587,1,208,litu ,1,NA,NA,2778,2778,34.79999924,141.3000031,A,747417.0336,4308648.507,38.89188976,-78.14730668
809,20603,1,208,fram ,1,NA,NA,2793,2793,26,152.8000031,A,747407.9692,4308659.8,38.89199395,-78.147407
811,20617,1,209,litu ,1,NA,NA,2807,2807,26.89999962,167.6000061,A,747408.5256,4308674.617,38.89212715,-78.14739526
816,20712,1,212,litu ,1,NA,NA,2897,2897,21.5,228.3000031,A,747401.7188,4308735.175,38.89267411,-78.14745183
821,22004,1,217,litu ,1,NA,NA,3037,3037,28.60000038,321.7000122,A,747406.6501,4308828.715,38.89351461,-78.14736133
822,22004,2,217,litu ,1,NA,NA,3037,32560,28.60000038,321.7000122,A,747406.6501,4308828.715,38.89351461,-78.14736133
824,22041,1,217,litu ,1,NA,NA,3072,3072,21.79999924,339,A,747399.4506,4308845.853,38.89367088,-78.14743807
826,22170,1,221,litu ,1,NA,NA,3197,3197,27.89999962,413.7999878,A,747403.8136,4308920.774,38.89434397,-78.14736083
828,22333,1,226,fram ,1,NA,NA,3354,3354,25.5,502.7000122,A,747399.3519,4309009.594,38.89514464,-78.14738021
829,22333,2,226,fram ,1,NA,NA,3354,32610,25.5,502.7000122,A,747399.3519,4309009.594,38.89514464,-78.14738021
836,30039,1,302,fram,1,NA,1,3702,3702,44.59999847,22.70000076,A,747429.5824,4308530.167,38.89082112,-78.1472048
844,30225,1,306,qual ,1,1,NA,3866,3866,60,103.0999985,A,747443.113,4308610.902,38.89154396,-78.14701988
846,30233,1,306,fagr,1,1,1,3874,3874,55.59999847,116.1999969,A,747438.4103,4308623.897,38.89166224,-78.14706936
847,30234,1,306,fagr ,1,1,NA,3875,3875,55.29999924,118.5,A,747438.057,4308626.189,38.89168297,-78.1470726
849,30331,1,306,cagl ,1,1,NA,3967,3967,48.29999924,119.5,A,747431.0357,4308627.026,38.89169248,-78.14715316
850,30333,1,306,fagr,1,1,1,3969,3969,54,119.3000031,A,747436.7388,4308626.959,38.89169027,-78.14708751
851,30339,1,307,litu ,1,1,NA,3975,3975,48.59999847,124.0999985,A,747431.2289,4308631.632,38.89173388,-78.14714928
852,30339,2,307,litu ,1,1,NA,3975,32681,48.59999847,124.0999985,A,747431.2289,4308631.632,38.89173388,-78.14714928
853,30339,3,307,litu ,1,1,NA,3975,37149,48.59999847,124.0999985,A,747431.2289,4308631.632,38.89173388,-78.14714928
878,30343,1,307,quru ,1,1,1,3979,3979,57.90000153,128,A,747440.4359,4308635.747,38.89176832,-78.14704176
880,30462,1,313,litu ,1,NA,NA,4091,4091,56.20000076,259,A,747435.6973,4308766.672,38.89294803,-78.14704916
881,30467,1,314,litu ,1,1,NA,4096,4096,57.29999924,263,A,747436.7042,4308770.697,38.89298397,-78.14703611
885,30512,1,313,quru ,1,1,NA,4137,4137,42.90000153,254.3000031,A,747422.5099,4308761.665,38.89290667,-78.14720284
889,30584,1,316,quve ,1,NA,NA,4207,4207,42.20000076,314.3999939,A,747420.4158,4308821.732,38.89344789,-78.14720531
891,32097,1,320,litu ,1,NA,NA,4326,4326,57.90000153,383,A,747434.5201,4308890.678,38.89406445,-78.14701803
892,32126,1,321,litu ,1,1,NA,4355,4355,49.59999847,405,A,747425.7119,4308912.48,38.89426316,-78.14711161
897,32381,1,327,qupr,1,NA,1,4606,4606,44.59999847,532.7999878,A,747417.7484,4309040.129,38.89541429,-78.14715733
898,32423,1,329,litu ,1,NA,NA,4647,4647,57.59999847,573.0999756,A,747429.81,4309080.72,38.89577622,-78.14700379
905,32540,1,332,qupr ,1,NA,NA,4760,4760,59.90000153,635.5999756,A,747430.6594,4309143.257,38.89633883,-78.14697146
924,40562,1,406,fagr ,1,1,NA,5039,5039,66.30000305,116.1999969,A,747449.1074,4308624.145,38.89166146,-78.14694608
925,40563,1,406,fagr,1,1,1,5040,5040,63.59999847,117.8000031,A,747446.371,4308625.682,38.89167606,-78.14697704
926,40564,1,406,fagr ,1,1,NA,5041,5041,62.40000153,112.4000015,A,747445.2966,4308620.255,38.89162753,-78.14699137
927,40565,1,406,cagl ,1,1,NA,5042,5042,61.90000153,110.0999985,A,747444.8501,4308617.944,38.89160685,-78.14699734
928,40566,1,406,cagl ,1,1,NA,5043,5043,61.09999847,109.4000015,A,747444.0666,4308617.226,38.89160061,-78.14700662
929,40567,1,406,fagr ,1,1,NA,5044,5044,61.59999847,107.1999969,A,747444.6175,4308615.038,38.89158076,-78.14700107
930,40568,1,406,fagr ,1,1,NA,5045,5045,60.09999847,105.1999969,A,747443.1643,4308613.004,38.89156286,-78.14701854
931,40569,1,407,litu ,1,1,NA,5046,5046,65.59999847,121.6999969,A,747448.28,4308629.627,38.89171103,-78.14695363
934,40635,1,408,cagl ,1,NA,NA,5109,5109,78.69999695,141,A,747460.9287,4308649.226,38.89188387,-78.1468009
942,40875,1,412,qual ,1,1,NA,5341,5341,74.40000153,234.3999939,D,747454.4631,4308742.501,38.89272519,-78.14684175
946,40942,1,414,acru ,1,NA,NA,5403,5403,62.20000076,262,A,747441.626,4308769.81,38.8929746,-78.14697975
948,40972,1,415,litu ,1,NA,NA,5432,5432,67.19999695,289.6000061,A,747445.9844,4308797.519,38.89322276,-78.14691957
949,40972,2,415,litu ,1,NA,NA,5432,32871,67.19999695,289.6000061,A,747445.9844,4308797.519,38.89322276,-78.14691957
954,42009,1,417,ploc ,1,NA,NA,5499,5499,79.5,323.7000122,A,747457.49,4308831.895,38.89352892,-78.14677467
960,42270,1,424,quru ,1,1,NA,5755,5755,72.30000305,478.6000061,D,747446.6984,4308986.587,38.89492423,-78.14684321
964,42397,1,428,quru ,1,NA,NA,5881,5881,70.40000153,545.5,A,747443.2468,4309053.424,38.89552677,-78.14685887
966,42562,1,431,quru ,1,NA,NA,5942,5942,75.19999695,600.4000244,A,747446.7719,4309108.421,38.89602076,-78.14679845
971,50160,1,502,fram ,1,NA,NA,6050,6050,87.40000153,31,A,747472.1783,4308539.457,38.89089275,-78.1467109
978,50288,1,505,quru ,1,NA,NA,6176,6176,90.80000305,90.59999847,A,747474.1947,4308599.12,38.89142916,-78.14666618
988,50364,1,507,qual ,1,1,NA,6249,6249,84.19999695,138.1000061,A,747466.4945,4308646.454,38.89185735,-78.1467378
1007,50650,1,514,litu ,1,1,NA,6521,6521,99.5,274.8999939,A,747478.6167,4308783.572,38.89308805,-78.14654877
1009,50654,1,514,litu ,1,1,NA,6525,6525,97.19999695,279.1000061,A,747476.2199,4308787.718,38.89312603,-78.14657488
1013,52087,1,519,quru ,1,NA,NA,6638,6638,81.09999847,371.1000061,A,747457.9899,4308879.32,38.89395561,-78.14675182
1014,52087,2,519,quru ,1,NA,NA,6638,40988,81.09999847,371.1000061,A,747457.9899,4308879.32,38.89395561,-78.14675182
1012,52087,3,519,quru ,1,NA,NA,6638,40989,81.09999847,371.1000061,A,747457.9899,4308879.32,38.89395561,-78.14675182
1017,52190,1,522,quru ,1,1,NA,6741,6741,96.40000153,423.3999939,A,747472.0725,4308931.96,38.89442543,-78.14657066
1020,52276,1,525,quve ,1,NA,1,6826,6826,87.30000305,490.7000122,A,747461.4136,4308999.031,38.89503209,-78.14666924
1043,60161,1,608,qupr ,1,NA,1,7163,7163,117.5,151.6999969,A,747499.47,4308660.823,38.89197739,-78.14635285
1061,60414,1,611,quru ,1,1,NA,7401,7401,104.1999969,200,D,747485.0531,4308708.802,38.89241327,-78.1465016
1063,60456,1,614,caca ,1,1,NA,7441,7441,105.3000031,275,A,747484.4129,4308783.807,38.89308853,-78.14648194
1064,60456,2,614,caca ,1,1,NA,7441,33117,105.3000031,275,A,747484.4129,4308783.807,38.89308853,-78.14648194
1065,60457,1,614,caca ,1,1,NA,7442,7442,104,275.2000122,A,747483.1086,4308783.977,38.89309042,-78.1464969
1066,60458,1,615,fagr ,1,1,NA,7443,7443,101.9000015,280,A,747480.8978,4308788.727,38.8931338,-78.14652064
1067,60459,1,615,fagr ,1,1,NA,7444,7444,102,283,A,747480.9281,4308791.728,38.8931608,-78.14651921
1068,60462,1,615,fagr ,1,1,NA,7447,7447,105.5999985,287.6000061,A,747484.4205,4308796.41,38.89320196,-78.14647731
1069,60463,1,615,juni ,1,1,NA,7448,7448,107.1999969,288,A,747486.0107,4308796.847,38.89320545,-78.14645883
1072,60468,1,615,caca ,1,1,NA,7453,7453,105.4000015,289.6000061,A,747484.1741,4308798.405,38.89321998,-78.14647942
1071,60468,2,615,caca ,1,1,NA,7453,40938,105.4000015,289.6000061,A,747484.1741,4308798.405,38.89321998,-78.14647942
1073,60469,1,615,cofl ,1,1,NA,7454,7454,106.8000031,289.7999878,A,747485.5691,4308798.638,38.89322168,-78.14646327
1074,60469,2,615,cofl ,1,1,NA,7454,33120,106.8000031,289.7999878,D,747485.5691,4308798.638,38.89322168,-78.14646327
1081,60562,1,614,fagr ,1,1,NA,7541,7541,119,268.7000122,A,747498.2553,4308777.826,38.8930308,-78.14632467
1082,60563,1,614,caca ,1,1,NA,7542,7542,114.1999969,273.2000122,A,747493.3522,4308782.214,38.89307167,-78.14637956
1083,60566,1,614,fagr ,1,1,NA,7545,7545,110,271,A,747489.2044,4308779.917,38.89305217,-78.14642815
1084,60567,1,614,litu ,1,1,NA,7546,7546,111.5999985,271.2000122,A,747490.7993,4308780.154,38.89305385,-78.1464097
1085,60568,1,614,caca ,1,1,NA,7547,7547,115.5,275.6000061,A,747494.5962,4308784.643,38.89309319,-78.14636436
1086,60569,1,614,caca ,1,1,NA,7548,7548,119.4000015,276.2000122,A,747498.4812,4308785.334,38.8930983,-78.14631936
1087,60570,1,614,caco ,1,1,NA,7549,7549,115.1999969,276.7000122,A,747494.2707,4308785.736,38.89310311,-78.14636771
1088,60571,1,614,caca ,1,1,NA,7550,7550,112,277.3999939,A,747491.0554,4308786.362,38.89310965,-78.14640451
1089,60573,1,614,tiam ,1,1,NA,7552,7552,108.5,276.2999878,A,747487.5818,4308785.181,38.8931,-78.14644494
1090,60576,1,615,caca ,1,1,NA,7555,7555,117.0999985,281,A,747496.0705,4308790.079,38.89314169,-78.14634542
1091,60577,1,615,litu ,1,1,NA,7556,7556,112.6999969,281.3999939,A,747491.6624,4308790.377,38.89314562,-78.14639608
1092,60578,1,615,caca ,1,1,NA,7557,7557,113.1999969,289.8999939,A,747491.9651,4308798.886,38.89322212,-78.14638952
1093,60579,1,615,caca ,1,1,NA,7558,7558,116.8000031,284,A,747495.701,4308793.071,38.89316873,-78.14634859
1094,60581,1,615,litu ,1,1,NA,7560,7560,119.8000031,289.2999878,A,747498.5772,4308798.439,38.89321623,-78.14631353
1095,60582,1,615,quru ,1,1,NA,7561,7561,120,290.2000122,A,747498.7563,4308799.344,38.89322432,-78.14631115
1096,60586,1,615,caca ,1,1,NA,7565,7565,116.1999969,289.2999878,A,747494.9782,4308798.356,38.8932165,-78.14635501
1097,60587,1,615,caca ,1,1,NA,7566,7566,114,289.7999878,A,747492.7672,4308798.805,38.89322116,-78.14638032
1098,60588,1,615,caco ,1,1,NA,7567,7567,113.4000015,287.2999878,A,747492.2253,4308796.291,38.89319869,-78.14638746
1102,62128,1,620,quru ,1,1,NA,7706,7706,108,380.7999878,A,747484.6576,4308889.641,38.894041,-78.14644097
1104,62181,1,621,quve ,1,NA,NA,7759,7759,108.8000031,413.5,A,747484.6988,4308922.351,38.89433538,-78.14642871
1105,62224,1,622,litu ,1,1,NA,7801,7801,103.1999969,437.2999878,A,747478.5482,4308946.014,38.8945501,-78.14649101
1107,62241,1,623,litu ,1,NA,NA,7818,7818,113.9000015,440.7000122,A,747489.1664,4308949.662,38.89457993,-78.14636741
1106,62241,2,623,litu ,1,NA,NA,7818,33159,113.9000015,440.7000122,A,747489.1664,4308949.662,38.89457993,-78.14636741
1113,62417,1,630,quve ,1,NA,NA,7992,7992,108.9000015,597,A,747480.5417,4309105.804,38.89598769,-78.14641046
1114,62449,1,632,qual ,1,NA,NA,8020,8020,118.6999969,623.9000244,A,747489.715,4309132.924,38.8962292,-78.14629503
1115,62454,1,632,quve ,1,NA,NA,8025,8025,114.6999969,638.7999878,A,747485.3704,4309147.727,38.89636365,-78.14633973
1121,70096,1,704,quru,1,1,1,8126,8126,123.3000031,72.69999695,A,747507.1012,4308581.979,38.89126562,-78.14629339
1122,70126,1,705,quru,1,1,1,8152,8152,129.3000031,92.5,A,747512.6403,4308601.913,38.89144347,-78.14622241
1127,70181,1,707,litu ,1,NA,NA,8200,8200,132.1000061,139,A,747514.3608,4308648.465,38.89186197,-78.14618582
1130,70216,1,701,quve ,1,NA,NA,8234,8234,138.6999969,11.60000038,A,747523.9146,4308521.253,38.89071433,-78.14612165
1131,70220,1,702,qual ,1,1,NA,8238,8238,138.3000031,20.79999924,A,747523.3012,4308530.441,38.8907972,-78.1461254
1135,70278,1,704,qupr ,1,NA,NA,8293,8293,135.6000061,75.40000153,A,747519.3353,4308584.964,38.89128903,-78.14615142
1136,70292,1,705,cagl ,1,NA,NA,8303,8303,134.6000061,82.09999847,A,747518.1801,4308591.639,38.89134944,-78.14616232
1140,70352,1,707,litu ,1,NA,NA,8357,8357,138.5,131,A,747520.9446,4308640.616,38.89178947,-78.14611282
1142,70356,1,707,caca ,1,NA,NA,8361,8361,137.5,137.6999969,A,747519.7895,4308647.291,38.89184987,-78.14612372
1141,70356,2,707,caca ,1,NA,NA,8361,33256,137.5,137.6999969,A,747519.7895,4308647.291,38.89184987,-78.14612372
1143,70357,1,708,cagl ,1,NA,NA,8362,8362,139.6999969,140.1000061,A,747521.9332,4308649.741,38.89187132,-78.14609815
1144,70358,1,708,litu ,1,NA,NA,8363,8363,138.3999939,142,A,747520.5894,4308651.611,38.89188853,-78.14611295
1148,70433,1,710,litu,1,NA,1,8436,8436,131.3999939,193.8000031,A,747512.3896,4308703.234,38.89235547,-78.14618878
1152,70492,1,714,nysy ,1,1,NA,8495,8495,120.0999985,271.2000122,A,747499.297,4308780.351,38.89305323,-78.14631176
1153,70493,1,714,litu ,1,1,NA,8496,8496,120.3000031,275.2000122,A,747499.4042,4308784.355,38.89308923,-78.14630909
1154,70494,1,714,caca ,1,1,NA,181,181,120.4000015,275.7000122,A,747499.4926,4308784.857,38.89309373,-78.14630789
1155,70494,2,714,caca ,1,1,NA,181,31371,120.4000015,275.7000122,A,747499.4926,4308784.857,38.89309373,-78.14630789
1162,70495,1,714,caca ,1,1,NA,8497,8497,121.6999969,278.6000061,A,747500.7249,4308787.786,38.89311975,-78.14629264
1165,70519,1,711,qual,1,1,1,8520,8520,135.5,203.3000031,A,747516.2681,4308712.827,38.89244071,-78.14614065
1167,70536,1,711,qual,1,1,1,8537,8537,131.8999939,207.3999939,A,747512.574,4308716.842,38.89247789,-78.14618175
1169,70579,1,714,caco ,1,NA,NA,8578,8578,139.1999969,264.2999878,A,747518.552,4308773.896,38.89298971,-78.14609234
1170,70581,1,714,quru ,1,1,NA,8580,8580,133.6999969,261.2000122,A,747513.1254,4308770.669,38.8929622,-78.146156
1171,70588,1,714,quve ,1,NA,NA,8587,8587,136.1999969,265.2000122,A,747515.5319,4308774.726,38.89299803,-78.14612682
1178,72024,1,717,quve ,1,NA,NA,8670,8670,140,329.6000061,A,747517.8368,4308839.197,38.89357764,-78.14607703
1179,72115,1,719,litu ,1,NA,NA,8760,8760,131.1999969,370.7000122,A,747508.0857,4308880.082,38.89394836,-78.1461746
1180,72116,1,719,litu ,1,1,NA,8761,8761,134.3999939,370.7999878,A,747511.2825,4308880.256,38.89394903,-78.14613772
1181,72122,1,719,caca ,1,NA,NA,8767,8767,139.8999939,379,A,747516.5908,4308888.582,38.89402247,-78.14607358
1182,72124,1,719,quru ,1,1,NA,8769,8769,132.5,379.3999939,A,747509.1835,4308888.81,38.89402661,-78.14615881
1184,72149,1,720,litu ,1,NA,NA,8794,8794,133.8000031,380.7000122,A,747510.453,4308890.14,38.89403822,-78.14614371
1185,72210,1,721,qual ,1,1,NA,8853,8853,125.1999969,411.5,A,747501.1408,4308920.732,38.89431618,-78.14623993
1187,72232,1,722,qual,1,NA,1,8875,8875,134.5,432.6000061,A,747509.9488,4308942.042,38.8945055,-78.1461308
1188,72232,2,722,qual,1,NA,1,8875,33310,134.5,432.6000061,D,747509.9488,4308942.042,38.8945055,-78.1461308
1189,72248,1,723,caco ,1,NA,NA,8890,8890,135,440.2999878,A,747510.27,4308949.751,38.8945748,-78.14612432
1190,72308,1,725,qual ,1,1,NA,8948,8948,135.1999969,493.2999878,A,747509.2404,4309002.742,38.89505202,-78.14611708
1191,72322,1,726,litu ,1,NA,NA,8962,8962,138.1000061,500.2999878,A,747511.9772,4309009.807,38.89511484,-78.14608301
1192,72324,1,726,litu ,1,1,NA,8964,8964,134.3999939,506.6000061,A,747508.1321,4309016.02,38.89517183,-78.14612506
1193,72337,1,727,quru ,1,1,NA,8977,8977,127.9000015,522.5999756,A,747501.2626,4309031.865,38.89531638,-78.14619846
1195,72348,1,727,quru ,1,1,NA,8988,8988,132,535.0999756,A,747505.0715,4309044.456,38.89542863,-78.14615006
1196,72357,1,728,quru ,1,1,NA,8997,8997,121.6999969,542,A,747494.6142,4309051.115,38.89549151,-78.14626809
1198,72375,1,728,litu ,1,NA,NA,9015,9015,133.6999969,557.0999756,A,747506.2607,4309066.49,38.89562661,-78.14612842
1199,72377,1,728,litu ,1,NA,NA,9016,9016,130.6000061,556.0999756,A,747503.1847,4309065.418,38.89561783,-78.14616423
1201,72408,1,730,qual ,1,1,NA,9047,9047,124.8000031,589.9000244,D,747496.6022,4309099.075,38.8959226,-78.14622791
1203,72427,1,730,litu ,1,1,NA,9066,9066,123.5999985,599.4000244,A,747495.1821,4309108.544,38.89600823,-78.14624085
1204,72447,1,732,litu ,1,NA,NA,9085,9085,134.8999939,624.0999756,A,747505.906,4309133.5,38.89622982,-78.14610834
1205,72448,1,732,litu ,1,NA,NA,9086,9086,138.8999939,624.7000122,A,747509.891,4309134.192,38.89623493,-78.1460622
1206,72452,1,732,quve ,1,NA,NA,9090,9090,136.3999939,631.7999878,D,747507.227,4309141.232,38.89629904,-78.14609034
1208,72460,1,732,quru ,1,NA,NA,9098,9098,129.1000061,635.5999756,A,747499.8408,4309144.862,38.89633379,-78.1461741
1209,80005,1,801,fram ,1,NA,NA,9107,9107,141.8999939,12.39999962,A,747527.0951,4308522.127,38.8907213,-78.1460847
1214,80100,1,804,litu ,1,NA,NA,9197,9197,142.3999939,70.80000305,A,747526.2402,4308580.523,38.89124712,-78.1460735
1218,80180,1,804,cato ,1,NA,NA,9268,9268,155.8999939,65.30000305,A,747539.8641,4308575.337,38.89119661,-78.14591847
1229,80398,1,807,caco ,1,NA,1,9474,9474,140.1999969,139.6999969,A,747522.4423,4308649.353,38.89186768,-78.14609243
1230,80401,1,807,caco ,1,NA,NA,9477,9477,147.3999939,139.6000061,A,747529.6427,4308649.42,38.89186626,-78.14600948
1238,80491,1,809,quru,1,NA,1,9567,9567,145.1999969,177.6999969,A,747526.5594,4308687.459,38.89220949,-78.14603128
1241,80554,1,813,caovl,1,NA,1,9630,9630,146.8999939,251.1999969,A,747526.5538,4308760.978,38.89287119,-78.14600484
1242,80559,1,813,nysy ,1,NA,NA,9635,9635,148.8999939,257.7999878,A,747528.4001,4308767.623,38.89293047,-78.14598118
1244,80614,1,810,caco ,1,NA,NA,9686,9686,141.8999939,198.1999969,A,747522.7847,4308707.877,38.89239432,-78.14606739
1245,80615,1,810,litu ,1,NA,NA,9687,9687,144.3999939,196.8000031,A,747525.3165,4308706.535,38.89238153,-78.14603871
1247,80628,1,811,quru ,1,1,NA,9700,9700,147.5,203,A,747528.2718,4308712.805,38.89243713,-78.14600242
1248,80631,1,811,litu ,1,NA,NA,9703,9703,140.1999969,206.1000061,A,747520.9019,4308715.735,38.89246558,-78.14608624
1261,82125,1,819,cagl ,1,NA,NA,9972,9972,141.6000061,374.2999878,A,747518.3994,4308883.922,38.89398002,-78.14605443
1262,82138,1,820,quru,1,NA,1,9984,9984,141.1000061,382.7000122,A,747517.7047,4308892.308,38.8940557,-78.14605941
1263,82203,1,822,litu ,1,1,NA,10045,10045,148,429.3999939,A,747523.5194,4308939.156,38.8944757,-78.14597555
1266,82223,1,822,litu ,1,NA,NA,10065,10065,140.5,437.7000122,A,747515.8289,4308947.28,38.89455098,-78.14606119
1267,82226,1,823,litu ,1,NA,NA,10068,10068,142,444,A,747517.1823,4308953.613,38.8946076,-78.14604332
1270,82284,1,825,quve ,1,NA,NA,10124,10124,141.3000031,492,A,747515.3689,4309001.584,38.89503987,-78.14604691
1271,82292,1,826,litu ,1,NA,NA,10132,10132,141.8000031,500.3999939,A,747515.6739,4309009.993,38.89511547,-78.14604037
1272,82298,1,826,litu ,1,NA,NA,10138,10138,140.3000031,505.1000061,A,747514.0653,4309014.657,38.8951579,-78.14605722
1274,82326,1,827,quve ,1,NA,NA,10165,10165,154.6000061,528.2999878,A,747527.8232,4309038.182,38.89536576,-78.14589028
1276,82357,1,828,litu ,1,NA,NA,10196,10196,144,553.7999878,A,747516.6345,4309063.43,38.89559614,-78.14601004
1275,82357,2,828,litu ,1,NA,NA,10196,33454,144,553.7999878,A,747516.6345,4309063.43,38.89559614,-78.14601004
1277,82360,1,829,litu ,1,1,NA,10198,10198,142.3000031,560.7000122,A,747514.7749,4309070.288,38.8956584,-78.14602899
1278,82365,1,829,qual ,1,1,NA,10203,10203,144.8999939,564.7000122,A,747517.2814,4309074.348,38.89569423,-78.14599866
1279,82368,1,829,litu,1,NA,1,10206,10206,156.8000031,563.4000244,A,747529.2083,4309073.324,38.89568165,-78.14586166
1280,82368,2,829,litu,1,NA,1,10206,33455,156.8000031,563.4000244,A,747529.2083,4309073.324,38.89568165,-78.14586166
1284,82419,1,831,litu ,1,NA,NA,10257,10257,143.3000031,610,A,747514.6309,4309119.598,38.89610224,-78.14601287
1285,82421,1,831,litu ,1,NA,NA,10259,10259,145.6000061,614.7000122,A,747516.8212,4309124.35,38.8961444,-78.14598593
1286,82422,1,831,litu ,1,1,NA,10260,10260,146.8999939,619.5,A,747518.0095,4309129.179,38.89618752,-78.1459705
1287,82434,1,832,quve,1,NA,1,10272,10272,146,635.5999756,A,747516.7362,4309145.254,38.89633256,-78.14597937
1288,90043,1,901,quve ,1,NA,NA,10315,10315,172.5,17.60000038,A,747557.5663,4308528.035,38.89076589,-78.14573165
1290,90084,1,902,quve,1,NA,1,10351,10351,176.1999969,39.29999924,A,747560.7618,4308549.815,38.89096102,-78.145687
1294,90162,1,904,litu ,1,NA,NA,10426,10426,176.8999939,71.09999847,A,747560.7239,4308581.623,38.89124731,-78.14567597
1301,90354,1,905,litu ,1,NA,NA,10607,10607,170.6000061,85,A,747554.1032,4308595.373,38.89137293,-78.14574726
1304,90413,1,904,litu ,1,NA,NA,221,221,171.6999969,77.19999695,A,747555.3838,4308587.601,38.89130261,-78.14573532
1303,90413,2,904,litu ,1,NA,NA,221,31411,171.6999969,77.19999695,A,747555.3838,4308587.601,38.89130261,-78.14573532
1305,90413,3,904,litu ,1,NA,NA,221,36586,171.6999969,77.19999695,A,747555.3838,4308587.601,38.89130261,-78.14573532
1306,90446,1,905,ulru ,1,NA,NA,10695,10695,179.5,80.5,D,747563.1051,4308591.081,38.89133176,-78.14564514
1309,90530,1,910,litu ,1,NA,NA,10776,10776,170.1999969,197.8000031,A,747551.0864,4308708.133,38.89238866,-78.14574135
1310,90533,1,911,cagl ,1,NA,NA,10779,10779,178.1999969,202.1000061,A,747558.9845,4308712.618,38.89242679,-78.14564878
1311,90533,2,911,cagl ,1,NA,NA,10779,33519,178.1999969,202.1000061,D,747558.9845,4308712.618,38.89242679,-78.14564878
1319,90612,1,910,quru ,1,1,NA,10857,10857,170.6999969,194,A,747551.6744,4308704.346,38.8923544,-78.14573595
1330,90660,1,913,quru ,1,1,NA,10904,10904,164.8999939,247.8999939,A,747544.6255,4308758.097,38.89284016,-78.14579775
1333,90752,1,916,qual,1,1,1,10963,10963,172.3999939,307.3999939,A,747550.7431,4308817.755,38.89337538,-78.14570579
1342,91435,1,907,litu ,1,NA,NA,11102,11102,173.6000061,132.1999969,A,747556.0073,4308642.63,38.89179772,-78.1457083
1343,91451,1,907,litu ,1,NA,NA,11118,11118,178.6999969,137.6000061,A,747560.9807,4308648.147,38.89184597,-78.14564903
1344,91474,1,908,litu ,1,NA,NA,11140,11140,174.5,144.6999969,A,747556.6171,4308655.147,38.89191021,-78.14569676
1345,91476,1,908,litu ,1,NA,NA,11142,11142,178.3999939,142.3999939,A,747560.5694,4308652.938,38.89188921,-78.14565204
1346,91477,1,908,litu ,1,1,NA,11143,11143,179.3000031,143.5,A,747561.4436,4308654.059,38.89189905,-78.14564157
1347,91486,1,908,cagl ,1,NA,NA,11152,11152,177.5,149.1999969,A,747559.5119,4308659.716,38.89195051,-78.14566178
1352,92006,1,917,litu ,1,NA,NA,11172,11172,166.3000031,321.3999939,A,747544.32,4308831.61,38.89350189,-78.14577477
1353,92018,1,917,acru ,1,NA,NA,11184,11184,176.1999969,325.6000061,A,747554.1199,4308836.038,38.89353899,-78.1456603
1355,92112,1,919,litu ,1,NA,NA,11276,11276,174.3999939,378.7999878,A,747551.0862,4308889.182,38.89401815,-78.14567608
1356,92139,1,920,quru ,1,1,NA,11303,11303,177.6000061,380.2999878,A,747554.2505,4308890.756,38.89403143,-78.14563907
1357,92140,1,920,cato ,1,NA,NA,11304,11304,178.6999969,380.7000122,A,747555.3409,4308891.181,38.89403495,-78.14562636
1358,92141,1,920,cagl ,1,NA,NA,11305,11305,179.3999939,384.7000122,A,747555.9479,4308895.196,38.89407091,-78.14561792
1360,92234,1,922,qual ,1,1,NA,11394,11394,180,439.1000061,D,747555.2857,4308949.596,38.89456071,-78.14560593
1361,92237,1,922,nysy ,1,NA,NA,11397,11397,174.6999969,439.5,A,747549.9779,4308949.873,38.8945647,-78.14566697
1362,92238,1,922,quve ,1,NA,NA,11398,11398,170.8000031,438.2999878,A,747546.1068,4308948.582,38.89455418,-78.14571201
1364,92269,1,923,ceca ,1,NA,NA,11428,11428,179.8000031,441.7000122,D,747555.0255,4308952.19,38.89458414,-78.145608
1365,92269,2,923,ceca ,1,NA,NA,11428,33590,179.8000031,441.7000122,A,747555.0255,4308952.19,38.89458414,-78.145608
1366,92280,1,923,quve ,1,NA,NA,11438,11438,175,446.8999939,A,747550.1061,4308957.278,38.89463131,-78.14566282
1369,92393,1,925,cagl ,1,NA,NA,11540,11540,179.8000031,487.7000122,A,747553.9583,4308998.178,38.89499834,-78.14560371
1370,92414,1,926,litu ,1,NA,NA,11561,11561,171.1999969,500.8999939,A,747545.0544,4309011.175,38.89511783,-78.14570157
1372,92466,1,927,litu ,1,NA,NA,11610,11610,160.6000061,536.2999878,A,747533.636,4309046.319,38.89543736,-78.1458204
1374,92487,1,928,quve ,1,NA,NA,11631,11631,169.8000031,555,A,747542.3997,4309065.228,38.89560507,-78.14571265
1375,92488,1,928,litu ,1,NA,NA,11632,11632,172.6999969,553.5,A,747545.3337,4309063.796,38.89559135,-78.14567938
1378,92545,1,931,litu ,1,NA,NA,11689,11689,175.3000031,615.5999756,A,747546.4923,4309125.939,38.89615033,-78.14564363
1379,92546,1,931,litu ,1,NA,NA,11690,11690,176.5,616.7000122,A,747547.6665,4309127.067,38.89616015,-78.1456297
1380,92547,1,931,litu ,1,NA,NA,11691,11691,171.6999969,613.9000244,A,747542.9327,4309124.156,38.89613529,-78.14568527
1,100011,1,1001,fram ,1,NA,NA,11716,11716,180.6999969,8,A,747565.9868,4308518.628,38.89067885,-78.14563807
3,100516,1,1004,litu ,1,NA,NA,12180,12180,197.8999939,62.29999924,A,747581.9224,4308573.312,38.89116654,-78.14543484
7,100562,1,1004,litu ,1,NA,NA,12224,12224,189.1000061,79.19999695,A,747572.7327,4308590.004,38.89131935,-78.14553465
9,100612,1,1003,litu ,1,NA,NA,12269,12269,192,44.40000153,A,747576.4393,4308555.28,38.89100579,-78.14550448
12,100720,1,1004,litu ,1,NA,NA,12372,12372,181.6999969,72,A,747565.5017,4308582.634,38.89125506,-78.14562058
11,100720,2,1004,litu ,1,NA,NA,12372,33734,181.6999969,72,A,747565.5017,4308582.634,38.89125506,-78.14562058
13,100754,1,1005,quru ,1,1,NA,12406,12406,183.8000031,86.80000305,A,747567.2578,4308597.479,38.89138817,-78.14559501
14,100771,1,1005,quru,1,1,1,12422,12422,188.5,97,A,747571.7199,4308607.785,38.89147968,-78.1455399
15,100905,1,1008,litu ,1,1,NA,12529,12529,190,141.6000061,A,747572.1848,4308652.408,38.89188116,-78.14551846
16,100906,1,1008,litu ,1,NA,NA,12530,12530,189.3000031,141.1000061,A,747571.4966,4308651.892,38.89187671,-78.14552657
19,100960,1,1010,quru ,1,1,NA,12583,12583,193.8000031,190.5,A,747574.8494,4308701.383,38.8923212,-78.14547012
26,101082,1,1009,litu ,1,NA,NA,12702,12702,180,160.6999969,A,747561.7444,4308671.271,38.89205388,-78.1456319
29,101111,1,1011,litu ,1,NA,NA,12730,12730,180.1000061,201.3000031,A,747560.9025,4308711.862,38.89241945,-78.14562696
30,101118,1,1011,litu ,1,NA,NA,12737,12737,180.3000031,203,A,747561.063,4308713.566,38.89243474,-78.1456245
39,101244,1,1014,quve ,1,NA,NA,12861,12861,189,269.2000122,A,747568.2249,4308779.95,38.8930302,-78.14551808
42,101310,1,1016,fram ,1,NA,NA,12923,12923,188,314.1000061,A,747566.1835,4308824.815,38.89343457,-78.14552542
43,101312,1,1016,fram ,1,NA,NA,12925,12925,181.1999969,312.8999939,A,747559.4132,4308823.457,38.89342426,-78.14560388
45,102001,1,1017,frni,1,NA,1,12939,12939,186,323.7000122,A,747563.9613,4308834.366,38.89352116,-78.14554757
46,102148,1,1019,cato ,1,NA,NA,13086,13086,182,375.3999939,A,747558.763,4308885.959,38.89398698,-78.14558883
47,102149,1,1020,cagl ,1,NA,NA,13087,13087,181.3999939,380.2000122,A,747558.0518,4308890.744,38.89403025,-78.1455953
48,102150,1,1020,qual ,1,NA,NA,13088,13088,184.3000031,382.1000061,A,747560.907,4308892.711,38.89404715,-78.14556171
49,102154,1,1020,qual ,1,NA,NA,13092,13092,185.3999939,388.5,A,747561.8582,4308899.135,38.89410469,-78.14554843
51,102177,1,1020,qual ,1,1,NA,13115,13115,183.3999939,391.7000122,A,747559.7845,4308902.287,38.89413365,-78.14557118
53,102258,1,1022,qual ,1,1,NA,13195,13195,190.3000031,437.3999939,A,747565.6224,4308948.135,38.89454465,-78.14548741
54,102261,1,1022,qual ,1,1,NA,13198,13198,185.3000031,440,A,747560.5634,4308950.618,38.89456843,-78.14554478
55,102262,1,1022,qual ,1,1,NA,13199,13199,181.8000031,440,A,747557.0644,4308950.537,38.89456868,-78.14558511
56,102264,1,1022,qual ,1,1,NA,13201,13201,181.5,434.2000122,A,747556.899,4308944.732,38.89451648,-78.14558911
61,102303,1,1024,quve ,1,NA,NA,13239,13239,188.1999969,460.8999939,A,747562.9778,4308971.58,38.89475641,-78.14550942
62,102348,1,1025,qual ,1,1,NA,13284,13284,196.5,491.5,A,747570.5657,4309002.364,38.89503134,-78.14541093
63,102364,1,1025,qual ,1,1,NA,13300,13300,182.1000061,498,A,747556.0187,4309008.529,38.89509092,-78.14557624
64,102365,1,1025,litu ,1,NA,NA,13301,13301,181.1000061,493.3999939,A,747555.1257,4309003.907,38.89504957,-78.14558819
65,102371,1,1026,qual,1,NA,1,13307,13307,181.6000061,506.6000061,A,747555.3194,4309017.115,38.89516839,-78.1455812
69,102438,1,1028,litu ,1,NA,NA,13374,13374,188.5,556.5999756,A,747561.0575,4309067.261,38.89561811,-78.14549703
67,102438,2,1028,litu ,1,NA,NA,13374,33848,188.5,556.5999756,A,747561.0575,4309067.261,38.89561811,-78.14549703
75,102439,1,1028,litu ,1,NA,NA,13375,13375,184.3000031,559.5999756,A,747556.7891,4309070.163,38.89564543,-78.14554515
76,102441,1,1029,litu ,1,NA,NA,13377,13377,181.3000031,563,A,747553.711,4309073.493,38.89567626,-78.1455794
77,102442,1,1029,litu ,1,NA,NA,13378,13378,188.3999939,561.9000244,A,747560.8346,4309072.558,38.89566584,-78.14549769
78,102443,1,1029,litu ,1,NA,NA,13379,13379,184.1000061,567,A,747556.4175,4309077.556,38.89571208,-78.14554676
79,102444,1,1029,litu ,1,NA,NA,13380,13380,184.3000031,565.2999878,A,747556.6568,4309075.861,38.89569676,-78.14554462
86,102446,1,1029,litu ,1,NA,NA,13382,13382,180.5,563.7000122,A,747552.895,4309074.174,38.89568263,-78.14558855
87,102446,2,1029,litu ,1,NA,NA,13382,33849,180.5,563.7000122,A,747552.895,4309074.174,38.89568263,-78.14558855
90,102475,1,1030,litu ,1,NA,NA,13411,13411,200,594.2999878,A,747571.6798,4309105.218,38.89595674,-78.14536101
91,102501,1,1031,litu ,1,NA,NA,13437,13437,189.8000031,617.2999878,A,747560.949,4309127.975,38.89616459,-78.14547639
92,102502,1,1031,ulru ,1,NA,NA,13438,13438,180.1000061,618.5999756,A,747551.2215,4309129.05,38.896177,-78.14558804
93,102505,1,1032,ceca ,1,NA,NA,13441,13441,181.3000031,620.5999756,A,747552.3747,4309131.077,38.89619492,-78.14557402
95,102509,1,1032,quve ,1,NA,NA,13445,13445,189.6000061,620.9000244,A,747560.6655,4309131.57,38.89619702,-78.14547836
94,102509,2,1032,quve ,1,NA,NA,13445,33851,189.6000061,620.9000244,A,747560.6655,4309131.57,38.89619702,-78.14547836
112,110061,1,1101,litu ,1,1,NA,13507,13507,217,10,A,747602.2306,4308521.47,38.89069421,-78.14521965
116,110680,1,1104,litu ,1,NA,NA,14057,14057,202,66.5,A,747585.9239,4308577.606,38.89120406,-78.1453872
118,110788,1,1104,litu ,1,1,NA,14155,14155,219.8999939,71.69999695,A,747603.6984,4308583.22,38.89124958,-78.14518048
119,110791,1,1104,litu,1,1,1,14158,14158,211.3000031,70,A,747595.1402,4308581.321,38.8912349,-78.14527973
123,110798,1,1104,litu,1,NA,1,14165,14165,216,75.5,A,747599.7113,4308586.929,38.89128408,-78.14522506
128,110901,1,1105,litu ,1,1,NA,14265,14265,220,84.09999847,A,747603.5107,4308595.619,38.89136122,-78.14517817
130,110904,1,1105,quve ,1,NA,NA,14268,14268,210.8000031,83.30000305,D,747594.3318,4308594.606,38.89135469,-78.14528425
135,111014,1,1107,litu,1,NA,1,14365,14365,213.8999939,132.1999969,A,747596.2965,4308643.565,38.89179478,-78.14524397
136,111029,1,1107,litu ,1,NA,NA,14379,14379,217.1999969,139,A,747599.4378,4308650.439,38.89185577,-78.14520531
137,111030,1,1107,litu,1,1,1,14380,14380,215.1000061,139.8999939,A,747597.3175,4308651.291,38.89186403,-78.14522942
140,111032,1,1107,litu ,1,NA,NA,14382,14382,210.3000031,139,A,747592.5397,4308650.279,38.89185627,-78.14528481
139,111032,2,1107,litu ,1,NA,NA,14382,34073,210.3000031,139,A,747592.5397,4308650.279,38.89185627,-78.14528481
147,111039,1,1108,litu ,1,NA,NA,14388,14388,219.6999969,144.1000061,A,747601.8188,4308655.596,38.89190151,-78.14517603
148,111041,1,1108,quru ,1,NA,NA,14390,14390,216.5,145.6999969,A,747598.5826,4308657.121,38.89191615,-78.14521275
151,111092,1,1110,litu ,1,NA,NA,14441,14441,218.3000031,197.6999969,A,747599.1757,4308709.149,38.89238425,-78.14518716
152,111093,1,1110,litu ,1,NA,NA,14442,14442,213.3999939,196.3999939,A,747594.3072,4308707.736,38.8923729,-78.14524374
169,111292,1,1116,fram ,1,NA,NA,14635,14635,212.8000031,310.3999939,A,747591.0627,4308821.691,38.89339945,-78.14524001
171,112014,1,1117,cagl ,1,NA,NA,14747,14747,218,331.2000122,A,747595.7787,4308842.606,38.89358636,-78.14517816
172,112057,1,1117,acru ,1,NA,NA,14787,14787,208.8000031,324.2000122,A,747586.7436,4308835.395,38.893524,-78.14528481
173,112060,1,1117,fram ,1,NA,NA,14789,14789,201,327.6000061,A,747578.8668,4308838.613,38.89355519,-78.14537437
175,112118,1,1119,quru ,1,NA,NA,14845,14845,213.3000031,371.3999939,A,747590.1474,4308882.686,38.89394868,-78.14522856
176,112130,1,1119,qual ,1,NA,NA,14857,14857,217.1999969,378.2999878,A,747593.8862,4308889.675,38.89401053,-78.14518298
177,112136,1,1120,pist,1,NA,1,14862,14862,213.8999939,382.5,A,747590.4897,4308893.797,38.89404859,-78.14522061
178,112137,1,1120,qual ,1,1,NA,14863,14863,213.3999939,383.8999939,A,747589.9574,4308895.185,38.89406123,-78.14522624
179,112142,1,1120,qual,1,NA,1,14868,14868,216,383.5,A,747592.5659,4308894.846,38.89405744,-78.14519632
180,112143,1,1120,quru ,1,NA,NA,14869,14869,219.1000061,384.7000122,A,747595.6373,4308896.117,38.89406802,-78.14516049
186,112250,1,1122,pist ,1,NA,NA,14967,14967,210.8000031,438.3999939,A,747586.0937,4308949.61,38.89455216,-78.14525111
187,112252,1,1122,litu ,1,NA,NA,14969,14969,213.6000061,439.3999939,A,747588.8697,4308950.675,38.89456096,-78.14521876
190,112262,1,1123,quru ,1,1,NA,14979,14979,217.5,441.5,A,747592.72,4308952.865,38.89457959,-78.14517363
191,112316,1,1125,quve ,1,NA,NA,15032,15032,208.6999969,481,A,747583.006,4308992.15,38.8949359,-78.14527134
193,112336,1,1125,qual,1,1,1,15051,15051,217,493.7999878,A,747591.0068,4309005.139,38.89505056,-78.14517451
194,112340,1,1125,ceca ,1,NA,NA,15053,15053,220,498.5,A,747593.8969,4309009.908,38.89509266,-78.1451395
195,112342,1,1125,nysy ,1,NA,NA,15055,15055,214.1999969,496.7000122,A,747588.1403,4309007.974,38.89507687,-78.1452065
196,112350,1,1126,cagl ,1,NA,NA,15063,15063,211.6999969,505.6000061,A,747585.4345,4309016.813,38.89515719,-78.14523447
197,112354,1,1126,qual ,1,NA,NA,15067,15067,214,509.7999878,A,747587.6364,4309021.065,38.89519484,-78.14520758
200,112462,1,1128,litu ,1,NA,NA,15170,15170,214,558.7999878,A,747586.4996,4309070.052,38.89563606,-78.14520301
201,112466,1,1129,cato ,1,NA,NA,15174,15174,217.5,567.0999756,A,747589.8061,4309078.431,38.89571054,-78.1451619
202,112467,1,1129,litu ,1,NA,NA,15175,15175,219.6000061,572.5,A,747591.7803,4309083.878,38.89575901,-78.1451372
203,112480,1,1131,litu ,1,NA,NA,15187,15187,214.3999939,610.9000244,A,747585.6908,4309122.148,38.89610516,-78.14519353
204,112481,1,1131,litu ,1,NA,NA,15188,15188,214.8999939,614.4000244,A,747586.1095,4309125.658,38.89613664,-78.14518745
205,112482,1,1131,litu ,1,1,NA,15189,15189,217.8000031,615.9000244,A,747588.9739,4309127.225,38.89614994,-78.14515389
206,112485,1,1132,quve ,1,NA,NA,15192,15192,219.6000061,626.2000122,A,747590.5345,4309137.564,38.89624255,-78.14513219
207,112698,1,1128,ulru ,1,NA,NA,15205,15205,217.8999939,558.2000122,A,747590.4125,4309069.543,38.89563037,-78.14515812
210,120278,1,1201,litu ,1,NA,NA,15464,15464,225,8.600000381,A,747610.2609,4308520.256,38.89068102,-78.14512761
212,120755,1,1204,litu ,1,NA,NA,15892,15892,226.8000031,70,A,747610.636,4308581.681,38.89123376,-78.14510114
213,120777,1,1205,litu ,1,NA,NA,15911,15911,223.8000031,80.19999695,A,747607.4002,4308591.808,38.89132583,-78.14513475
214,120781,1,1205,litu ,1,1,NA,15914,15914,223,82.19999695,A,747606.554,4308593.789,38.8913439,-78.14514378
215,120790,1,1205,litu ,1,NA,NA,15923,15923,220.3999939,86.19999695,A,747603.8619,4308597.728,38.8913801,-78.14517337
226,121195,1,1211,quru ,1,1,NA,16293,16293,232.3999939,200.3999939,A,747613.2093,4308712.176,38.89240753,-78.14502445
227,121212,1,1207,litu,1,NA,1,16309,16309,232.6999969,132.5,A,747615.0845,4308644.301,38.89179611,-78.14502733
228,121221,1,1207,litu ,1,1,NA,16317,16317,221.6999969,139.3000031,A,747603.9297,4308650.844,38.89185814,-78.14515343
229,121274,1,1209,cato ,1,NA,NA,16369,16369,222.1000061,172.8999939,D,747603.5501,4308684.444,38.89216066,-78.14514569
230,121275,1,1209,qupr ,1,NA,NA,16370,16370,221.6999969,176.8999939,A,747603.0574,4308688.434,38.89219671,-78.14514993
232,121291,1,1210,qupr ,1,NA,NA,16386,16386,222.8000031,189.3999939,A,747603.8671,4308700.956,38.89230919,-78.14513608
233,121298,1,1211,nysy ,1,NA,NA,16393,16393,222.6000061,201,D,747603.398,4308712.548,38.89241365,-78.14513731
234,121301,1,1211,caovl,1,NA,1,16396,16396,221.1999969,202.5,A,747601.9636,4308714.015,38.89242726,-78.1451533
235,121305,1,1211,quru,1,1,1,16400,16400,221.1000061,211.1999969,A,747601.6618,4308722.711,38.89250561,-78.14515364
238,121358,1,1216,fram ,1,NA,NA,16451,16451,230.8999939,312,A,747609.1207,4308823.711,38.89341254,-78.14503131
239,121367,1,1216,nysy ,1,NA,NA,16460,16460,224.6000061,310.7999878,A,747602.8502,4308822.365,38.89340219,-78.14510402
240,121374,1,1216,juni ,1,NA,NA,16466,16466,220.6999969,318.5,A,747598.7726,4308829.972,38.89347181,-78.14514823
248,122005,1,1217,fram ,1,NA,NA,16542,16542,230.3000031,329.1000061,A,747608.1241,4308840.792,38.89356656,-78.14503663
249,122006,1,1217,acru ,1,NA,NA,16543,16543,229.8999939,328.2999878,A,747607.7428,4308839.983,38.89355938,-78.14504132
250,122009,1,1217,acru ,1,NA,NA,16546,16546,221.1999969,324.1000061,A,747599.1426,4308835.582,38.8935222,-78.14514195
252,122120,1,1220,qual ,1,NA,NA,16654,16654,222.6000061,380.6000061,A,747599.2314,4308892.1,38.89403085,-78.14512055
253,122121,1,1220,pist ,1,NA,NA,16655,16655,221.6000061,382.2999878,A,747598.1923,4308893.776,38.89404623,-78.14513191
255,122130,1,1219,qual ,1,1,NA,16660,16660,230.6999969,377.2999878,D,747607.4058,4308888.989,38.89400054,-78.14502752
257,122136,1,1220,quru ,1,1,NA,16665,16665,225.5,387.6000061,A,747601.9683,4308899.165,38.89409367,-78.14508648
266,122184,1,1222,pist,1,NA,1,16710,16710,222.8999939,433.8999939,A,747598.2948,4308945.392,38.89451076,-78.14511211
267,122185,1,1222,pist ,1,NA,NA,16711,16711,225.6000061,434.8999939,A,747600.9709,4308946.455,38.89451957,-78.14508091
269,122189,1,1222,qual ,1,1,NA,16715,16715,225.5,439.5,A,747600.7642,4308951.051,38.894561,-78.14508163
273,122248,1,1222,qual ,1,NA,NA,16767,16767,230.5,433.1000061,A,747605.9113,4308944.769,38.894503,-78.14502462
279,122303,1,1223,qual ,1,1,NA,16814,16814,221.8999939,448.5,A,747596.9564,4308959.965,38.8946423,-78.14512227
281,122343,1,1225,qual ,1,1,NA,16851,16851,230.6999969,494.3999939,A,747604.6892,4309006.057,38.89505496,-78.14501659
282,122347,1,1225,ulru ,1,NA,NA,16852,16852,221.3000031,498.7999878,A,747595.1896,4309010.238,38.89509526,-78.14512449
284,122427,1,1227,qual ,1,1,NA,16878,16878,237,535.5999756,A,747610.0317,4309047.392,38.89542548,-78.14494016
285,122439,1,1228,cagl ,1,NA,NA,16889,16889,232.6000061,553,A,747605.2292,4309064.685,38.89558248,-78.14498923
286,122450,1,1225,ulru ,1,NA,NA,31862,44444,223,499.1,A,747596.9,4309011,38.8951,-78.1451
287,122452,1,1226,fram ,1,NA,NA,16901,16901,225.6999969,502.3999939,A,747599.5049,4309013.939,38.89512736,-78.14507346
288,122455,1,1226,qual ,1,NA,NA,16904,16904,232,504.2000122,A,747605.7615,4309015.885,38.89514311,-78.1450007
289,122458,1,1226,cagl ,1,NA,NA,16907,16907,224.6000061,504.8999939,A,747598.3472,4309016.413,38.89514995,-78.1450859
291,122482,1,1228,litu ,1,1,NA,16931,16931,234.5,542.4000244,A,747607.3746,4309054.132,38.89548689,-78.14496833
292,122486,1,1228,litu ,1,NA,NA,16935,16935,222.6999969,557,A,747595.2391,4309068.455,38.89561922,-78.14510293
294,122489,1,1229,cagl ,1,NA,NA,16938,16938,222.8000031,564.2999878,A,747595.1697,4309075.755,38.89568494,-78.14510109
293,122489,2,1229,cagl ,1,NA,NA,16938,34433,222.8000031,564.2999878,A,747595.1697,4309075.755,38.89568494,-78.14510109
295,122490,1,1229,quru ,1,NA,NA,16939,16939,228.8999939,564.2000122,A,747601.2703,4309075.796,38.8956836,-78.14503082
296,122492,1,1229,litu ,1,NA,NA,16941,16941,222.5,571.5,A,747594.7027,4309082.946,38.8957498,-78.14510388
298,122522,1,1232,litu ,1,NA,NA,16969,16969,223.3999939,637.4000244,A,747594.0736,4309148.849,38.89634312,-78.14508736
300,122561,1,1231,litu ,1,NA,NA,16983,16983,220,610.5,A,747591.2986,4309121.878,38.89610115,-78.14512904
301,122563,1,1232,litu ,1,NA,NA,16985,16985,221.6000061,623.7000122,A,747592.592,4309135.111,38.89621989,-78.14510938
302,122563,2,1232,litu ,1,NA,NA,16985,34435,221.6000061,623.7000122,A,747592.592,4309135.111,38.89621989,-78.14510938
316,130348,1,1302,litu ,1,NA,NA,17329,17329,259.8999939,21.89999962,A,747644.843,4308534.362,38.89079824,-78.14472426
321,130718,1,1306,litu ,1,NA,NA,17666,17666,247.3000031,111.3000031,A,747630.1724,4308623.445,38.89160415,-78.14486109
322,130718,2,1306,litu ,1,NA,NA,17666,34566,247.3000031,111.3000031,A,747630.1724,4308623.445,38.89160415,-78.14486109
318,130718,3,1306,litu ,1,NA,NA,17666,37784,247.3000031,111.3000031,A,747630.1724,4308623.445,38.89160415,-78.14486109
320,130718,4,1306,litu ,1,NA,NA,17666,42195,247.3000031,111.3000031,A,747630.1724,4308623.445,38.89160415,-78.14486109
319,130718,5,1306,litu ,1,NA,NA,17666,42196,247.3000031,111.3000031,A,747630.1724,4308623.445,38.89160415,-78.14486109
324,130838,1,1305,litu ,1,1,NA,17779,17779,252.1999969,81,A,747635.774,4308593.267,38.89133096,-78.14480746
328,131009,1,1308,quve,1,NA,1,17936,17936,253.8999939,140.6999969,A,747636.0885,4308652.99,38.8918684,-78.1447823
334,131086,1,1310,quru ,1,NA,NA,18012,18012,258.1000061,195.5,A,747639.0161,4308707.873,38.89236154,-78.14472879
335,131087,1,1310,quru,1,1,1,18013,18013,257.2999878,197.8000031,A,747638.1629,4308710.154,38.89238231,-78.1447378
337,131092,1,1311,litu ,1,NA,NA,18018,18018,253.1000061,202.6999969,A,747633.8504,4308714.955,38.89242673,-78.14478573
338,131096,1,1311,litu ,1,NA,NA,18022,18022,259,204.6999969,A,747639.7024,4308717.092,38.89244431,-78.14471756
343,131188,1,1313,litu ,1,NA,NA,18113,18113,250,255.3000031,A,747629.5309,4308767.469,38.89290059,-78.14481654
345,131227,1,1313,litu ,1,NA,NA,18152,18152,257.3999939,253.6999969,A,747636.9661,4308766.041,38.89288565,-78.14473142
346,131232,1,1313,litu ,1,NA,NA,18157,18157,254.3999939,259.2000122,A,747633.8393,4308771.47,38.89293539,-78.14476548
347,131233,1,1313,litu ,1,NA,NA,18158,18158,258.2999878,259.6000061,A,747637.7289,4308771.961,38.89293871,-78.1447205
348,131238,1,1314,caco ,1,NA,NA,18163,18163,253.6000061,267.5,A,747632.8469,4308779.749,38.89301018,-78.14477392
349,131239,1,1314,quru ,1,1,NA,18164,18164,259.5,265.7000122,A,747638.7871,4308778.087,38.89299355,-78.14470611
350,131272,1,1315,fram ,1,NA,NA,18195,18195,258.5,282.2000122,A,747637.4046,4308794.559,38.89314219,-78.14471609
354,131364,1,1316,acru ,1,NA,NA,18286,18286,252,312.8999939,A,747630.1941,4308825.1,38.8934191,-78.14478811
357,132028,1,1317,fram ,1,NA,NA,18369,18369,257,326.7000122,A,747634.8726,4308839.012,38.893543,-78.14472922
358,132077,1,1319,qual ,1,1,NA,18414,18414,249.8999939,375.8999939,A,747626.6331,4308888.034,38.89398653,-78.14480643
359,132171,1,1320,litu ,1,NA,NA,18501,18501,253.6999969,386.7000122,A,747630.1815,4308898.92,38.8940835,-78.14476164
368,132302,1,1321,quru ,1,NA,NA,18624,18624,253,414.4,A,747628.8,4308927,38.89433,-78.14477
369,132311,1,1322,qual ,1,NA,NA,18633,18633,252.9,434.2,A,747628.3,4308946,38.89451,-78.14477
370,132321,1,1323,quru ,1,NA,NA,18643,18643,257.6,441,A,747632.8,4308953,38.89457,-78.14471
371,132371,1,1325,quru ,1,NA,NA,18692,18692,259.9,492.9,A,747633.9,4309005,38.89504,-78.14468
374,132508,1,1328,quve ,1,NA,NA,18801,18801,258.6,553.9,A,747631.2,4309066,38.89559,-78.14469
375,132512,1,1328,juni ,1,NA,NA,18805,18805,251.2,558.4,A,747623.7,4309071,38.89563,-78.14477
376,132524,1,1329,litu ,1,NA,NA,18817,18817,258.4,560.4,A,747630.9,4309073,38.89565,-78.14469
377,132525,1,1329,fram ,1,NA,1,18818,18818,260,561.2,A,747632.4,4309074,38.89565,-78.14467
378,132529,1,1329,litu ,1,NA,NA,18822,18822,256.6,573.2,A,747628.8,4309085,38.89576,-78.14471
380,132539,1,1331,litu ,1,1,NA,18832,18832,255,615.9,A,747626.2,4309128,38.89615,-78.14473
381,132542,1,1332,quve,1,NA,1,18835,18835,255.4,622.9,A,747626.4,4309135,38.89621,-78.14472
382,132545,1,1332,litu ,1,NA,NA,18838,18838,249.5,631.2,A,747620.3,4309143,38.89629,-78.14479
383,140270,1,1401,ulru ,1,NA,NA,19102,19102,260.3,18.3,D,747645.3,4308531,38.89077,-78.14472
386,140467,1,1404,quve ,1,NA,NA,19280,19280,262.1,78.5,A,747645.7,4308591,38.89131,-78.14469
387,140609,1,1403,litu ,1,NA,NA,19411,19411,264.3,43.6,A,747648.7,4308556,38.89099,-78.14467
388,140646,1,1405,litu ,1,NA,NA,19443,19443,261,88.3,A,747644.4,4308601,38.8914,-78.14471
391,140736,1,1407,quve,1,NA,1,19530,19530,262.4,133.6,A,747644.8,4308646,38.8918,-78.14469
392,140751,1,1408,quru ,1,1,NA,19542,19542,269.9,141.5,A,747652.1,4308654,38.89187,-78.1446
393,140756,1,1408,quve,1,NA,1,19547,19547,261.3,146.2,A,747643.4,4308659,38.89192,-78.1447
397,140813,1,1410,litu ,1,NA,NA,19601,19601,268.3,191.2,A,747649.3,4308704,38.89232,-78.14461
398,140818,1,1410,litu ,1,NA,NA,19606,19606,262.3,199.2,A,747643.1,4308712,38.89239,-78.14468
399,140819,1,1411,litu ,1,NA,NA,19607,19607,261.6,201.5,A,747642.4,4308714,38.89242,-78.14469
400,140820,1,1411,litu ,1,NA,NA,19608,19608,262.5,201.5,A,747643.3,4308714,38.89242,-78.14468
401,140821,1,1411,litu ,1,NA,NA,19609,19609,264.6,200.4,A,747645.4,4308713,38.89241,-78.14465
402,140825,1,1411,litu ,1,1,NA,19613,19613,268,205.9,A,747648.7,4308719,38.89245,-78.14461
403,140829,1,1411,litu ,1,NA,NA,19617,19617,260.6,204.9,A,747641.3,4308717,38.89245,-78.1447
404,140833,1,1411,litu ,1,NA,NA,19621,19621,265.6,209.5,A,747646.2,4308722,38.89249,-78.14464
405,140872,1,1413,litu ,1,NA,NA,19659,19659,266.1,254.9,A,747645.6,4308767,38.8929,-78.14463
413,141146,1,1416,caco ,1,NA,NA,19910,19910,262.5,318.5,A,747640.6,4308831,38.89347,-78.14467
417,142113,1,1417,cagl ,1,NA,NA,20076,20076,263,325,A,747640.9,4308837,38.89353,-78.14466
419,142206,1,1419,fram ,1,NA,NA,20160,20160,278.5,376.5,A,747655.2,4308889,38.89399,-78.14448
423,142380,1,1425,qual ,1,1,NA,20329,20329,266.8,493.1,A,747640.8,4309006,38.89504,-78.1446
426,142521,1,1422,pist,1,NA,1,20457,20457,266.4,431.1,A,747641.8,4308944,38.89448,-78.14461
427,142527,1,1422,cagl ,1,NA,NA,20461,20461,261.9,438.4,A,747637.2,4308951,38.89455,-78.14466
431,142568,1,1425,quve,1,NA,1,20501,20501,260.9,498.8,A,747634.8,4309011,38.89509,-78.14467
432,142575,1,1426,quve,1,NA,1,20508,20508,261.8,506.4,A,747635.5,4309019,38.89516,-78.14466
435,142656,1,1431,litu ,1,NA,NA,20580,20580,272.4,612.8,A,747643.6,4309125,38.89612,-78.14453
437,142708,1,1429,juni ,1,NA,NA,20599,20599,264.3,566.2,A,747636.6,4309079,38.8957,-78.14462
438,142727,1,1431,litu ,1,NA,NA,20618,20618,261.7,608.2,A,747633,4309121,38.89608,-78.14465
439,142729,1,1431,litu ,1,1,NA,20620,20620,264.7,614.7,A,747635.9,4309127,38.89614,-78.14461
440,142730,1,1431,litu ,1,NA,NA,20621,20621,269.9,614.7,A,747641.1,4309127,38.89614,-78.14455
441,142731,1,1432,litu ,1,NA,NA,20622,20622,268.2,622.3,A,747639.2,4309135,38.8962,-78.14457
442,142732,1,1432,cagl ,1,NA,NA,20623,20623,261.6,621.2,A,747632.6,4309134,38.89619,-78.14465
443,142733,1,1432,litu ,1,NA,NA,20624,20624,260.5,625.4,A,747631.4,4309138,38.89623,-78.14466
444,142735,1,1432,qual ,1,NA,NA,20626,20626,265.4,629.6,A,747636.2,4309142,38.89627,-78.1446
445,143707,1,1426,cagl ,1,NA,NA,33781,46862,260.9,501.6,A,747634.7,4309014,38.89512,-78.14467
447,150756,1,1503,quve ,1,NA,NA,21310,21310,293.6,56.3,A,747677.7,4308570,38.89111,-78.14433
450,150830,1,1508,litu ,1,NA,NA,21374,21374,294.6,156.6,A,747676.4,4308670,38.89201,-78.14431
469,152153,1,1520,ploc ,1,NA,NA,21906,21906,286.8,380.3,A,747663.4,4308893,38.89402,-78.14438
480,152673,1,1530,litu ,1,NA,NA,22390,22390,283.6,598.8,A,747655.2,4309112,38.89599,-78.1444
481,152701,1,1531,litu ,1,NA,NA,22417,22417,291.3,615.7,A,747662.5,4309129,38.89614,-78.14431
486,160713,1,1603,litu ,1,NA,NA,23030,23030,310.4,53.7,A,747694.6,4308567,38.89108,-78.14414
487,160742,1,1605,litu ,1,NA,NA,23054,23054,319.3,86.6,A,747702.7,4308600,38.89138,-78.14403
490,160862,1,1614,ploc ,1,NA,NA,23171,23171,312.4,275.2,A,747691.5,4308789,38.89308,-78.1441
491,160910,1,1607,litu ,1,1,NA,23183,23183,308.6,121.1,A,747691.2,4308635,38.89169,-78.14415
496,160985,1,1612,litu ,1,1,NA,23254,23254,301.2,237.2,A,747681.1,4308751,38.89273,-78.14423
505,162293,1,1623,qual ,1,NA,NA,23639,23639,303,449.4,A,747678,4308963,38.89464,-78.14419
515,162439,1,1627,quru ,1,1,NA,23778,23778,316.3,520.3,A,747689.7,4309034,38.89528,-78.14403
519,162503,1,1624,quve ,1,NA,NA,23838,23838,301.3,472.3,A,747675.8,4308986,38.89485,-78.14421
520,162543,1,1627,qual ,1,1,NA,23878,23878,307.5,536.6,A,747680.5,4309050,38.89543,-78.14413
525,170175,1,1702,litu ,1,NA,NA,24116,24116,324.7,21.6,A,747709.6,4308536,38.89079,-78.14398
526,170992,1,1704,litu ,1,NA,NA,24845,24845,332.2,75.2,A,747715.9,4308589,38.89127,-78.14389
527,170994,1,1704,litu ,1,NA,1,24846,24846,338.4,76.1,A,747722.1,4308590,38.89128,-78.14381
528,171000,1,1705,rops ,1,NA,NA,24851,24851,336.8,80.6,A,747720.4,4308595,38.89132,-78.14383
529,171127,1,1705,litu ,1,NA,NA,24962,24962,329.3,81.8,A,747712.8,4308596,38.89133,-78.14392
533,171247,1,1707,saal ,1,NA,NA,25073,25073,335.4,135.9,A,747717.7,4308650,38.89182,-78.14384
534,171254,1,1708,litu ,1,NA,NA,25080,25080,335.3,143.4,A,747717.4,4308658,38.89189,-78.14384
535,171257,1,1708,litu ,1,NA,NA,25083,25083,332.2,144.5,A,747714.3,4308659,38.8919,-78.14388
536,171262,1,1708,litu ,1,NA,NA,25088,25088,335.9,148.2,A,747717.9,4308662,38.89193,-78.14384
538,171314,1,1712,quru ,1,NA,NA,25139,25139,330,239.5,A,747709.9,4308754,38.89275,-78.1439
539,171348,1,1714,ceca ,1,NA,NA,25171,25171,339.4,262.4,A,747718.7,4308777,38.89296,-78.14379
540,171358,1,1714,fram ,1,NA,1,25179,25179,336,274.1,A,747715.1,4308788,38.89306,-78.14382
543,171456,1,1714,acru ,1,NA,NA,25273,25273,320.8,273.4,A,747699.9,4308787,38.89306,-78.144
544,171462,1,1715,qual ,1,NA,NA,25278,25278,327.9,287.5,A,747706.7,4308801,38.89318,-78.14392
545,171505,1,1716,litu ,1,NA,NA,25303,25303,334.1,312.4,A,747712.3,4308827,38.89341,-78.14384
546,171506,1,1716,litu ,1,NA,NA,25304,25304,332,312.9,A,747710.2,4308827,38.89341,-78.14387
551,172154,1,1723,fram ,1,NA,NA,25460,25460,329.6,441.6,A,747704.8,4308956,38.89457,-78.14388
553,172201,1,1717,cagl ,1,NA,NA,25503,25503,339.5,321.2,A,747717.5,4308835,38.89349,-78.14378
554,172202,1,1717,quru ,1,1,1,25504,25504,337.1,321.8,A,747715.1,4308836,38.89349,-78.14381
555,172203,1,1717,qual ,1,1,NA,25505,25505,335.5,320.3,A,747713.5,4308834,38.89348,-78.14383
556,172205,1,1717,qual ,1,NA,NA,25507,25507,336.1,323.5,A,747714,4308838,38.89351,-78.14382
561,172248,1,1719,cato ,1,NA,NA,25549,25549,339.2,379.3,A,747715.8,4308894,38.89401,-78.14378
562,172255,1,1720,qual ,1,1,NA,25555,25555,329.9,381.3,A,747706.5,4308895,38.89403,-78.14388
563,172260,1,1720,qupr ,1,NA,NA,25559,25559,339.4,385.1,A,747715.9,4308899,38.89406,-78.14377
564,172365,1,1722,ulru ,1,NA,NA,25659,25659,339.1,437.6,D,747714.4,4308952,38.89454,-78.14377
565,172372,1,1723,ulru ,1,NA,NA,25665,25665,335.4,445.6,D,747710.5,4308960,38.89461,-78.14381
566,172382,1,1723,juni ,1,NA,NA,25675,25675,338.2,454.9,A,747713.1,4308969,38.89469,-78.14378
567,172416,1,1725,nysy ,1,NA,NA,25708,25708,339.9,495.6,A,747713.8,4309010,38.89506,-78.14376
568,172417,1,1725,nysy ,1,NA,NA,25709,25709,340,498.4,A,747713.9,4309013,38.89508,-78.14376
569,172418,1,1725,nysy ,1,NA,NA,25710,25710,340,499.5,A,747713.8,4309014,38.89509,-78.14376
570,172421,1,1725,cagl ,1,NA,NA,25712,25712,334.7,500,A,747708.5,4309014,38.8951,-78.14382
571,172423,1,1726,litu ,1,NA,NA,25714,25714,338.4,501.6,A,747712.2,4309016,38.89511,-78.14377
573,172470,1,1728,quru ,1,1,NA,25755,25755,331.1,552,A,747703.7,4309066,38.89557,-78.14385
574,172472,1,1728,fram ,1,NA,NA,25757,25757,339.1,559.3,A,747711.6,4309073,38.89563,-78.14376
576,172499,1,1730,qual ,1,1,NA,25783,25783,337,583.1,A,747708.9,4309097,38.89585,-78.14378
577,172509,1,1726,quru ,1,NA,NA,25793,25793,327.3,512.2,D,747700.9,4309026,38.89521,-78.1439
580,172556,1,1729,litu ,1,NA,NA,25837,25837,325.1,563.9,A,747697.5,4309078,38.89567,-78.14392
583,172587,1,1731,fram ,1,NA,NA,25867,25867,330.4,615.4,A,747701.6,4309129,38.89614,-78.14386
584,172624,1,1731,litu ,1,NA,NA,25900,25900,337.1,614.5,A,747708.3,4309129,38.89613,-78.14378
586,172624,2,1731,litu ,1,NA,NA,25900,42992,337.1,614.5,A,747708.3,4309129,38.89613,-78.14378
585,172624,3,1731,litu ,1,NA,NA,25900,42993,337.1,614.5,A,747708.3,4309129,38.89613,-78.14378
587,172626,1,1731,fram ,1,NA,NA,25902,25902,332.5,615.7,A,747703.6,4309130,38.89614,-78.14383
589,180235,1,1802,litu ,1,NA,NA,26127,26127,351,24.6,A,747735.9,4308539,38.89082,-78.14367
591,180654,1,1805,litu ,1,NA,NA,26485,26485,346,80.3,A,747729.6,4308595,38.89132,-78.14373
592,180691,1,1807,litu ,1,NA,NA,26520,26520,346.2,137.3,A,747728.4,4308652,38.89183,-78.14372
593,180728,1,1804,litu ,1,NA,NA,26552,26552,343.1,72.7,A,747726.8,4308587,38.89125,-78.14376
597,180903,1,1808,litu ,1,NA,NA,26694,26694,344.8,142.3,A,747726.9,4308657,38.89188,-78.14373
598,180904,1,1808,litu ,1,NA,NA,26695,26695,342.8,146.5,A,747724.8,4308661,38.89191,-78.14376
603,180984,1,1813,litu ,1,NA,NA,26774,26774,344,251.8,A,747723.6,4308766,38.89286,-78.14373
604,180984,2,1813,litu ,1,NA,NA,26774,35965,344,251.8,D,747723.6,4308766,38.89286,-78.14373
607,180988,1,1813,acru ,1,NA,NA,26777,26777,343.3,259.5,A,747722.7,4308774,38.89293,-78.14374
605,180988,2,1813,acru ,1,NA,NA,26777,35967,343.3,259.5,A,747722.7,4308774,38.89293,-78.14374
606,180988,3,1813,acru ,1,NA,NA,26777,38155,343.3,259.5,A,747722.7,4308774,38.89293,-78.14374
608,180991,1,1814,ploc ,1,NA,NA,26779,26779,341.5,266.7,A,747720.7,4308781,38.893,-78.14376
610,181030,1,1816,qual ,1,1,NA,26817,26817,345.4,310.6,A,747723.6,4308825,38.89339,-78.14371
611,181033,1,1816,litu ,1,NA,NA,26820,26820,343.4,318.6,A,747721.4,4308833,38.89346,-78.14373
617,182161,1,1822,fram ,1,NA,NA,27072,27072,356.8,423.2,A,747732.4,4308938,38.8944,-78.14357
618,182207,1,1817,qual ,1,NA,NA,27118,27118,345.6,331.2,A,747723.3,4308846,38.89358,-78.14371
619,182208,1,1817,quru ,1,NA,NA,27119,27119,344,330.1,A,747721.8,4308844,38.89357,-78.14373
620,182248,1,1820,nysy ,1,NA,NA,27159,27159,340.2,381.2,A,747716.8,4308895,38.89403,-78.14377
623,182376,1,1823,ploc ,1,NA,NA,27286,27286,342.9,452.6,A,747717.8,4308967,38.89467,-78.14373
625,182451,1,1829,fram ,1,NA,NA,27358,27358,341.3,561.4,A,747713.7,4309076,38.89565,-78.14374
627,182491,1,1831,litu ,1,NA,NA,27397,27397,347.6,607.9,A,747718.9,4309122,38.89607,-78.14366
628,182498,1,1831,fram ,1,NA,NA,27403,27403,340.9,618.3,A,747712,4309132,38.89616,-78.14374
630,182681,1,1829,litu ,1,NA,NA,27575,27575,353,561,A,747725.4,4309075,38.89565,-78.1436
633,182693,1,1830,litu ,1,NA,NA,27584,27584,355.3,593.2,A,747727,4309108,38.89594,-78.14357
637,190065,1,1902,litu ,1,NA,NA,27684,27684,378.8,20.4,A,747763.7,4308536,38.89078,-78.14335
638,190067,1,1902,litu ,1,1,NA,27685,27685,379,22.2,A,747763.9,4308537,38.89079,-78.14335
639,190071,1,1902,litu ,1,NA,NA,27689,27689,380,24.3,A,747764.9,4308540,38.89081,-78.14334
643,190115,1,1902,litu ,1,NA,NA,27723,27723,364.8,38.6,A,747749.3,4308553,38.89094,-78.14351
644,190413,1,1904,litu ,1,1,NA,28001,28001,374.7,65.6,A,747758.6,4308581,38.89118,-78.1434
645,190426,1,1904,litu ,1,NA,NA,28014,28014,371,76,A,747754.7,4308591,38.89128,-78.14344
646,190429,1,1904,litu ,1,NA,NA,28017,28017,372.5,79.1,A,747756.1,4308594,38.89131,-78.14342
651,190568,1,1912,juni ,1,NA,NA,28141,28141,362.6,238.8,A,747742.5,4308754,38.89274,-78.14352
653,190655,1,1907,litu ,1,NA,NA,28220,28220,372.9,136.1,A,747755.2,4308651,38.89182,-78.14341
654,190658,1,1907,litu ,1,NA,NA,28222,28222,370.6,136.7,A,747752.8,4308652,38.89182,-78.14344
655,190670,1,1908,litu ,1,NA,NA,28234,28234,368,143.2,A,747750.1,4308658,38.89188,-78.14347
656,190694,1,1909,quru ,1,1,NA,28251,28251,378.2,174.7,A,747759.6,4308690,38.89217,-78.14335
659,190793,1,1914,litu ,1,NA,NA,28335,28335,372.2,261.3,A,747751.6,4308776,38.89295,-78.14341
660,190794,1,1914,quru ,1,NA,NA,28336,28336,370.6,261.4,A,747750,4308776,38.89295,-78.14343
661,190798,1,1914,cagl ,1,NA,NA,28340,28340,372.5,268.4,A,747751.7,4308783,38.89301,-78.1434
664,190834,1,1916,quve ,1,NA,NA,28374,28374,379.1,314,D,747757.2,4308829,38.89342,-78.14332
665,190835,1,1916,litu ,1,NA,NA,28375,28375,380,315.4,A,747758.1,4308831,38.89343,-78.14331
666,190838,1,1916,quru ,1,1,NA,28377,28377,379.1,319.7,A,747757.1,4308835,38.89347,-78.14332
667,190840,1,1916,litu ,1,NA,NA,28379,28379,375,317.2,A,747753.1,4308832,38.89345,-78.14337
670,190935,1,1916,quru ,1,NA,NA,28426,28426,369.4,317.1,A,747747.5,4308832,38.89345,-78.14344
671,192008,1,1917,qual ,1,NA,NA,28434,28434,372,322,A,747750,4308837,38.89349,-78.1434
673,192055,1,1919,qual ,1,NA,NA,28478,28478,374.8,370.1,A,747751.6,4308885,38.89393,-78.14337
674,192062,1,1920,qupr ,1,NA,NA,28485,28485,374.4,390.1,A,747750.8,4308905,38.89411,-78.14337
675,192064,1,1920,qupr ,1,NA,NA,28487,28487,378,391.7,A,747754.3,4308907,38.89412,-78.14333
681,192110,1,1922,cato ,1,NA,NA,28531,28531,378.4,436.7,A,747753.7,4308952,38.89452,-78.14332
686,192133,1,1923,caovl ,1,NA,NA,28553,28553,371.7,442.3,A,747746.9,4308957,38.89458,-78.1434
690,192244,1,1919,qual ,1,1,NA,28661,28661,378.1,376.8,A,747754.8,4308892,38.89399,-78.14333
692,192437,1,1925,litu ,1,1,NA,28848,28848,377,491.5,A,747751,4309007,38.89502,-78.14333
693,192466,1,1926,quru ,1,1,NA,28877,28877,373.3,501.7,A,747747.1,4309017,38.89511,-78.14337
694,192484,1,1926,quru ,1,1,NA,28895,28895,377.4,511.2,A,747751,4309026,38.8952,-78.14332
695,192527,1,1928,litu ,1,NA,NA,28934,28934,371.9,545,A,747744.7,4309060,38.8955,-78.14338
696,192528,1,1928,litu ,1,NA,NA,28935,28935,372.4,549.7,A,747745.1,4309065,38.89554,-78.14338
697,192532,1,1928,fagr ,1,NA,NA,28939,28939,379.2,558.1,A,747751.7,4309073,38.89562,-78.1433
698,192533,1,1928,litu ,1,NA,NA,28940,28940,378.4,557.2,A,747750.9,4309072,38.89561,-78.14331
699,192534,1,1928,litu ,1,NA,NA,28941,28941,373.3,557.4,A,747745.8,4309072,38.89561,-78.14337
700,192542,1,1929,litu ,1,1,NA,28948,28948,378.9,563.8,A,747751.2,4309079,38.89567,-78.1433
701,192543,1,1929,litu ,1,NA,NA,28949,28949,374.9,564.4,A,747747.2,4309079,38.89567,-78.14335
702,192544,1,1929,litu ,1,1,NA,28950,28950,374.4,561.8,A,747746.8,4309077,38.89565,-78.14335
703,192546,1,1929,litu ,1,NA,NA,28952,28952,377.4,567.3,A,747749.7,4309082,38.8957,-78.14332
704,192548,1,1929,litu ,1,NA,NA,28954,28954,375.3,571.3,A,747747.5,4309086,38.89574,-78.14334
706,192560,1,1930,qual ,1,1,NA,28965,28965,372.9,599.5,A,747744.4,4309114,38.89599,-78.14337
708,192570,1,1931,fram ,1,NA,NA,28974,28974,376.4,616.3,A,747747.5,4309131,38.89614,-78.14333
713,192619,1,1926,quru ,1,1,NA,29017,29017,372.6,508.5,A,747746.2,4309023,38.89517,-78.14338
716,192674,1,1929,litu ,1,NA,NA,29069,29069,369.5,562.8,A,747741.9,4309078,38.89566,-78.14341
721,200038,1,2001,litu ,1,NA,1,29145,29145,383.6,9.6,A,747768.8,4308525,38.89068,-78.1433
723,200038,2,2001,litu ,1,NA,1,29145,36227,383.6,9.6,A,747768.8,4308525,38.89068,-78.1433
722,200038,3,2001,litu ,1,NA,1,29145,43447,383.6,9.6,A,747768.8,4308525,38.89068,-78.1433
732,200142,1,2002,litu ,1,1,NA,29241,29241,381.3,23.5,A,747766.2,4308539,38.8908,-78.14333
733,200151,1,2002,litu ,1,NA,NA,29250,29250,386.9,24,A,747771.8,4308539,38.89081,-78.14326
738,200547,1,2005,litu ,1,NA,NA,29606,29606,382.6,81.1,A,747766.1,4308596,38.89132,-78.14331
739,200551,1,2005,litu ,1,1,NA,29610,29610,381,85.3,A,747764.4,4308601,38.89136,-78.14332
740,200553,1,2005,litu ,1,NA,NA,29612,29612,381.2,88.1,A,747764.6,4308603,38.89139,-78.14332
741,200577,1,2007,juni,1,NA,1,29636,29636,386.1,129.6,A,747768.5,4308645,38.89176,-78.14326
743,200586,1,2007,juni ,1,NA,NA,29644,29644,382,133.9,A,747764.3,4308649,38.8918,-78.14331
744,200613,1,2004,litu ,1,NA,NA,29668,29668,390.1,76.2,A,747773.7,4308592,38.89128,-78.14322
745,200676,1,2008,litu ,1,NA,NA,29730,29730,392.2,146.9,A,747774.2,4308662,38.89191,-78.14319
746,200812,1,2008,juni ,1,NA,NA,29859,29859,388,141.2,A,747770.1,4308657,38.89186,-78.14324
747,200812,2,2008,juni ,1,NA,NA,29859,36340,388,141.2,D,747770.1,4308657,38.89186,-78.14324
748,200818,1,2008,litu ,1,NA,NA,29865,29865,384.4,143.9,A,747766.5,4308659,38.89189,-78.14328
749,200822,1,2008,litu ,1,NA,NA,29869,29869,385.6,150.3,A,747767.5,4308666,38.89195,-78.14326
751,201207,1,2012,litu ,1,NA,NA,30211,30211,390,237.3,A,747769.9,4308753,38.89273,-78.14321
752,201248,1,2013,fram,1,NA,1,30243,30243,387.8,244.6,A,747767.5,4308760,38.89279,-78.14323
753,201252,1,2013,caco ,1,NA,NA,30247,30247,380.3,253.7,D,747759.8,4308769,38.89288,-78.14332
754,201261,1,2013,juni,1,NA,1,30255,30255,380.3,257.3,A,747759.7,4308772,38.89291,-78.14332
755,201263,1,2013,ulru ,1,NA,NA,30257,30257,384.6,259.1,D,747764,4308774,38.89292,-78.14327
756,201264,1,2014,litu ,1,NA,NA,30258,30258,380.3,266.8,A,747759.5,4308782,38.89299,-78.14331
757,201274,1,2014,litu ,1,NA,NA,30267,30267,385.3,268.9,A,747764.5,4308784,38.89301,-78.14326
758,201278,1,2014,litu ,1,NA,NA,30270,30270,382.2,271.8,A,747761.3,4308787,38.89304,-78.14329
759,201279,1,2014,quru ,1,NA,NA,30271,30271,381.9,273,A,747761,4308788,38.89305,-78.1433
761,201432,1,2016,quve ,1,NA,NA,30376,30376,380.3,312.5,A,747758.5,4308828,38.89341,-78.14331
762,201441,1,2016,litu ,1,NA,NA,30385,30385,391.8,319.2,A,747769.8,4308835,38.89347,-78.14318
767,202050,1,2019,qual ,1,NA,NA,30435,30435,389.2,374.5,A,747765.9,4308890,38.89396,-78.1432
768,202072,1,2020,qual ,1,1,NA,30457,30457,382.1,390.8,A,747758.5,4308906,38.89411,-78.14328
770,202118,1,2023,quve ,1,NA,NA,30503,30503,392.8,443.5,A,747767.9,4308959,38.89458,-78.14315
777,202201,1,2017,cato ,1,NA,NA,30581,30581,383.2,321.1,A,747761.2,4308836,38.89348,-78.14328
778,202203,1,2017,quru ,1,NA,NA,30583,30583,389.2,321.4,A,747767.2,4308837,38.89349,-78.14321
779,202212,1,2017,quve ,1,NA,NA,30592,30592,384.3,329.5,A,747762.1,4308845,38.89356,-78.14326
780,202215,1,2017,qual ,1,1,NA,30595,30595,385.5,331.7,A,747763.2,4308847,38.89358,-78.14325
783,202283,1,2020,litu ,1,NA,NA,30656,30656,384.5,382.9,A,747761,4308898,38.89404,-78.14325
785,202336,1,2022,cagl ,1,NA,NA,30709,30709,383,430.7,A,747758.4,4308946,38.89447,-78.14327
786,202337,1,2023,cagl ,1,NA,NA,30710,30710,381,440.2,A,747756.2,4308955,38.89456,-78.14329
789,202444,1,2025,litu ,1,NA,NA,30813,30813,380.9,492.5,A,747754.9,4309008,38.89503,-78.14329
790,202449,1,2026,litu ,1,NA,NA,30818,30818,380,501,A,747753.8,4309016,38.8951,-78.1433
793,202536,1,2028,fram,1,NA,1,30898,30898,389.5,553.3,A,747762.1,4309069,38.89557,-78.14318
794,202541,1,2028,fram ,1,NA,NA,30903,30903,382.5,555,A,747755,4309070,38.89559,-78.14326
795,202543,1,2028,litu ,1,NA,NA,30905,30905,380.5,555.6,A,747753,4309071,38.8956,-78.14328
796,202545,1,2029,litu ,1,NA,NA,30907,30907,384.5,562.6,A,747756.9,4309078,38.89566,-78.14324
797,202550,1,2029,litu ,1,NA,NA,30912,30912,382.1,570.7,A,747754.3,4309086,38.89573,-78.14326
798,202581,1,2031,fram ,1,NA,NA,30938,30938,382.4,616.7,A,747753.5,4309132,38.89615,-78.14326
799,202584,1,2031,fram ,1,NA,NA,30940,30940,382.7,619.3,D,747753.8,4309134,38.89617,-78.14325
800,202585,1,2032,juni,1,NA,1,30941,30941,381,624.8,A,747751.9,4309140,38.89622,-78.14327
801,202586,1,2032,fram ,1,NA,NA,30942,30942,384.2,625.3,A,747755.1,4309140,38.89622,-78.14324
802,202671,1,2025,litu ,1,NA,NA,31024,31024,381.2,497.4,A,747755.1,4309013,38.89507,-78.14328
806,202971,1,2032,fram ,1,NA,NA,31191,31191,385.6,630.2,A,747756.4,4309145,38.89627,-78.14322
