tag,StemTag,sp,dbh,quadrat,lx,ly,area,location,previous_measure,measure,measure_verified,new.band,codes,notes,field.recorders,data.enter,survey.ID,year,month,day
100771,1,quru,1020,1005,8.5,17,2,South,118.91,123.01,,,,,Jessica Shue,Iris Kennedy,2026.12,2026,9,25
100905,1,litu,693,1008,10,1.6,2,South,71.35,72.84,,,,,Jessica Shue,Iris Kennedy,2026.12,2026,9,25
101008,1,tiam,190,1006,4.2,11.6,2,South,44.85,45.15,,,,,Jessica Shue,Iris Kennedy,2026.12,2026,9,25
101223,1,qupr,694,1013,9.4,17.8,3,South,110.15,110.79,,,,,Iris Kennedy,Iris Kennedy,2026.12,2026,9,25
102148,1,cato,253,1019,2,15.4,5,North,28.76,28.8,,,,,Iris Kennedy,Iris Kennedy,2026.12,2026,10,5
102264,1,qual,404,1022,1.5,14.2,5,North,76.5,77.14,,,,,Iris Kennedy,Iris Kennedy,2026.12,2026,10,5
102303,1,quve,924,1024,8.2,0.9,5,North,39.35,71.83,,,,,Iris Kennedy,Iris Kennedy,2026.12,2026,10,5
102348,1,qual,900,1025,16.5,11.5,7,North,98.27,99.56,,,NN,,Iris Kennedy,Iris Kennedy,2026.12,2026,10,1
102364,1,qual,658,1025,2.1,18,7,North,25.17,24.83,,,,,Iris Kennedy,Iris Kennedy,2026.12,2026,10,1
10669,1,cagl,811,114,6.1,12.3,3,South,37,37.73,,,,,Iris Kennedy,Iris Kennedy,2026.12,2026,9,25
10671,1,quru,930,114,6.2,14.5,3,South,72.63,72.33,,,,,Iris Kennedy,Iris Kennedy,2026.12,2026,9,25
110788,1,litu,670,1104,19.9,11.7,2,South,52.94,54.2,,,,,Jessica Shue,Iris Kennedy,2026.12,2026,9,25
110791,1,litu,666,1104,11.3,10,2,South,39.09,40.12,,,,,Jessica Shue,Iris Kennedy,2026.12,2026,9,25
110901,1,litu,562,1105,20,4.1,2,South,26.27,26.88,,,,,Jessica Shue,Iris Kennedy,2026.12,2026,9,25
111030,1,litu,623,1107,15.1,19.9,2,South,21.47,21.91,,,,,Jessica Shue,Iris Kennedy,2026.12,2026,9,25
112136,1,pist,315,1120,13.9,2.5,5,North,112.19,113.3,,,,,Iris Kennedy,Iris Kennedy,2026.12,2026,10,5
112250,1,pist,470,1122,10.8,18.4,5,North,55.3,58.23,,,,,Iris Kennedy,Iris Kennedy,2026.12,2026,10,5
112482,1,litu,271,1131,17.8,15.9,8,North,26.46,26.85,,,,,Iris Kennedy,Iris Kennedy,2026.12,2026,10,1
120781,1,litu,637,1205,3,2.2,2,South,35.27,35.76,,,,,Jessica Shue,Iris Kennedy,2026.12,2026,9,25
121195,1,quru,974,1211,12.4,0.4,2,South,59.56,60.99,60.98,,,,Jessica Shue,Iris Kennedy,2026.12,2026,9,25
121221,1,litu,120,1207,1.7,19.3,2,South,12.37,12.62,,,,,Jessica Shue,Iris Kennedy,2026.12,2026,9,25
121275,1,qupr,260,1209,1.7,16.9,2,South,39.13,39.4,,,,,Jessica Shue,Iris Kennedy,2026.12,2026,9,25
121301,1,caovl,257,1211,1.2,2.5,2,South,32.68,33.29,,,,,Jessica Shue,Iris Kennedy,2026.12,2026,9,25
121305,1,quru,793,1211,1.1,11.2,2,South,52.3,52.53,,,,,Jessica Shue,Iris Kennedy,2026.12,2026,9,25
121374,1,juni,378,1216,0.7,18.5,5,North,34.13,34.83,,,RT,,Iris Kennedy,Iris Kennedy,2026.12,2026,10,5
122006,1,acru,452,1217,9.9,8.3,5,North,16.15,15.94,,,,,Iris Kennedy,Iris Kennedy,2026.12,2026,10,5
122009,1,acru,303,1217,1.2,4.1,5,North,51.92,52.33,,,,,Iris Kennedy,Iris Kennedy,2026.12,2026,10,5
122136,1,quru,666,1220,5.5,7.6,5,North,64.77,65.86,,,,,Iris Kennedy,Iris Kennedy,2026.12,2026,10,5
122184,1,pist,246,1222,2.9,13.9,5,North,30.73,31.38,,,,,Iris Kennedy,Iris Kennedy,2026.12,2026,10,5
122189,1,qual,708,1222,5.5,19.5,5,North,29.4,30.58,,,,,Iris Kennedy,Iris Kennedy,2026.12,2026,10,5
122303,1,qual,664,1223,1.9,8.5,5,North,31.67,32.72,,,,,Iris Kennedy,Iris Kennedy,2026.12,2026,10,5
122343,1,qual,660,1225,10.7,14.4,8,North,72.74,73.94,,,,,Iris Kennedy,Iris Kennedy,2026.12,2026,10,1
122427,1,qual,875,1227,17,15.6,8,North,115.98,116.43,,,,,Iris Kennedy,Iris Kennedy,2026.12,2026,10,1
122482,1,litu,596,1228,14.5,2.4,8,North,27.06,28.53,,,,,Iris Kennedy,Iris Kennedy,2026.12,2026,10,1
130838,1,litu,693,1305,12.2,1,2,South,112.47,114.18,,,,,Jessica Shue,Iris Kennedy,2026.12,2026,9,25
131087,1,quru,712,1310,17.3,17.8,2,South,148.34,149.61,,,,,Jessica Shue,Iris Kennedy,2026.12,2026,9,25
131239,1,quru,651,1314,19.5,5.7,3,South,45.96,46.43,,,,,Iris Kennedy,Iris Kennedy,2026.12,2026,9,25
132077,1,qual,649,1319,9.9,15.9,5,North,64.14,65.22,,,,,Iris Kennedy,Iris Kennedy,2026.12,2026,10,5
132539,1,litu,640,1331,15,15.9,8,North,92.57,93.15,,,RT,,Iris Kennedy,Iris Kennedy,2026.12,2026,10,1
140825,1,litu,542,1411,8,5.9,2,South,94.07,94.98,,,,,Jessica Shue,Iris Kennedy,2026.12,2026,9,25
142380,1,qual,611,1425,6.8,13.1,8,North,104.44,104.81,,,NN,,Iris Kennedy,Iris Kennedy,2026.12,2026,10,1
142521,1,pist,508,1422,6.4,11.1,5,North,52.59,55.42,,,,,Iris Kennedy,Iris Kennedy,2026.12,2026,10,5
142729,1,litu,487,1431,4.7,14.7,8,North,84.17,84.87,,,,,Iris Kennedy,Iris Kennedy,2026.12,2026,10,1
160910,1,litu,1039,1607,8.6,1.1,1,South,85.21,86.94,,,,,Jessica Shue,Iris Kennedy,2026.12,2026,9,25
162024,1,quve,297,1618,9.7,9.7,6,North,24.72,25.35,,,,,Jessica Shue,Iris Kennedy,2026.12,2026,9,25
162439,1,quru,874,1627,16.3,0.3,9,North,120.83,123.41,,,,,Iris Kennedy,Iris Kennedy,2026.12,2026,10,1
162446,1,quru,822,1630,14.1,2.9,9,North,101.22,101.98,,,,,Iris Kennedy,Iris Kennedy,2026.12,2026,10,1
162543,1,qual,904,1627,7.5,16.6,9,North,106.09,106.42,,,,,Iris Kennedy,Iris Kennedy,2026.12,2026,10,1
171348,1,ceca,164,1714,19.4,2.4,1,South,12.81,12.94,,,,,Jessica Shue,Iris Kennedy,2026.12,2026,9,25
171454,1,caco,124,1714,1.6,13.8,1,South,38.6,38.81,,,,,Jessica Shue,Iris Kennedy,2026.12,2026,9,25
172202,1,quru,589,1717,17.1,1.8,6,North,17.77,18.27,,,,,Jessica Shue,Iris Kennedy,2026.12,2026,9,25
172203,1,qual,378,1717,15.5,0.3,6,North,41.02,41.58,,,,,Jessica Shue,Iris Kennedy,2026.12,2026,9,25
172248,1,cato,280,1719,19.2,19.3,6,North,42.41,44.43,,,,,Jessica Shue,Iris Kennedy,2026.12,2026,9,25
172417,1,nysy,98,1725,20,18.4,9,North,19.86,19.58,,,,,Iris Kennedy,Iris Kennedy,2026.12,2026,10,1
180931,1,quve,822,1809,8.2,19.4,1,South,52.71,54.6,,,,,Jessica Shue,Iris Kennedy,2026.12,2026,9,25
181030,1,qual,795,1816,5.4,10.6,6,North,22.75,23.61,,,,,Jessica Shue,Iris Kennedy,2026.12,2026,9,25
190067,1,litu,760,1902,19,2.2,1,South,106.29,107.21,,,,,Jessica Shue,Iris Kennedy,2026.12,2026,9,25
190413,1,litu,1046,1904,14.7,5.6,1,South,51.2,51.71,,,,,Jessica Shue,Iris Kennedy,2026.12,2026,9,25
190568,1,juni,955,1912,2.6,18.8,1,South,119.38,121.96,,,,,Jessica Shue,Iris Kennedy,2026.12,2026,9,25
190694,1,quru,1353,1909,18.2,14.7,1,South,79.46,80.64,,,,,Jessica Shue,Iris Kennedy,2026.12,2026,9,25
192133,1,caovl,579,1923,11.7,2.3,6,North,71.26,72.66,,,,,Jessica Shue,Iris Kennedy,2026.12,2026,9,25
192244,1,qual,478,1919,18.1,16.8,6,North,97.3,98.14,,,,,Jessica Shue,Iris Kennedy,2026.12,2026,9,25
192437,1,litu,463,1925,17,11.5,9,North,57.73,58.26,,,RT,,Iris Kennedy,Iris Kennedy,2026.12,2026,10,1
192466,1,quru,869,1926,13.3,1.7,9,North,78.97,80.02,,,,,Iris Kennedy,Iris Kennedy,2026.12,2026,10,1
192542,1,litu,335,1929,18.9,3.8,9,North,70.6,71.03,,,,,Iris Kennedy,Iris Kennedy,2026.12,2026,10,1
192560,1,qual,970,1930,12.9,19.5,9,North,84.16,85.42,,,,,Iris Kennedy,Iris Kennedy,2026.12,2026,10,1
192619,1,quru,845,1926,12.6,8.5,9,North,65.9,67.04,,,,,Iris Kennedy,Iris Kennedy,2026.12,2026,10,1
200142,1,litu,635,2002,1.3,3.5,1,South,69.73,70.31,,,,,Jessica Shue,Iris Kennedy,2026.12,2026,9,25
200551,1,litu,602,2005,1,5.3,1,South,0,NA,,,RE,band damaged by CWD,Jessica Shue,Iris Kennedy,2026.12,2026,9,25
202072,1,qual,741,2020,2.1,10.8,6,North,84.08,85.23,,,,,Jessica Shue,Iris Kennedy,2026.12,2026,9,25
202201,1,cato,151,2017,3.2,1.1,6,North,0,NA,,,RE,,Jessica Shue,Iris Kennedy,2026.12,2026,9,25
202215,1,qual,570,2017,5.5,11.7,6,North,26.04,29.81,,,,,Jessica Shue,Iris Kennedy,2026.12,2026,9,25
202283,1,litu,334,2020,4.5,2.9,6,North,69.22,69.92,,,,,Jessica Shue,Iris Kennedy,2026.12,2026,9,25
22070,1,cato,75.8,218,2.3,11.4,4,North,12.16,13.34,,,RT,,Iris Kennedy,Iris Kennedy,2026.12,2026,10,1
22186,1,tiam,380,222,17,7.5,4,North,33.16,33.54,,,,,Iris Kennedy,Iris Kennedy,2026.12,2026,10,1
22315,1,caco,575,225,11,4,4,North,43.54,45.13,,,,,Iris Kennedy,Iris Kennedy,2026.12,2026,10,1
30233,1,fagr,1109,306,15.6,16.2,3,South,19.47,21.43,,,,,Iris Kennedy,Iris Kennedy,2026.12,2026,9,25
30234,1,fagr,84,306,15.3,18.5,3,South,29.75,30.08,,,,,Iris Kennedy,Iris Kennedy,2026.12,2026,9,25
30331,1,cagl,239,306,8.3,19.5,3,South,52.81,52.75,,,,,Iris Kennedy,Iris Kennedy,2026.12,2026,9,25
30333,1,fagr,266,306,14,19.3,3,South,147.05,147.82,,,RE,About to outgrow band,Iris Kennedy,Iris Kennedy,2026.12,2026,9,25
30339,1,litu,620,307,8.6,4.1,3,South,34.75,34.79,,,,,Iris Kennedy,Iris Kennedy,2026.12,2026,9,25
30339,2,litu,557,307,8.6,4.1,3,South,39.01,39.56,,,,,Iris Kennedy,Iris Kennedy,2026.12,2026,9,25
30339,3,litu,162,307,8.6,4.1,3,South,61.33,61.32,,,,,Iris Kennedy,Iris Kennedy,2026.12,2026,9,25
30467,1,litu,638,314,17.3,3,3,South,24.25,24.55,,,,,Iris Kennedy,Iris Kennedy,2026.12,2026,9,25
30512,1,quru,900,313,2.9,14.3,3,South,37.63,38.91,,,,,Iris Kennedy,Iris Kennedy,2026.12,2026,9,25
30584,1,quve,955,316,2.2,14.4,4,North,74.17,76.09,,,,,Iris Kennedy,Iris Kennedy,2026.12,2026,10,1
32126,1,litu,1058,321,9.6,5,4,North,52.29,53.98,,,,,Iris Kennedy,Iris Kennedy,2026.12,2026,10,1
32251,1,tiam,175,323,10.3,10.3,4,North,30.73,30.89,,,,,Iris Kennedy,Iris Kennedy,2026.12,2026,10,1
32381,1,qupr,889,327,4.6,12.8,4,North,50.47,51.85,,,,,Iris Kennedy,Iris Kennedy,2026.12,2026,10,1
40562,1,fagr,88,406,6.3,16.2,3,South,9.2,9.08,,,,,Iris Kennedy,Iris Kennedy,2026.12,2026,9,25
40563,1,fagr,440,406,3.6,17.8,3,South,52.83,53.32,,,RT,,Iris Kennedy,Iris Kennedy,2026.12,2026,9,25
40564,1,fagr,72,406,2.4,12.4,3,South,13.95,13.87,,,,,Iris Kennedy,Iris Kennedy,2026.12,2026,9,25
40566,1,cagl,301,406,1.1,9.4,3,South,68.99,69.08,,,,,Iris Kennedy,Iris Kennedy,2026.12,2026,9,25
40567,1,fagr,112,406,1.6,7.2,3,South,14.68,14.3,,,,,Iris Kennedy,Iris Kennedy,2026.12,2026,9,25
40568,1,fagr,229,406,0.1,5.2,3,South,116.58,116.73,,,RE,About to outgrow band,Iris Kennedy,Iris Kennedy,2026.12,2026,9,25
40635,1,cato,274,408,18.7,1,3,South,85.86,87.34,,,,,Iris Kennedy,Iris Kennedy,2026.12,2026,9,25
40942,1,acru,428,414,2.2,2,3,South,26.24,26.98,27.08,,,,Iris Kennedy,Iris Kennedy,2026.12,2026,9,25
50364,1,qual,700,507,4.2,18.1,2,South,52.08,52.97,,,,,Jessica Shue,Iris Kennedy,2026.12,2026,9,25
50562,1,quru,715,514,6.9,12.5,3,South,113.48,114.26,,,RE,,Iris Kennedy,Iris Kennedy,2026.12,2026,9,25
50650,1,litu,194,514,19.5,14.9,3,South,22.88,22.92,,,,,Iris Kennedy,Iris Kennedy,2026.12,2026,9,25
52190,1,quru,1045,522,16.4,3.4,4,North,127.53,129.09,,,RE,About to outgrow band,Iris Kennedy,Iris Kennedy,2026.12,2026,10,5
60266,1,cato,511,604,5.5,9.2,2,South,36.63,37.42,,,,,Jessica Shue,Iris Kennedy,2026.12,2026,9,25
60458,1,fagr,313,615,1.9,0,3,South,18.88,19.09,,,,,Iris Kennedy,Iris Kennedy,2026.12,2026,9,25
60459,1,fagr,126,615,2,3,3,South,39.34,39.47,,,,,Iris Kennedy,Iris Kennedy,2026.12,2026,9,25
60462,1,fagr,256,615,5.6,7.6,3,South,62.2,62.47,,,,,Iris Kennedy,Iris Kennedy,2026.12,2026,9,25
60463,1,juni,510,615,7.2,8,3,South,126.65,128.28,128.32,,,,Iris Kennedy,Iris Kennedy,2026.12,2026,9,25
60469,1,cofl,74,615,6.8,9.8,3,South,11.38,11.6,,,,,Iris Kennedy,Iris Kennedy,2026.12,2026,9,25
60566,1,fagr,235,614,10,11,3,South,54.08,54.06,,,,,Iris Kennedy,Iris Kennedy,2026.12,2026,9,25
60573,1,tiam,284,614,8.5,16.3,3,South,98.89,99.22,,,,,Iris Kennedy,Iris Kennedy,2026.12,2026,9,25
60582,1,quru,304,615,20,10.2,3,South,32.22,32.73,,,,,Iris Kennedy,Iris Kennedy,2026.12,2026,9,25
60588,1,caco,311,615,13.4,7.3,3,South,83.72,84.37,,,RE,About to outgrow band,Iris Kennedy,Iris Kennedy,2026.12,2026,9,25
62114,1,quve,324,619,18.7,12.6,4,North,108.58,NA,0,,RE,Outgrew band,Iris Kennedy,Iris Kennedy,2026.12,2026,9,25
62181,1,quve,1150,621,8.8,13.5,4,North,45.06,50.62,,,,,Iris Kennedy,Iris Kennedy,2026.12,2026,9,25
62224,1,litu,1080,622,3.2,17.3,4,North,77.29,NA,0,,RE,Band fell off,Iris Kennedy,Iris Kennedy,2026.12,2026,10,5
70096,1,quru,946,704,3.3,12.7,2,South,56.28,57.88,,,,,Jessica Shue,Iris Kennedy,2026.12,2026,9,25
70126,1,quru,880,705,9.3,12.5,2,South,75.42,76.88,,,,,Jessica Shue,Iris Kennedy,2026.12,2026,9,25
70220,1,qual,578,702,18.3,0.8,3,South,31.36,32.29,,,,,Iris Kennedy,Iris Kennedy,2026.12,2026,10,5
70278,1,qupr,715,704,15.6,15.4,2,South,124.53,128.37,,,,,Jessica Shue,Iris Kennedy,2026.12,2026,9,25
70492,1,nysy,227,714,0.1,11.2,3,South,85.58,NA,,,RE,outgrown,Iris Kennedy,Iris Kennedy,2026.12,2026,9,25
70494,2,caca,74,714,0.4,15.7,3,South,10.52,10.51,,,,,Iris Kennedy,Iris Kennedy,2026.12,2026,9,25
70495,1,caca,92,714,1.7,18.6,3,South,37.03,37.17,,,,,Iris Kennedy,Iris Kennedy,2026.12,2026,9,25
70519,1,qual,562,711,15.5,3.3,2,South,106.55,107.12,,,,,Jessica Shue,Iris Kennedy,2026.12,2026,9,25
70536,1,qual,625,711,11.9,7.4,2,South,74.56,75.26,,,,,Jessica Shue,Iris Kennedy,2026.12,2026,9,25
70579,1,caovl,245,714,19.2,4.3,2,South,59.92,60.48,,,,,Jessica Shue,Iris Kennedy,2026.12,2026,9,25
72024,1,quve,516,717,20,9.6,4,North,77.45,77.85,,,DS,,Iris Kennedy,Iris Kennedy,2026.12,2026,9,25
72116,1,litu,517,719,14.4,10.8,4,North,94.67,95.17,,,,,Iris Kennedy,Iris Kennedy,2026.12,2026,9,25
72124,1,quru,828,719,12.5,19.4,4,North,133.94,NA,0,,RE,Outgrew band,Iris Kennedy,Iris Kennedy,2026.12,2026,9,25
72210,1,qual,881,721,5.2,11.5,4,North,78.8,83.32,,,RT,,Iris Kennedy,Iris Kennedy,2026.12,2026,9,25
72308,1,qual,670,725,15.2,13.3,7,North,89.98,90.09,,,,,Iris Kennedy,Iris Kennedy,2026.12,2026,10,1
72324,1,litu,720,726,14.4,6.6,7,North,130.85,131.94,,,,,Iris Kennedy,Iris Kennedy,2026.12,2026,10,1
72337,1,quru,955,727,7.9,2.6,7,North,106.08,108.2,,,,,Iris Kennedy,Iris Kennedy,2026.12,2026,10,1
72348,1,quru,987,727,12,15.1,7,North,106.77,107.14,,,,,Iris Kennedy,Iris Kennedy,2026.12,2026,10,1
72357,1,quru,957,728,1.7,2,7,North,104.88,107.62,107.89,,,,Iris Kennedy,Iris Kennedy,2026.12,2026,10,1
80401,1,caco,480,807,7.4,19.6,2,South,73.49,74.94,,,,,Jessica Shue,Iris Kennedy,2026.12,2026,9,25
80554,1,caovl,551,813,6.9,11.2,2,South,114.48,119.42,119.45,,"BA, RE",,Jessica Shue,Iris Kennedy,2026.12,2026,9,25
80559,1,nysy,439,813,8.9,17.8,2,South,6.56,7.09,,,,,Jessica Shue,Iris Kennedy,2026.12,2026,9,25
82203,1,litu,668,822,8,9.4,4,North,113,114.12,,,,,Iris Kennedy,Iris Kennedy,2026.12,2026,9,25
82219,1,ceca,96,822,14.7,18.8,4,North,24.13,24.63,,,,,Iris Kennedy,Iris Kennedy,2026.12,2026,9,25
82360,1,litu,640,829,2.3,0.7,7,North,96.47,96.6,,,,,Iris Kennedy,Iris Kennedy,2026.12,2026,10,1
82365,1,qual,450,829,4.9,4.7,7,North,80.47,80.84,,,,,Iris Kennedy,Iris Kennedy,2026.12,2026,10,1
82422,1,litu,563,831,6.9,19.5,7,North,113.18,113.78,,,,,Iris Kennedy,Iris Kennedy,2026.12,2026,10,1
90660,1,quru,1034,913,4.9,7.9,2,South,27.97,31.28,31.31,,,,Jessica Shue,Iris Kennedy,2026.12,2026,9,25
91477,1,litu,225,908,19.3,3.5,2,South,70.09,70.56,,,,,Jessica Shue,Iris Kennedy,2026.12,2026,9,25
91486,1,cagl,600,908,17.5,9.2,2,South,103.22,104.52,,,,,Jessica Shue,Iris Kennedy,2026.12,2026,9,25
92237,1,nysy,220,922,14.7,19.5,5,North,19.46,19.55,,,,,Iris Kennedy,Iris Kennedy,2026.12,2026,10,5
92393,1,cagl,652,925,19.8,7.7,7,North,49.18,50.81,,,,,Iris Kennedy,Iris Kennedy,2026.12,2026,10,1
60586,1,caca,78,615,16.2,9.3,3,South,22.37,22.37,,,,,Iris Kennedy,Iris Kennedy,2026.12,2026,9,25
131364,1,acru,487,1316,12,12.9,5,North,0,NA,0,,RE,,Iris Kennedy,Iris Kennedy,2026.12,2026,9,25
142708,1,juni,428,1429,4.3,6.2,8,North,0,NA,0,,DC,tree down,Iris Kennedy,Iris Kennedy,2026.12,2026,9,25
172499,1,qual,1077,1730,17,3.1,9,North,0,NA,0,,,BT; two stems above DBH,Iris Kennedy,Iris Kennedy,2026.12,2026,9,25
182471,1,ceca,91,1829,2.6,19,9,North,0,NA,0,,RE,outgrown,Iris Kennedy,Iris Kennedy,2026.12,2026,9,25
192484,1,quru,457,1926,17.4,11.2,9,North,0,NA,0,,RE,,Iris Kennedy,Iris Kennedy,2026.12,2026,9,25
22601,1,juni,140,231,17.8,10,4,North,0,NA,0,,,Alianthus altissima; replace tree,Iris Kennedy,Iris Kennedy,2026.12,2026,9,25
90752,1,qual,558,916,12.4,7.4,5,North,0,NA,0,,BA,Spring wa undone. Reconnected but likely bad measure,Iris Kennedy,Iris Kennedy,2026.12,2026,9,25
110061,1,litu,1213,1101,17,10,2,South,59.95,58.36,58.31,,,Big Tree; band removed,Jessica Shue,Iris Kennedy,2026.12,2026,5,1
