tag ,stemtag,2010.yr,2011.spring,2011.fall,2012.spring\,2012.fall,2013.spring,2013.fall,2014.spring,2014.fall,2015.spring,2015.fall,2016.spring,2016.fall,2017.spring,2017.fall,2018.spring
10469,1,1,1,1,1,1,1,1,1,1,632,632,632,632,632,632,632
10587,1,2,2,2,2,2,2,2,2,2,2,2,2,2,2,2,2
10609,1,3,3,3,3,3,3,3,3,3,3,3,3,3,3,3,3
10671,1,4,4,4,533,533,533,533,533,533,533,533,533,695,695,750,750
12025,1,NA,244,244,244,244,244,244,244,244,244,244,244,244,244,244,830
12101,1,5,5,5,5,5,5,5,5,5,5,5,5,5,5,5,5
12259,1,6,6,6,6,6,592,592,592,592,659,659,659,659,659,659,659
12270,1,7,7,7,7,7,7,7,7,7,633,633,633,633,633,633,633
12308,1,8,8,8,8,8,8,8,8,8,8,8,8,8,8,8,8
12508,1,9,9,9,9,9,9,9,9,9,9,9,9,9,9,9,9
20432,1,10,10,10,10,10,10,10,10,10,10,10,10,696,696,696,696
20587,1,11,11,11,11,11,11,11,11,11,634,634,634,634,634,634,634
20603,1,12,12,12,12,12,12,12,12,12,12,12,12,12,12,12,12
20617,1,13,13,13,13,13,13,13,13,13,13,13,13,13,13,13,782
20712,1,14,14,14,14,14,14,14,14,14,14,14,14,14,725,725,725
22004,2,NA,245,245,245,245,245,245,245,245,245,245,245,245,245,245,245
22041,1,15,15,15,15,15,15,15,15,15,15,15,15,15,15,751,751
22170,1,16,16,16,16,16,16,16,16,16,16,16,16,697,697,697,697
22333,1,17,17,17,17,17,17,17,17,17,17,17,17,17,17,17,17
30039,1,18,18,18,18,18,18,18,18,18,18,18,18,698,698,698,698
30225,1,NA,NA,NA,NA,NA,543,543,543,543,543,543,543,543,543,543,543
30233,1,19,19,19,19,19,627,627,627,627,627,627,627,627,627,627,627
30234,1,NA,NA,NA,NA,NA,544,544,544,544,544,544,544,544,544,544,544
30331,1,NA,NA,NA,NA,NA,545,545,545,545,545,545,545,545,545,545,545
30333,1,NA,NA,NA,NA,NA,546,546,546,546,546,546,546,546,726,726,726
30339,1,NA,NA,NA,NA,NA,547,547,547,547,547,547,547,547,547,547,547
30339,2,NA,NA,NA,NA,NA,548,548,548,548,548,548,548,548,548,752,752
30339,3,NA,NA,NA,NA,NA,549,549,549,549,549,549,549,549,549,549,549
30343,1,NA,NA,NA,NA,NA,550,550,550,550,550,550,550,550,550,550,550
30365,1,20,20,20,20,20,20,20,20,20,20,20,20,20,20,20,799
30462,1,21,21,21,21,21,21,21,21,21,21,21,21,21,21,21,21
30467,1,22,22,22,22,22,22,22,22,22,22,22,22,22,22,22,22
30512,1,23,23,23,23,23,23,23,23,23,23,23,23,23,23,23,831
30584,1,24,24,24,24,24,24,24,24,24,24,24,688,688,688,688,688
32084,1,25,25,25,25,25,25,25,25,25,25,25,25,25,25,25,25
32097,1,26,26,26,26,26,593,593,593,593,593,593,593,593,593,593,593
32126,1,27,27,27,27,27,27,27,27,27,27,27,27,699,699,753,753
32381,1,28,28,28,28,28,28,28,28,28,28,28,28,28,28,754,754
32423,1,29,29,29,29,29,29,29,29,29,29,29,29,29,29,29,800
32540,1,30,30,30,30,30,30,30,30,30,30,30,30,30,30,30,30
40562,1,NA,NA,NA,NA,NA,551,551,551,551,551,551,551,551,551,551,551
40563,1,NA,NA,NA,NA,NA,552,552,552,552,552,552,552,552,552,552,832
40564,1,NA,NA,NA,NA,NA,553,553,553,553,553,553,553,553,727,727,727
40565,1,NA,NA,NA,NA,NA,554,554,554,554,554,554,554,554,554,554,554
40566,1,NA,NA,NA,NA,NA,555,555,555,555,555,555,555,555,555,555,833
40567,1,NA,NA,NA,NA,NA,556,556,556,556,556,556,556,556,556,556,801
40568,1,NA,NA,NA,NA,NA,557,557,557,557,557,557,557,700,728,728,728
40569,1,NA,NA,NA,NA,NA,558,558,558,558,558,558,558,701,701,701,701
40635,1,31,31,31,31,31,31,31,31,31,31,31,31,31,31,31,31
40875,1,32,32,32,32,32,32,32,32,32,32,32,32,32,32,32,32
40941,1,33,33,33,33,33,33,33,33,33,33,33,33,33,33,33,33
40942,1,34,34,34,34,34,34,34,34,34,34,34,34,34,34,34,34
40972,1,NA,246,246,246,246,246,246,246,246,246,246,246,246,246,246,246
42009,1,35,35,35,35,35,35,35,35,35,35,35,35,35,35,35,35
42270,1,36,36,36,36,36,36,36,36,36,36,36,36,36,36,36,36
42397,1,37,37,37,37,37,37,37,37,37,635,635,635,635,635,635,635
42562,1,38,38,38,38,38,38,38,38,38,38,38,38,38,38,38,38
50160,1,39,39,39,39,39,39,39,39,39,39,39,39,702,702,702,802
50288,1,40,40,40,40,40,40,40,40,40,40,40,40,703,703,703,703
50364,1,41,41,41,41,41,41,41,41,41,41,41,41,41,41,41,41
50650,1,NA,NA,NA,NA,NA,559,559,559,559,559,559,559,559,559,559,559
50654,1,NA,NA,NA,NA,NA,560,560,560,560,560,560,689,689,689,689,689
52087,1,42,42,42,42,42,42,42,42,42,42,42,690,690,690,690,690
52190,1,43,43,43,43,43,43,43,43,43,43,662,662,662,662,662,662
52276,1,44,44,44,44,44,44,44,44,44,44,44,44,44,44,44,44
60161,1,45,45,45,45,45,45,45,45,45,45,45,45,45,45,45,45
60414,1,46,46,46,46,46,46,46,46,46,46,46,46,46,46,46,46
60456,1,NA,NA,NA,NA,NA,561,561,561,561,561,561,561,561,561,561,561
60457,1,NA,NA,NA,NA,NA,562,562,562,562,562,562,562,562,562,562,562
60458,1,NA,NA,NA,NA,NA,563,563,563,563,563,563,563,563,563,563,834
60459,1,NA,NA,NA,NA,NA,564,564,564,564,564,564,691,691,691,755,755
60462,1,NA,NA,NA,NA,NA,565,565,565,565,565,565,565,704,704,704,704
60463,1,NA,NA,NA,NA,NA,566,566,566,566,566,566,566,566,566,756,756
60468,1,NA,NA,NA,NA,NA,567,567,567,567,567,567,567,567,567,567,567
60469,1,NA,NA,NA,NA,NA,568,568,568,568,568,568,568,568,568,568,568
60562,1,NA,NA,NA,NA,NA,569,569,569,569,569,569,569,705,705,705,705
60563,1,NA,NA,NA,NA,NA,570,570,570,570,570,570,570,570,570,570,783
60566,1,NA,NA,NA,NA,NA,571,571,571,571,571,571,571,571,729,729,729
60567,1,NA,NA,NA,NA,NA,572,572,572,572,572,572,572,706,706,706,706
60568,1,NA,NA,NA,NA,NA,573,573,573,573,573,573,573,573,573,573,573
60569,1,NA,NA,NA,NA,NA,574,574,574,574,574,574,574,574,574,574,574
60570,1,NA,NA,NA,NA,NA,575,575,575,575,575,575,575,707,707,707,707
60571,1,NA,NA,NA,NA,NA,576,576,576,576,576,576,576,576,576,576,576
60573,1,NA,NA,NA,NA,NA,577,577,577,577,577,577,577,708,708,708,708
60576,1,NA,NA,NA,NA,NA,578,578,578,578,578,578,578,709,709,709,709
60577,1,NA,NA,NA,NA,NA,579,579,579,579,579,579,579,579,579,579,784
60578,1,NA,NA,NA,NA,NA,580,580,580,580,580,580,580,580,580,580,580
60579,1,NA,NA,NA,NA,NA,581,581,581,581,581,581,581,581,581,581,581
60581,1,NA,NA,NA,NA,NA,582,582,582,582,582,582,582,582,582,582,582
60582,1,NA,NA,NA,NA,NA,583,583,583,583,583,583,583,583,583,583,583
60586,1,NA,NA,NA,NA,NA,584,584,584,584,584,584,584,584,584,584,584
60587,1,NA,NA,NA,NA,NA,585,585,585,585,585,585,585,585,585,585,585
60588,1,NA,NA,NA,NA,NA,586,586,586,586,586,586,586,586,586,586,586
62128,1,47,47,47,47,47,47,47,47,47,47,47,47,47,47,47,47
62181,1,48,48,48,48,48,48,48,48,48,48,48,48,48,48,48,48
62224,1,49,49,49,49,49,49,49,49,49,49,49,49,49,49,49,49
62241,1,50,50,50,50,50,50,50,50,50,50,50,50,50,50,50,50
62417,1,51,51,51,51,51,51,51,51,51,51,51,51,51,51,51,51
62449,1,52,52,52,52,52,52,52,52,52,52,52,52,52,52,52,52
62454,1,53,53,53,53,53,53,53,53,53,53,53,53,53,53,53,53
70096,1,54,54,54,54,54,54,54,54,54,54,54,54,54,54,54,835
70126,1,NA,247,247,247,247,247,247,247,247,247,247,247,247,730,730,730
70181,1,55,55,55,55,55,55,55,55,55,55,55,55,55,731,731,731
70216,1,56,56,56,56,56,56,56,56,56,56,56,56,56,56,56,56
70220,1,57,57,57,57,57,57,57,57,57,57,57,57,57,57,57,57
70278,1,58,58,58,58,58,58,58,58,58,58,58,58,58,58,58,803
70292,1,59,59,59,59,59,59,59,59,59,59,59,59,59,59,59,59
70352,1,60,60,60,60,60,60,60,60,60,60,60,60,60,60,60,60
70356,1,61,61,61,61,61,61,61,61,61,61,61,61,61,61,61,61
70357,1,62,62,62,62,62,62,62,62,62,62,62,62,62,62,62,62
70358,1,63,63,63,63,63,63,63,63,63,63,63,63,63,63,63,63
70433,1,64,64,64,64,64,64,64,64,64,64,64,64,64,64,64,64
70492,1,NA,NA,NA,NA,NA,587,587,587,587,587,587,587,587,587,587,836
70493,1,NA,NA,NA,NA,NA,588,588,588,588,588,588,588,588,588,588,837
70494,1,NA,NA,NA,NA,NA,589,589,589,589,589,589,589,589,589,589,589
70494,2,NA,NA,NA,NA,NA,590,590,590,590,590,590,590,590,590,590,838
70495,1,NA,NA,NA,NA,NA,591,591,591,591,591,591,591,591,591,591,591
70519,1,65,65,65,65,65,65,65,65,65,65,65,65,65,65,65,65
70536,1,66,66,66,66,66,66,66,66,66,66,66,66,66,66,66,66
70579,1,67,67,67,67,67,67,67,67,67,67,67,67,67,67,67,67
70581,1,68,68,68,68,68,68,68,68,68,68,68,68,68,68,757,839
70588,1,69,69,69,69,69,69,69,69,69,69,69,69,69,69,69,69
72024,1,70,70,70,70,70,70,70,70,70,70,70,70,70,70,758,758
72115,1,71,71,71,71,71,71,71,71,71,71,71,71,71,71,71,71
72116,1,72,72,72,72,72,72,72,72,72,72,72,72,72,72,72,72
72122,1,73,73,73,73,73,73,73,73,73,73,73,73,73,73,73,73
72124,1,74,74,74,74,74,74,74,74,74,74,663,663,663,663,663,663
72149,1,75,75,75,75,75,75,75,75,75,75,75,75,75,75,75,804
72210,1,76,76,76,76,76,76,76,76,76,76,76,76,76,76,76,76
72232,1,77,77,77,77,77,77,77,77,77,77,77,77,77,77,77,77
72248,1,78,78,78,78,78,78,78,78,78,78,78,78,78,78,78,78
72308,1,79,79,79,79,79,79,79,79,79,79,79,79,79,79,79,79
72322,1,80,80,80,80,80,80,80,80,80,80,80,80,80,80,80,80
72324,1,81,81,81,81,81,81,81,81,81,81,81,81,81,81,81,840
72337,1,82,82,82,82,82,82,82,82,82,82,82,82,82,82,759,759
72348,1,83,83,83,83,83,83,83,83,83,83,83,83,83,83,760,760
72357,1,84,84,84,84,84,594,594,594,594,594,594,594,594,594,761,761
72375,1,85,85,85,85,85,85,85,85,85,85,85,85,85,85,85,85
72377,1,86,86,86,86,86,86,86,86,86,86,86,86,86,86,86,86
72408,1,87,87,87,87,87,87,87,87,87,87,87,87,87,87,87,87
72427,1,88,88,534,534,534,595,595,595,595,660,664,664,664,664,664,664
72447,1,89,89,89,89,89,89,89,89,89,89,89,89,710,710,710,710
72448,1,90,90,90,90,90,90,90,90,90,636,636,636,636,636,636,636
72452,1,91,91,91,91,91,91,91,91,91,91,91,91,91,91,91,91
72460,1,NA,NA,NA,512,512,512,512,512,512,512,512,512,512,512,512,512
80005,1,92,92,92,92,92,92,92,92,92,92,92,92,92,92,92,92
80100,1,93,93,93,93,93,93,93,93,93,93,93,93,93,93,93,93
80180,1,94,94,94,94,94,94,94,94,94,94,94,94,94,94,94,94
80398,1,95,95,95,95,95,95,95,95,95,95,95,95,95,95,95,95
80401,1,96,96,96,96,96,96,96,96,96,96,96,96,96,96,96,96
80491,1,97,97,97,97,97,97,97,97,97,97,97,97,97,97,97,97
80554,1,98,98,98,98,98,98,98,98,98,637,637,637,637,637,637,637
80559,1,99,99,99,99,99,99,99,99,99,99,99,99,99,99,99,99
80614,1,100,100,100,100,100,100,100,100,100,100,100,100,100,100,100,100
80615,1,101,101,101,101,101,101,101,101,101,101,101,101,101,101,101,785
80628,1,102,102,102,102,102,102,102,102,102,102,102,102,102,102,102,102
80631,1,103,103,103,103,103,103,103,103,103,103,103,103,103,103,103,103
82125,1,104,104,104,104,104,104,104,104,104,104,104,104,104,104,104,104
82138,1,105,105,105,105,105,105,105,105,105,105,105,105,105,732,732,732
82203,1,106,106,106,106,106,106,106,106,106,106,106,106,106,106,106,106
82223,1,107,107,107,107,107,107,107,107,107,107,107,107,107,107,107,107
82226,1,108,108,108,108,108,108,108,108,108,108,108,108,108,108,108,108
82284,1,109,109,109,109,109,109,109,109,109,109,109,109,109,109,109,109
82292,1,110,110,110,110,110,110,110,110,110,110,110,110,110,110,110,110
82298,1,111,111,111,111,111,111,111,111,111,111,111,111,111,111,111,805
82326,1,112,112,112,112,112,112,112,112,112,112,112,112,112,112,112,112
82357,1,113,113,113,113,113,113,113,113,113,113,113,113,113,113,113,806
82360,1,114,114,114,114,114,114,114,114,114,114,114,114,114,114,114,841
82365,1,115,115,115,115,115,115,115,115,115,115,115,115,115,115,115,115
82368,1,116,116,116,116,116,116,116,116,116,116,116,116,116,116,116,116
82419,1,117,117,117,117,117,117,117,117,117,117,117,117,117,117,117,807
82421,1,118,118,118,118,118,118,118,118,118,118,118,118,118,118,118,118
82422,1,119,119,119,119,119,119,119,119,119,119,119,119,119,119,119,119
82434,1,120,120,120,120,120,120,120,120,120,120,120,120,120,120,120,120
90043,1,121,121,121,121,121,121,121,121,121,121,665,665,665,665,665,665
90084,1,122,122,122,122,122,122,122,122,122,122,122,122,122,122,762,762
90162,1,NA,498,498,498,498,596,596,596,596,596,596,596,596,596,596,596
90311,1,NA,NA,NA,513,513,513,513,513,513,513,513,513,513,513,513,513
90354,1,NA,248,248,248,248,248,248,248,248,248,248,248,248,248,248,248
90413,3,NA,NA,NA,NA,NA,NA,NA,NA,NA,NA,NA,NA,NA,NA,NA,NA
90446,1,NA,250,250,250,250,250,250,250,250,250,250,250,250,250,250,250
90530,1,NA,251,251,251,251,251,251,251,251,251,251,251,251,251,251,251
90533,1,NA,252,252,252,252,252,252,252,252,252,252,252,252,252,252,252
90612,1,NA,253,253,253,253,253,253,253,253,253,253,253,253,253,253,253
90660,1,123,123,123,123,123,123,123,123,123,123,123,123,123,123,763,763
90752,1,NA,254,254,254,254,254,254,254,254,642,642,642,642,642,642,642
91435,1,NA,NA,NA,514,514,514,514,514,514,514,514,514,514,514,514,514
91451,1,NA,255,255,255,255,255,255,255,255,255,255,255,255,255,255,255
91474,1,NA,256,256,256,256,256,256,256,256,256,256,256,256,733,733,733
91476,1,NA,257,257,257,257,257,257,257,257,257,257,257,257,257,257,257
91477,1,NA,258,258,258,258,258,258,258,258,258,258,258,258,258,258,258
91486,1,NA,259,259,259,259,259,259,259,259,259,259,259,711,711,711,711
92006,1,NA,260,260,260,260,260,260,260,260,260,260,260,260,260,260,260
92018,1,NA,261,261,261,261,261,261,261,261,261,261,261,261,261,261,261
92112,1,NA,262,262,262,262,597,597,597,597,597,597,597,597,597,597,597
92139,1,NA,263,263,263,263,263,263,263,263,263,263,263,263,263,263,263
92140,1,NA,NA,NA,515,515,515,515,515,515,515,515,692,692,692,692,692
92141,1,NA,264,264,535,535,535,535,535,535,535,535,535,535,535,535,535
92234,1,NA,265,265,265,265,265,265,265,265,265,265,265,265,265,265,265
92237,1,NA,266,266,266,266,266,266,266,266,266,266,266,266,266,266,266
92238,1,NA,267,267,267,267,267,267,267,267,267,267,267,267,267,267,267
92269,1,NA,268,268,268,268,268,268,268,268,268,268,268,268,268,268,268
92280,1,NA,269,269,269,269,269,269,269,269,269,269,269,269,269,269,269
92393,1,NA,270,270,270,270,270,270,270,270,270,270,270,270,270,270,270
92414,1,NA,271,271,271,271,271,271,271,271,271,271,271,271,271,271,271
92466,1,124,124,124,124,124,124,124,124,124,124,124,124,124,124,124,124
92487,1,NA,500,500,500,500,500,500,500,500,500,500,500,500,500,500,500
92488,1,NA,272,272,272,272,272,272,272,272,272,272,272,712,712,712,712
92545,1,NA,273,273,273,273,273,273,273,273,273,273,273,273,273,273,273
92546,1,NA,501,501,501,501,501,501,501,501,501,501,501,713,713,713,713
92547,1,NA,274,274,274,274,274,274,274,274,274,274,274,274,274,274,274
100011,1,125,125,125,125,125,125,125,125,125,125,125,125,125,125,125,125
100516,1,126,126,126,126,126,126,126,126,126,638,638,638,638,638,638,638
100562,1,NA,275,275,275,275,275,275,275,275,275,275,275,275,275,275,275
100612,1,127,127,127,127,127,127,127,127,127,127,127,127,714,714,714,714
100720,2,NA,NA,NA,NA,NA,NA,NA,NA,NA,NA,NA,NA,NA,NA,NA,NA
100754,1,NA,277,277,277,277,277,277,277,277,277,277,277,277,277,764,764
100771,1,128,128,128,128,128,128,128,128,128,128,666,666,666,666,666,666
100905,1,NA,278,278,278,278,278,278,278,278,278,278,278,278,278,278,278
100906,1,NA,502,502,502,502,598,598,598,598,598,598,598,598,598,598,598
100960,1,NA,279,279,279,279,279,279,279,279,279,279,279,279,279,765,765
101082,1,NA,NA,NA,NA,NA,NA,NA,NA,NA,NA,NA,NA,NA,NA,NA,NA
101111,1,NA,281,281,281,281,281,281,281,281,281,281,281,281,281,281,281
101118,1,NA,282,282,282,282,282,282,282,282,643,643,643,643,643,643,643
101244,1,129,129,129,129,129,129,129,129,129,129,129,129,129,129,129,129
101310,1,NA,283,283,283,283,283,283,283,283,283,283,283,283,283,283,283
101312,1,NA,284,284,284,284,284,284,284,284,284,284,284,284,284,284,284
102001,1,NA,285,285,285,285,285,285,285,285,285,285,285,285,285,285,285
102148,1,NA,286,286,286,286,286,286,286,286,286,286,286,286,286,286,286
102149,1,NA,287,287,287,287,287,287,287,287,287,287,287,287,287,287,287
102150,1,NA,503,503,503,503,599,599,599,599,599,599,599,599,599,599,599
102154,1,NA,288,288,288,288,288,288,288,288,288,288,288,288,288,288,288
102177,1,NA,289,289,289,289,289,289,289,289,289,289,289,289,289,289,289
102258,1,NA,290,290,290,290,290,290,290,290,290,290,290,290,290,290,290
102261,1,NA,291,291,291,291,291,291,291,291,291,291,291,291,291,291,291
102262,1,NA,292,292,292,292,292,292,292,292,292,292,292,292,292,292,292
102264,1,NA,293,293,293,293,293,293,293,293,293,293,293,293,293,293,293
102303,1,130,130,130,130,130,130,130,130,130,130,130,130,130,130,130,130
102348,1,131,131,131,131,131,131,131,131,131,131,131,131,131,131,131,131
102364,1,NA,294,294,294,294,294,294,294,294,294,294,294,294,294,294,294
102365,1,NA,295,295,295,295,295,295,295,295,295,295,295,295,295,295,295
102371,1,NA,296,296,296,296,296,296,296,296,296,296,296,296,296,296,296
102438,1,NA,NA,NA,NA,NA,600,600,600,600,600,600,600,600,600,600,600
102438,2,NA,298,298,298,298,601,601,601,601,601,601,601,601,601,601,601
102439,1,NA,299,299,299,299,298,298,298,298,298,298,298,298,298,298,298
102441,1,NA,300,300,300,300,299,299,299,299,299,667,667,667,667,667,667
102442,1,NA,301,301,301,301,300,300,300,300,300,300,300,300,300,300,300
102443,1,NA,302,302,302,302,301,301,301,301,301,301,301,301,301,301,301
102444,1,NA,NA,NA,NA,NA,302,302,302,302,302,302,302,302,302,302,808
102446,1,NA,NA,NA,NA,NA,602,602,602,602,602,602,602,602,602,602,602
102446,2,NA,NA,NA,NA,NA,603,603,603,603,603,603,603,603,603,603,603
102475,1,NA,NA,NA,516,516,516,516,516,516,516,516,516,516,516,516,516
102501,1,NA,304,304,304,304,304,304,304,304,304,304,304,304,304,304,304
102502,1,NA,305,305,305,305,305,305,305,305,305,305,305,305,305,305,305
102505,1,NA,306,306,306,306,306,306,306,306,306,306,306,306,306,306,306
102509,1,132,132,132,132,132,132,132,132,132,132,132,132,132,132,766,766
110061,1,133,133,133,133,133,133,133,133,133,133,133,133,133,133,133,133
110680,1,NA,NA,NA,NA,NA,604,604,604,604,604,604,604,604,604,604,604
110788,1,NA,307,307,307,307,307,307,307,307,307,307,307,307,307,307,307
110791,1,NA,308,308,308,308,308,308,308,308,308,308,308,308,308,308,308
110798,1,NA,309,309,309,309,309,309,309,309,309,309,309,309,309,309,309
110901,1,NA,310,310,310,310,310,310,310,310,310,668,668,668,668,668,668
110904,1,134,134,134,134,134,134,134,134,134,134,134,134,134,134,134,134
111014,1,NA,311,311,311,311,311,311,311,311,311,311,311,311,311,311,311
111029,1,NA,312,312,312,312,312,312,312,312,312,312,312,312,312,312,312
111030,1,NA,313,313,313,313,313,313,313,313,313,313,313,313,313,313,313
111032,1,NA,NA,NA,NA,NA,605,605,605,605,605,605,605,605,605,605,605
111032,2,NA,NA,NA,NA,NA,606,606,606,606,606,606,606,606,606,606,606
111039,1,NA,315,315,315,315,315,315,315,315,315,315,315,315,315,315,315
111041,1,135,135,135,135,135,135,135,135,135,135,669,669,669,669,669,669
111092,1,NA,316,316,316,316,607,607,607,607,607,607,607,607,607,607,607
111093,1,NA,317,317,317,317,317,317,317,317,317,317,317,715,715,715,715
111292,1,NA,318,318,318,318,318,318,318,318,318,318,318,318,318,318,318
112014,1,NA,319,319,319,319,319,319,319,319,644,644,644,644,644,644,644
112057,1,NA,320,320,320,320,320,320,320,320,320,320,320,320,320,320,320
112060,1,136,136,136,136,136,136,136,136,136,136,136,136,136,136,136,136
112118,1,NA,321,321,321,321,321,321,321,321,321,321,321,321,321,321,321
112130,1,NA,322,322,322,322,608,608,608,608,608,608,608,608,608,608,608
112136,1,NA,323,323,323,323,323,323,323,323,323,323,323,323,323,323,809
112137,1,NA,324,324,324,324,609,609,609,609,609,670,670,670,670,670,810
112142,1,NA,325,325,325,325,325,325,325,325,325,325,325,325,325,325,811
112143,1,NA,326,326,326,326,326,326,326,326,326,326,326,326,326,326,326
112250,1,NA,327,327,327,327,327,327,327,327,645,645,645,645,645,645,645
112252,1,NA,328,328,328,328,328,328,328,328,646,646,646,646,646,646,646
112262,1,NA,329,329,329,329,329,329,329,329,329,329,329,329,329,329,329
112316,1,137,137,137,137,137,137,137,137,137,137,137,137,137,137,137,137
112336,1,NA,330,330,330,330,330,330,330,330,330,330,330,330,330,767,767
112340,1,NA,331,331,331,331,626,626,626,626,661,661,661,661,661,661,661
112342,1,NA,332,332,332,332,332,332,332,332,332,332,332,332,332,332,332
112350,1,NA,333,333,333,333,333,333,333,333,333,333,333,333,333,333,333
112354,1,NA,504,504,504,504,610,610,610,610,610,610,610,610,610,610,610
112462,1,NA,334,334,334,334,334,334,334,334,334,334,334,334,334,334,334
112466,1,NA,NA,NA,517,517,517,517,517,517,517,517,517,517,517,517,517
112467,1,NA,335,335,335,335,335,335,335,335,335,335,335,335,335,335,335
112480,1,NA,336,336,336,336,336,336,336,336,336,336,336,336,336,336,336
112481,1,NA,337,337,337,337,337,337,337,337,337,337,337,337,337,337,337
112482,1,NA,338,338,338,338,338,338,338,338,338,338,338,338,338,338,842
112485,1,NA,339,339,339,339,339,339,339,339,339,339,339,339,339,339,339
112698,1,NA,340,340,340,340,340,340,340,340,340,340,340,340,340,340,340
120278,1,138,138,138,138,138,138,138,138,138,138,671,671,671,671,671,671
120755,1,NA,341,341,341,341,341,341,341,341,341,341,341,341,341,341,341
120777,1,NA,342,342,342,342,342,342,342,342,342,342,342,342,342,342,342
120781,1,NA,343,343,343,343,343,343,343,343,343,343,343,343,343,343,343
120790,1,NA,344,344,344,344,344,344,344,344,344,344,344,344,344,344,344
121195,1,139,139,139,139,139,139,139,139,139,139,139,139,716,716,716,716
121212,1,140,140,140,140,140,140,140,140,140,639,639,639,639,639,639,639
121221,1,NA,345,345,345,345,345,345,345,345,345,345,345,345,345,768,768
121274,1,NA,346,346,346,346,346,346,346,346,346,346,346,346,346,346,346
121275,1,NA,NA,NA,518,518,518,518,518,518,518,518,518,518,518,518,518
121291,1,NA,347,347,347,347,611,611,611,611,611,611,611,611,611,611,611
121298,1,NA,348,348,348,348,348,348,348,348,348,348,348,348,348,348,348
121301,1,NA,349,349,349,349,349,349,349,349,349,349,349,349,349,349,349
121305,1,NA,350,350,350,350,350,350,350,350,350,350,350,350,350,350,350
121358,1,141,141,141,141,141,141,141,141,141,141,141,141,141,141,141,141
121367,1,NA,NA,NA,519,519,519,519,519,519,519,519,519,519,519,519,519
121374,1,NA,531,495,495,495,495,495,495,495,495,495,495,495,495,769,769
122005,1,NA,351,351,351,351,351,351,351,351,351,351,351,351,351,351,351
122006,1,NA,352,352,352,352,352,352,352,352,352,352,352,352,352,352,352
122009,1,NA,353,353,353,353,353,353,353,353,353,353,353,353,353,353,353
122120,1,NA,354,354,354,354,354,354,354,354,354,354,354,354,354,354,354
122121,1,NA,355,355,355,355,355,355,355,355,355,355,355,355,355,355,812
122130,1,NA,356,356,356,356,356,356,356,356,356,356,356,356,356,356,356
122136,1,NA,357,357,357,357,357,357,357,357,357,357,357,357,357,357,843
122184,1,NA,358,358,358,358,358,358,358,358,358,358,358,358,358,358,358
122185,1,NA,NA,NA,520,520,612,612,612,612,612,612,612,612,612,612,612
122189,1,NA,359,359,359,359,359,359,359,359,359,359,359,359,359,359,359
122248,1,NA,NA,NA,521,521,521,521,521,521,521,521,521,521,521,521,521
122303,1,NA,360,360,360,360,360,360,360,360,360,360,360,360,360,360,360
122343,1,NA,361,361,361,361,361,361,361,361,361,361,361,361,361,361,361
122347,1,NA,362,362,362,362,362,362,362,362,362,362,362,362,362,362,362
122427,1,142,142,142,142,142,142,142,142,142,142,142,142,142,142,142,844
122439,1,NA,NA,NA,522,522,522,522,522,522,522,522,522,522,522,522,522
122450,1,NA,542,542,542,542,542,542,542,542,542,542,542,542,542,542,542
122452,1,NA,363,363,363,363,363,363,363,363,363,363,363,363,363,363,363
122455,1,NA,364,364,364,364,364,364,364,364,364,364,364,364,364,364,364
122458,1,NA,365,365,536,536,536,536,536,536,536,536,536,536,536,536,536
122482,1,NA,366,366,366,366,613,613,613,613,613,613,613,613,613,613,613
122486,1,NA,367,367,367,367,367,367,367,367,367,367,367,367,367,367,367
122489,1,NA,368,368,368,368,368,368,368,368,368,368,368,368,368,368,368
122490,1,NA,505,505,505,505,614,614,614,614,614,614,614,614,614,614,614
122492,1,NA,369,369,369,369,369,369,369,369,647,647,647,647,647,647,647
122522,1,NA,NA,NA,523,523,523,523,523,523,523,523,523,523,523,523,523
122561,1,NA,370,370,370,370,370,370,370,370,370,370,370,370,370,370,370
122563,2,NA,NA,NA,NA,NA,NA,NA,NA,NA,NA,NA,NA,NA,NA,NA,NA
130348,1,143,143,143,143,143,143,143,143,143,640,640,640,640,640,640,640
130718,1,144,144,144,144,144,144,144,144,144,144,144,144,144,144,144,144
130838,1,145,145,145,145,145,145,145,145,145,145,145,145,145,145,145,845
131009,1,146,146,146,146,146,146,146,146,146,146,146,146,146,146,146,813
131086,1,147,147,147,147,147,147,147,147,147,147,147,147,147,734,734,734
131087,1,148,148,148,148,148,148,148,148,148,148,148,148,148,148,770,770
131092,1,149,149,149,149,149,149,149,149,149,149,149,149,149,149,149,786
131096,1,150,150,150,150,150,150,150,150,150,150,150,150,150,150,150,150
131188,1,151,151,151,151,151,151,151,151,151,151,151,151,151,151,151,814
131227,1,152,152,152,152,152,152,152,152,152,152,152,152,717,717,717,717
131232,1,153,153,153,153,153,153,153,153,153,153,153,153,153,153,153,153
131233,1,154,154,154,154,154,154,154,154,154,154,154,154,154,154,154,154
131238,1,155,155,155,155,155,155,155,155,155,155,155,155,155,155,155,155
131239,1,156,156,156,156,156,156,156,156,156,156,156,156,156,735,735,735
131272,1,157,157,157,157,157,157,157,157,157,157,157,157,157,157,157,157
131352,1,158,158,158,158,158,158,158,158,158,158,158,158,158,158,158,158
131364,1,159,159,159,159,159,159,159,159,159,159,159,159,159,159,159,159
132028,1,160,160,160,160,160,160,160,160,160,160,160,160,160,160,160,160
132077,1,161,161,161,161,161,161,161,161,161,161,161,161,161,161,771,771
132171,1,162,162,162,162,162,162,162,162,162,162,162,162,162,162,772,772
132302,1,163,163,163,537,537,537,537,537,537,537,537,537,537,736,736,787
132311,1,164,164,164,164,164,164,164,164,164,164,164,164,164,737,737,737
132321,1,165,165,165,165,165,165,165,165,165,165,165,165,165,165,165,165
132371,1,166,166,166,166,166,615,615,615,615,615,615,615,615,615,615,615
132508,1,167,167,167,167,167,167,167,167,167,167,167,167,167,167,167,167
132512,1,168,168,168,168,168,168,168,168,168,168,168,168,168,168,168,168
132524,1,169,169,169,169,169,169,169,169,169,169,169,169,169,169,169,169
132525,1,170,170,170,170,170,170,170,170,170,170,170,170,170,170,170,170
132529,1,171,171,171,171,171,171,171,171,171,171,672,672,718,718,718,718
132539,1,172,172,172,172,172,172,172,172,172,172,172,172,172,172,773,773
132542,1,173,173,173,173,173,173,173,173,173,173,173,173,173,173,173,173
132545,1,174,174,174,174,174,174,174,174,174,174,174,174,174,174,174,174
140270,1,175,175,175,175,175,175,175,175,175,175,175,175,175,175,175,175
140467,1,176,176,176,176,176,176,176,176,176,176,176,176,176,176,176,176
140609,1,177,177,177,177,177,177,177,177,177,177,177,177,177,177,177,815
140646,1,178,178,178,178,178,178,178,178,178,178,178,178,719,719,719,719
140736,1,179,179,179,179,179,179,179,179,179,179,179,179,179,179,179,179
140751,1,180,180,180,180,180,180,180,180,180,180,180,180,180,180,180,816
140756,1,181,181,181,181,181,181,181,181,181,181,181,181,181,181,181,181
140813,1,182,182,182,182,182,182,182,182,182,641,641,641,641,641,641,641
140818,1,183,183,183,183,183,183,183,183,183,183,183,183,183,738,738,738
140819,1,184,184,184,184,184,184,184,184,184,184,184,184,184,184,184,184
140820,1,185,185,185,185,185,185,185,185,185,185,185,185,185,185,185,185
140821,1,186,186,186,186,186,186,186,186,186,186,186,186,186,186,186,817
140825,1,187,187,187,187,187,187,187,187,187,187,187,187,187,187,187,187
140829,1,188,188,188,188,188,188,188,188,188,188,188,188,188,188,188,188
140833,1,189,189,189,189,189,189,189,189,189,189,189,189,189,189,189,189
140872,1,190,190,190,190,190,190,190,190,190,190,190,190,190,190,774,788
141146,1,191,191,191,191,191,191,191,191,191,191,191,191,191,191,191,191
142113,1,192,192,192,192,192,192,192,192,192,192,192,192,192,192,192,192
142206,1,193,193,193,193,193,193,193,193,193,193,193,193,193,193,193,193
142380,1,194,194,194,194,194,194,194,194,194,194,194,194,194,194,194,194
142521,1,195,195,195,195,195,195,195,195,195,195,195,195,195,739,739,739
142527,1,196,196,196,196,196,196,196,196,196,196,196,196,196,196,196,196
142568,1,197,197,197,197,197,197,197,197,197,197,197,197,197,197,197,197
142575,1,198,198,198,198,198,198,198,198,198,198,198,198,198,198,198,789
142656,1,199,199,199,199,199,199,199,199,199,199,199,199,199,199,199,199
142708,1,200,200,200,200,200,200,200,200,200,200,200,200,200,200,200,200
142727,1,201,201,201,201,201,201,201,201,201,201,201,201,201,201,201,201
142729,1,202,202,202,202,202,202,202,202,202,202,202,202,202,202,202,202
142730,1,203,203,203,203,203,203,203,203,203,203,203,203,203,203,203,818
142731,1,204,204,204,204,204,204,204,204,204,204,204,204,204,204,204,204
142732,1,205,205,205,205,205,205,205,205,205,205,205,205,205,205,205,205
142733,1,206,206,206,206,206,206,206,206,206,206,206,206,206,206,206,790
142735,1,207,207,207,207,207,207,207,207,207,207,207,207,207,207,207,207
143707,1,NA,NA,NA,NA,NA,630,630,630,630,630,630,630,630,630,630,630
150756,1,208,208,208,208,208,208,208,208,208,208,208,208,208,208,208,208
150830,1,NA,NA,NA,NA,NA,NA,NA,NA,NA,NA,NA,NA,NA,NA,NA,NA
152153,1,210,210,210,210,210,210,210,210,210,210,210,210,210,210,775,775
152673,1,211,211,211,211,211,211,211,211,211,211,211,211,211,211,776,776
152701,1,212,212,212,212,212,212,212,212,212,212,212,212,212,212,777,777
160713,1,NA,372,372,507,507,507,507,507,507,507,673,673,673,673,673,673
160742,1,213,213,213,213,213,213,213,213,213,213,213,213,720,720,720,720
160862,1,214,214,214,214,214,214,214,214,214,214,214,214,214,214,214,791
160910,1,215,215,215,215,215,215,215,215,215,215,674,674,674,674,674,674
160985,1,216,216,216,216,216,216,216,216,216,216,216,216,216,216,216,216
162293,1,217,217,217,217,217,217,217,217,217,217,217,217,217,217,217,217
162439,1,218,218,218,218,218,218,218,218,218,218,218,218,218,218,218,846
162503,1,219,219,219,219,219,219,219,219,219,219,219,219,219,219,219,219
162543,1,220,220,220,220,220,220,220,220,220,220,220,220,220,220,220,220
170175,1,221,221,221,221,221,616,616,616,616,616,616,616,616,616,778,778
170992,1,NA,373,373,373,373,373,373,373,373,373,675,675,675,675,675,675
170994,1,NA,374,374,374,374,374,374,374,374,374,374,374,374,374,374,374
171000,1,NA,375,375,375,375,375,375,375,375,375,676,676,676,676,676,676
171127,1,NA,376,376,376,376,376,376,376,376,376,677,677,677,677,677,677
171247,1,NA,377,377,377,377,377,377,377,377,377,377,377,377,377,377,377
171254,1,NA,378,378,378,378,378,378,378,378,378,378,378,378,378,378,378
171257,1,NA,379,379,379,379,379,379,379,379,379,379,379,379,379,379,379
171262,1,NA,380,380,380,380,380,380,380,380,380,380,380,380,380,380,380
171314,1,222,222,222,222,222,222,222,222,222,222,222,222,222,222,222,222
171348,1,NA,381,381,381,381,381,381,381,381,381,381,381,381,381,381,381
171358,1,223,223,223,223,223,223,223,223,223,223,223,223,223,223,223,792
171456,1,NA,382,382,382,382,617,617,617,617,617,617,617,617,617,617,617
171462,1,NA,383,383,383,383,382,382,382,382,382,382,382,382,382,382,382
171505,1,NA,384,384,384,384,383,383,383,383,648,648,648,648,648,648,648
171506,1,NA,NA,NA,NA,NA,618,618,618,618,618,618,618,618,618,618,618
172154,1,224,224,224,224,224,224,224,224,224,224,224,224,224,224,224,224
172201,1,NA,385,385,385,385,385,385,385,385,385,385,385,385,385,385,385
172202,1,NA,386,386,386,386,386,386,386,386,649,649,649,649,649,649,649
172203,1,NA,387,387,387,387,387,387,387,387,387,678,678,678,678,678,678
172205,1,NA,388,388,388,388,388,388,388,388,388,388,388,388,388,388,388
172248,1,NA,389,389,389,389,389,389,389,389,389,389,389,389,389,389,389
172255,1,NA,390,390,390,390,390,390,390,390,390,390,390,390,390,390,390
172260,1,NA,391,391,391,391,391,391,391,391,391,391,391,391,391,391,391
172365,1,NA,392,392,392,392,392,392,392,392,392,392,392,392,392,392,392
172372,1,NA,393,393,393,393,393,393,393,393,393,393,393,393,393,393,393
172382,1,NA,NA,NA,524,524,524,524,524,524,657,657,657,657,657,657,657
172416,1,NA,394,394,394,394,394,394,394,394,394,394,394,394,394,394,394
172417,1,NA,395,395,395,395,395,395,395,395,395,395,395,395,395,395,395
172418,1,NA,396,396,396,396,396,396,396,396,396,396,396,396,396,396,396
172421,1,NA,397,397,397,397,397,397,397,397,397,397,397,397,397,397,397
172423,1,NA,398,398,398,398,398,398,398,398,398,679,679,679,679,679,679
172470,1,NA,399,399,399,399,399,399,399,399,399,399,399,721,721,721,721
172472,1,NA,400,400,400,400,400,400,400,400,400,400,400,400,400,400,400
172499,1,225,225,225,225,225,225,225,225,225,225,225,225,225,225,225,225
172509,1,226,226,226,226,226,226,226,226,226,226,226,226,226,226,226,226
172556,1,NA,401,401,401,401,401,401,401,401,401,401,401,401,401,401,819
172587,1,NA,402,402,402,402,402,402,402,402,402,402,402,402,402,402,402
172624,1,NA,403,403,403,403,403,403,403,403,403,403,403,403,403,403,793
172626,1,NA,508,508,508,508,619,619,619,619,619,619,619,619,619,619,619
180235,1,227,227,227,227,227,620,620,620,620,620,620,620,620,620,620,820
180654,1,NA,404,404,404,404,404,404,404,404,404,404,404,404,740,740,740
180691,1,NA,405,405,405,405,405,405,405,405,405,405,405,405,405,405,821
180728,1,NA,406,406,406,406,406,406,406,406,406,406,406,406,406,406,406
180903,1,NA,407,407,407,407,407,407,407,407,407,407,407,407,407,407,407
180904,1,NA,NA,NA,525,525,525,525,525,525,525,525,525,525,525,779,779
180984,1,228,228,228,228,228,228,228,228,228,228,228,228,228,228,228,822
180988,3,NA,NA,NA,NA,NA,NA,NA,NA,NA,NA,NA,NA,NA,NA,NA,NA
180991,1,229,229,229,229,229,229,229,229,229,229,229,229,229,229,229,229
181030,1,NA,409,409,409,409,409,409,409,409,409,409,409,409,409,409,409
181033,1,NA,410,410,410,410,410,410,410,410,410,410,410,410,410,410,410
182161,1,230,230,230,230,230,230,230,230,230,230,230,230,230,230,230,230
182207,1,NA,411,411,411,411,411,411,411,411,411,411,411,411,411,411,411
182208,1,NA,412,412,412,412,412,412,412,412,650,650,650,650,650,650,650
182248,1,NA,413,413,413,413,413,413,413,413,413,413,413,413,413,413,413
182376,1,NA,414,414,414,414,414,414,414,414,651,651,651,651,651,651,823
182451,1,NA,415,415,415,415,415,415,415,415,415,415,415,415,415,415,794
182491,1,NA,416,416,416,416,416,416,416,416,416,416,416,416,741,741,741
182498,1,NA,417,417,417,417,417,417,417,417,417,417,417,417,417,417,417
182570,1,NA,509,509,509,509,509,509,509,509,509,509,509,509,509,509,509
182681,1,NA,418,418,418,418,418,418,418,418,418,418,418,418,418,418,418
182693,1,NA,419,419,419,419,419,419,419,419,652,652,652,652,652,652,652
190065,1,NA,420,420,420,420,420,420,420,420,420,420,420,420,420,420,420
190067,1,NA,421,421,421,421,421,421,421,421,421,421,421,421,421,421,421
190071,1,NA,422,422,422,422,422,422,422,422,422,422,422,422,422,422,795
190115,1,231,231,231,231,231,231,231,231,231,231,680,680,680,680,680,680
190413,1,232,232,232,232,232,232,232,232,232,232,681,681,681,681,681,681
190426,1,233,233,233,233,233,621,621,621,621,621,621,621,621,621,621,824
190429,1,NA,423,423,423,423,423,423,423,423,423,423,423,423,423,423,423
190568,1,234,234,234,234,234,622,622,622,622,622,622,622,622,622,622,622
190655,1,NA,424,424,424,424,424,424,424,424,424,682,682,682,682,682,682
190658,1,NA,425,425,425,425,623,623,623,623,623,623,623,623,623,623,623
190670,1,NA,426,426,426,426,426,426,426,426,426,426,426,426,426,426,426
190694,1,235,235,235,235,235,235,235,235,235,235,235,235,235,235,235,235
190793,1,NA,427,427,427,427,427,427,427,427,427,427,427,427,427,427,427
190794,1,NA,428,428,428,428,428,428,428,428,428,428,428,428,428,428,428
190798,1,NA,NA,NA,526,526,526,526,526,526,526,526,526,526,526,526,796
190834,1,NA,429,429,429,429,429,429,429,429,429,429,429,429,429,429,429
190835,1,NA,430,430,430,430,430,430,430,430,430,430,430,430,742,742,742
190838,1,NA,431,431,431,431,431,431,431,431,431,431,431,431,743,743,743
190840,1,NA,NA,NA,527,527,527,527,527,527,527,527,527,722,722,722,722
190935,1,NA,NA,NA,528,528,528,528,528,528,528,528,528,528,744,744,744
192008,1,NA,432,432,432,432,432,432,432,432,432,432,432,432,432,432,432
192055,1,NA,433,433,433,433,433,433,433,433,433,433,433,433,433,433,433
192062,1,NA,434,434,434,434,434,434,434,434,434,434,434,434,434,434,434
192064,1,NA,435,435,435,435,435,435,435,435,435,435,435,435,435,435,435
192110,1,NA,436,436,436,436,436,436,436,436,436,436,436,436,436,436,436
192133,1,NA,437,437,437,437,437,437,437,437,437,437,437,437,437,437,437
192244,1,NA,438,438,438,438,438,438,438,438,438,438,438,438,438,780,780
192437,1,NA,439,439,439,439,439,439,439,439,653,653,653,653,653,653,653
192466,1,NA,440,440,440,440,440,440,440,440,440,440,440,723,723,723,723
192484,1,NA,441,441,441,441,441,441,441,441,441,683,683,683,683,683,683
192527,1,NA,NA,NA,529,529,529,529,529,529,529,529,529,529,529,529,529
192528,1,NA,442,442,442,442,442,442,442,442,442,442,442,442,442,442,442
192532,1,NA,443,443,443,443,443,443,443,443,443,443,443,443,745,745,745
192533,1,NA,444,444,444,444,444,444,444,444,444,444,444,444,444,444,825
192534,1,NA,445,445,445,445,445,445,445,445,445,445,445,445,445,445,445
192542,1,NA,446,446,446,446,446,446,446,446,446,446,446,446,446,446,446
192543,1,NA,447,447,447,447,447,447,447,447,447,447,447,447,746,746,746
192544,1,NA,448,448,448,448,448,448,448,448,448,448,448,448,448,448,448
192546,1,NA,449,449,449,449,449,449,449,449,449,449,449,449,449,449,449
192548,1,NA,450,450,450,450,450,450,450,450,450,450,450,450,450,450,450
192560,1,236,236,236,236,236,236,236,236,236,236,236,236,236,236,236,236
192570,1,NA,451,451,451,451,451,451,451,451,451,451,451,451,451,451,451
192619,1,NA,452,452,452,452,452,452,452,452,452,452,452,452,452,452,847
192674,1,NA,453,453,453,453,453,453,453,453,453,453,453,453,453,453,797
200038,1,NA,NA,NA,NA,NA,631,631,631,631,631,631,631,631,631,631,631
200038,2,NA,NA,NA,NA,NA,629,629,629,629,629,629,629,629,629,629,629
200142,1,NA,454,454,454,454,454,454,454,454,454,454,454,454,454,454,454
200151,1,NA,455,455,455,455,455,455,455,455,455,455,455,455,455,155,826
200547,1,NA,456,456,456,456,456,456,456,456,456,456,456,456,456,456,456
200551,1,NA,457,457,457,457,457,457,457,457,457,457,457,457,457,457,457
200553,1,NA,458,458,458,458,458,458,458,458,458,458,458,458,458,458,458
200577,1,NA,459,459,459,459,459,459,459,459,459,459,459,459,459,459,459
200586,1,NA,460,460,460,460,460,460,460,460,460,460,460,460,460,460,460
200613,1,239,239,239,239,239,239,239,239,239,239,684,684,684,684,684,684
200676,1,240,240,240,240,240,625,625,625,625,625,625,625,625,625,625,625
200812,1,NA,461,461,461,461,461,461,461,461,461,461,461,461,461,461,461
200818,1,NA,462,462,462,462,462,462,462,462,462,462,462,462,462,462,462
200822,1,NA,463,463,463,463,463,463,463,463,463,685,685,685,685,685,685
201207,1,241,241,538,538,538,538,538,538,538,658,658,658,658,658,658,827
201208,1,242,242,242,242,242,242,242,242,242,242,242,242,242,242,242,242
201248,1,243,243,243,243,243,243,243,243,243,243,243,243,243,243,243,243
201252,1,NA,464,464,539,539,539,539,539,539,539,539,539,539,539,539,539
201261,1,NA,510,510,540,540,540,540,540,540,540,540,540,540,540,540,540
201263,1,NA,NA,NA,530,530,530,530,530,530,530,530,530,530,530,530,530
201264,1,NA,465,465,465,465,465,465,465,465,654,654,654,654,654,654,654
201274,1,NA,466,466,466,466,466,466,466,466,466,466,466,466,466,466,466
201278,1,NA,467,467,467,467,467,467,467,467,467,467,467,467,467,467,467
201279,1,NA,468,468,468,468,468,468,468,468,468,468,693,693,693,693,693
201432,1,NA,469,469,469,469,469,469,469,469,469,469,469,469,747,747,747
201441,1,NA,470,470,470,470,470,470,470,470,470,470,470,470,470,781,781
202050,1,NA,471,471,471,471,471,471,471,471,471,471,694,694,694,694,694
202072,1,NA,472,472,472,472,472,472,472,472,472,472,472,472,472,472,848
202118,1,NA,473,473,473,473,473,473,473,473,473,473,473,473,473,473,473
202201,1,NA,474,474,474,474,474,474,474,474,474,474,724,724,724,724,724
202203,1,NA,511,511,511,511,628,628,628,628,628,628,628,628,628,628,798
202212,1,NA,475,475,541,541,541,541,541,541,541,541,541,541,541,541,541
202215,1,NA,476,476,476,476,476,476,476,476,476,476,476,476,476,476,476
202283,1,NA,477,477,477,477,477,477,477,477,477,477,477,477,748,748,748
202336,1,NA,478,478,478,478,478,478,478,478,655,655,655,655,655,655,655
202337,1,NA,479,479,479,479,479,479,479,479,656,656,656,656,656,656,656
202444,1,NA,480,480,480,480,624,624,624,624,624,624,624,624,624,624,624
202449,1,NA,481,481,481,481,481,481,481,481,481,481,481,481,481,481,481
202536,1,NA,482,482,482,482,482,482,482,482,482,482,482,482,749,749,749
202541,1,NA,483,483,483,483,483,483,483,483,483,483,483,483,483,483,483
202543,1,NA,484,484,484,484,484,484,484,484,484,484,484,484,484,484,484
202545,1,NA,485,485,485,485,485,485,485,485,485,485,485,485,485,485,828
202550,1,NA,486,486,486,486,486,486,486,486,486,486,486,486,486,486,486
202581,1,NA,487,487,487,487,487,487,487,487,487,487,487,487,487,487,487
202584,1,NA,488,488,488,488,488,488,488,488,488,488,488,488,488,488,488
202585,1,NA,489,489,489,489,489,489,489,489,489,686,686,686,686,686,686
202586,1,NA,490,490,490,490,490,490,490,490,490,687,687,687,687,687,687
202671,1,NA,491,491,491,491,491,491,491,491,491,491,491,491,491,491,491
202971,1,NA,492,492,492,492,492,492,492,492,492,492,492,492,492,492,829
