tag,stemtag,sp,quadrat,biannual,intraannual,cored,treeID,stemID,dendro.start.date,dendro.end.date,mortality.year,tree.notes,lx,ly,gx,gy,NAD83_X,NAD83_Y,lat,lon
10469,1,litu,109,1,0,0,1419,1419,27-Jan-10,NA,NA,,9.7,1,9.699999809,161,747391.4833,4308667.62,38.89206897,-78.14759405
10587,1,litu,113,1,0,0,1526,1526,27-Jan-10,NA,NA,,2.6,13,2.599999905,253,747382.2509,4308759.43,38.8928979,-78.1476673
10609,1,cagl,111,1,0,0,1548,1548,27-Jan-10,NA,NA,,19.5,2.9,19.5,202.8999939,747400.3086,4308709.736,38.89244555,-78.14747723
10671,1,quru,114,1,1,0,1609,1609,27-Jan-10,NA,NA,,6.2,14.5,6.199999809,274.5,747385.3511,4308781.008,38.89309123,-78.14762382
12025,1,quru,117,1,1,0,1713,1713,24-Mar-11,NA,NA,,15,16.3,5,336.2999878,747382.7177,4308842.763,38.89364779,-78.1476319
12101,1,quru,120,1,0,0,1786,1786,27-Jan-10,19-Mar-13,2013,,10.7,1.9,10.69999981,381.8999939,747387.3583,4308888.483,38.89405798,-78.14756198
12259,1,litu,125,1,0,0,1934,1934,27-Jan-10,NA,NA,,16.3,1.5,16.29999924,481.5,747390.6462,4308988.187,38.89495442,-78.14748819
12270,1,tiam,125,1,0,0,1942,1942,27-Jan-10,NA,NA,,19.4,19.6,19.39999962,499.6000061,747393.3254,4309006.354,38.89511717,-78.14745078
12308,1,caca,126,1,0,0,1977,1977,27-Jan-10,18-Apr-17,2017,,11.7,0.6,11.69999981,500.6000061,747385.6043,4309007.175,38.89512674,-78.14753941
12508,1,litu,131,1,0,0,2157,2157,27-Jan-10,NA,NA,,10.7,10.4,10.69999981,610.4000244,747382.0573,4309116.922,38.8961155,-78.14754072
20432,1,fram,204,1,0,1,2661,2661,27-Jan-10,18-Apr-17,2017,,3.5,19.8,23.5,79.80000305,747407.1634,4308586.762,38.89133681,-78.1474426
20587,1,litu,208,1,0,0,2778,2778,27-Jan-10,NA,NA,,14.8,1.3,34.79999924,141.3000031,747417.0336,4308648.507,38.89188976,-78.14730668
20603,1,fram,208,1,0,0,2793,2793,27-Jan-10,NA,NA,,6,12.8,26,152.8000031,747407.9692,4308659.8,38.89199395,-78.147407
20617,1,litu,209,1,0,0,2807,2807,27-Jan-10,NA,NA,,6.9,7.6,26.89999962,167.6000061,747408.5256,4308674.617,38.89212715,-78.14739526
20712,1,litu,212,1,0,0,2897,2897,27-Jan-10,NA,NA,,1.5,8.3,21.5,228.3000031,747401.7188,4308735.175,38.89267411,-78.14745183
22004,2,litu,217,1,0,0,3037,32560,24-Mar-11,NA,NA,,11.4,1.7,28.60000038,321.7000122,747406.6501,4308828.715,38.89351461,-78.14736133
22041,1,litu,217,1,0,0,3072,3072,27-Jan-10,NA,NA,,1.8,19,21.79999924,339,747399.4506,4308845.853,38.89367088,-78.14743807
22170,1,litu,221,1,0,0,3197,3197,27-Jan-10,NA,NA,,7.9,13.8,27.89999962,413.7999878,747403.8136,4308920.774,38.89434397,-78.14736083
22333,1,fram,226,1,0,0,3354,3354,27-Jan-10,NA,NA,,5.5,2.7,25.5,502.7000122,747399.3519,4309009.594,38.89514464,-78.14738021
30039,1,fram,302,1,0,1,3702,3702,27-Jan-10,18-Apr-17,2017,,4.6,2.7,44.59999847,22.70000076,747429.5824,4308530.167,38.89082112,-78.1472048
30225,1,qual,306,1,1,0,3866,3866,3-Jun-13,NA,NA,,20,3.1,60,103.0999985,747443.113,4308610.902,38.89154396,-78.14701988
30233,1,fagr,306,1,1,1,3874,3874,27-Jan-10,NA,NA,,15.6,16.2,55.59999847,116.1999969,747438.4103,4308623.897,38.89166224,-78.14706936
30234,1,fagr,306,1,1,0,3875,3875,3-Jun-13,NA,NA,,15.3,18.5,55.29999924,118.5,747438.057,4308626.189,38.89168297,-78.1470726
30331,1,cagl,306,1,1,0,3967,3967,3-Jun-13,NA,NA,,8.3,19.5,48.29999924,119.5,747431.0357,4308627.026,38.89169248,-78.14715316
30333,1,fagr,306,1,1,1,3969,3969,3-Jun-13,NA,NA,,14,19.3,54,119.3000031,747436.7388,4308626.959,38.89169027,-78.14708751
30339,1,litu,307,1,1,0,3975,3975,13-Mar-13,NA,NA,,8.6,4.1,48.59999847,124.0999985,747431.2289,4308631.632,38.89173388,-78.14714928
30339,2,litu,307,1,1,0,3975,32681,13-Mar-13,NA,NA,,8.6,4.1,48.59999847,124.0999985,747431.2289,4308631.632,38.89173388,-78.14714928
30339,3,litu,307,1,1,0,3975,37149,13-Mar-13,NA,NA,,8.6,4.1,48.59999847,124.0999985,747431.2289,4308631.632,38.89173388,-78.14714928
30343,1,quru,307,1,1,1,3979,3979,3-Jun-13,5-Apr-16,2016,,17.9,8,57.90000153,128,747440.4359,4308635.747,38.89176832,-78.14704176
30365,1,fram,308,1,0,0,,,27-Jan-10,NA,NA,,19.6,1.8,,,,,,
30462,1,litu,313,1,0,0,4091,4091,27-Jan-10,NA,NA,,16.2,19,56.20000076,259,747435.6973,4308766.672,38.89294803,-78.14704916
30467,1,litu,314,1,1,0,4096,4096,27-Jan-10,NA,NA,,17.3,3,57.29999924,263,747436.7042,4308770.697,38.89298397,-78.14703611
30512,1,quru,313,1,1,0,4137,4137,27-Jan-10,NA,NA,,2.9,14.3,42.90000153,254.3000031,747422.5099,4308761.665,38.89290667,-78.14720284
30584,1,quve,316,1,0,0,4207,4207,27-Jan-10,NA,NA,,2.2,14.4,42.20000076,314.3999939,747420.4158,4308821.732,38.89344789,-78.14720531
32084,1,litu,319,1,0,0,4313,8257,27-Jan-10,8-Mar-18,2018,,6.5,11.5,46.5,331.5,747424.3179,4308838.928,38.89360155,-78.14715417
32097,1,litu,320,1,0,0,4326,4326,27-Jan-10,NA,NA,,17.9,3,57.90000153,383,747434.5201,4308890.678,38.89406445,-78.14701803
32126,1,litu,321,1,1,0,4355,4355,27-Jan-10,NA,NA,,9.6,5,49.59999847,405,747425.7119,4308912.48,38.89426316,-78.14711161
32381,1,qupr,327,1,0,1,4606,4606,27-Jan-10,NA,NA,,4.6,12.8,44.59999847,532.7999878,747417.7484,4309040.129,38.89541429,-78.14715733
32423,1,litu,329,1,0,0,4647,4647,27-Jan-10,NA,NA,,17.6,13.1,57.59999847,573.0999756,747429.81,4309080.72,38.89577622,-78.14700379
32540,1,qupr,332,1,0,0,4760,4760,27-Jan-10,NA,NA,,19.9,15.6,59.90000153,635.5999756,747430.6594,4309143.257,38.89633883,-78.14697146
40562,1,fagr,406,1,1,0,5039,5039,3-Jun-13,NA,NA,,6.3,16.2,66.30000305,116.1999969,747449.1074,4308624.145,38.89166146,-78.14694608
40563,1,fagr,406,1,1,1,5040,5040,3-Jun-13,NA,NA,,3.6,17.8,63.59999847,117.8000031,747446.371,4308625.682,38.89167606,-78.14697704
40564,1,fagr,406,1,1,0,5041,5041,3-Jun-13,NA,NA,,2.4,12.4,62.40000153,112.4000015,747445.2966,4308620.255,38.89162753,-78.14699137
40565,1,cagl,406,1,1,0,5042,5042,3-Jun-13,NA,NA,,1.9,10.1,61.90000153,110.0999985,747444.8501,4308617.944,38.89160685,-78.14699734
40566,1,cagl,406,1,1,0,5043,5043,3-Jun-13,NA,NA,,1.1,9.4,61.09999847,109.4000015,747444.0666,4308617.226,38.89160061,-78.14700662
40567,1,fagr,406,1,1,0,5044,5044,3-Jun-13,NA,NA,,1.6,7.2,61.59999847,107.1999969,747444.6175,4308615.038,38.89158076,-78.14700107
40568,1,fagr,406,1,1,0,5045,5045,3-Jun-13,NA,NA,,0.1,5.2,60.09999847,105.1999969,747443.1643,4308613.004,38.89156286,-78.14701854
40569,1,litu,407,1,1,0,5046,5046,3-Jun-13,NA,NA,,5.6,1.7,65.59999847,121.6999969,747448.28,4308629.627,38.89171103,-78.14695363
40635,1,cagl,408,1,0,0,5109,5109,27-Jan-10,NA,NA,,18.7,1,78.69999695,141,747460.9287,4308649.226,38.89188387,-78.1468009
40875,1,qual,412,1,1,0,5341,5341,27-Jan-10,15-Dec-11,2011,,14.4,14.4,74.40000153,234.3999939,747454.4631,4308742.501,38.89272519,-78.14684175
40941,1,litu,414,1,0,0,5402,9757,27-Jan-10,NA,NA,,6,15.4,66,255.3999939,747445.5781,4308763.3,38.8929149,-78.14693658
40942,1,acru,414,1,0,0,5403,5403,27-Jan-10,NA,NA,,2.2,2,62.20000076,262,747441.626,4308769.81,38.8929746,-78.14697975
40972,1,litu,415,1,0,0,5432,32871,24-Mar-11,NA,NA,,7.2,9.6,67.19999695,289.6000061,747445.9844,4308797.519,38.89322276,-78.14691957
42009,1,ploc,417,1,0,0,5499,5499,27-Jan-10,NA,NA,,4.1,19.2,79.5,323.7000122,747457.49,4308831.895,38.89352892,-78.14677467
42270,1,quru,424,1,1,0,5755,5755,27-Jan-10,15-Dec-11,2012,,12.3,18.6,72.30000305,478.6000061,747446.6984,4308986.587,38.89492423,-78.14684321
42397,1,quru,428,1,0,0,5881,5881,27-Jan-10,NA,NA,,10.4,5.5,70.40000153,545.5,747443.2468,4309053.424,38.89552677,-78.14685887
42562,1,quru,431,1,0,0,5942,5942,27-Jan-10,2-Nov-15,2016,,15.2,0.4,75.19999695,600.4000244,747446.7719,4309108.421,38.89602076,-78.14679845
50160,1,fram,502,1,0,0,6050,6050,27-Jan-10,NA,NA,,7.4,11,87.40000153,31,747472.1783,4308539.457,38.89089275,-78.1467109
50288,1,quru,505,1,0,0,6176,6176,27-Jan-10,NA,NA,,10.8,10.6,90.80000305,90.59999847,747474.1947,4308599.12,38.89142916,-78.14666618
50364,1,qual,507,1,1,0,6249,6249,27-Jan-10,NA,NA,,4.2,18.1,84.19999695,138.1000061,747466.4945,4308646.454,38.89185735,-78.1467378
50650,1,litu,514,1,1,0,6521,6521,3-Jun-13,NA,NA,,19.5,14.9,99.5,274.8999939,747478.6167,4308783.572,38.89308805,-78.14654877
50654,1,litu,514,1,1,0,6525,6525,3-Jun-13,NA,NA,,17.2,19.1,97.19999695,279.1000061,747476.2199,4308787.718,38.89312603,-78.14657488
52087,1,quru,519,1,0,0,6638,6638,27-Jan-10,NA,NA,,1.1,11.1,81.09999847,371.1000061,747457.9899,4308879.32,38.89395561,-78.14675182
52190,1,quru,522,1,1,0,6741,6741,27-Jan-10,NA,NA,,16.4,3.4,96.40000153,423.3999939,747472.0725,4308931.96,38.89442543,-78.14657066
52276,1,quve,525,1,0,1,6826,6826,27-Jan-10,18-Apr-17,2017,,7.3,10.7,87.30000305,490.7000122,747461.4136,4308999.031,38.89503209,-78.14666924
60161,1,qupr,608,1,0,1,7163,7163,27-Jan-10,NA,NA,,17.5,14.1,117.5,151.6999969,747499.47,4308660.823,38.89197739,-78.14635285
60414,1,quru,611,1,1,0,7401,7401,27-Jan-10,15-Dec-11,2012,,4.2,0,104.1999969,200,747485.0531,4308708.802,38.89241327,-78.1465016
60456,1,caca,614,1,1,0,7441,7441,3-Jun-13,NA,NA,,5.3,15,105.3000031,275,747484.4129,4308783.807,38.89308853,-78.14648194
60457,1,caca,614,1,1,0,7442,7442,3-Jun-13,NA,NA,,4,15.2,104,275.2000122,747483.1086,4308783.977,38.89309042,-78.1464969
60458,1,fagr,615,1,1,0,7443,7443,3-Jun-13,NA,NA,,1.9,0,101.9000015,280,747480.8978,4308788.727,38.8931338,-78.14652064
60459,1,fagr,615,1,1,0,7444,7444,3-Jun-13,NA,NA,,2,3,102,283,747480.9281,4308791.728,38.8931608,-78.14651921
60462,1,fagr,615,1,1,0,7447,7447,3-Jun-13,NA,NA,,5.6,7.6,105.5999985,287.6000061,747484.4205,4308796.41,38.89320196,-78.14647731
60463,1,juni,615,1,1,0,7448,7448,3-Jun-13,NA,NA,,7.2,8,107.1999969,288,747486.0107,4308796.847,38.89320545,-78.14645883
60468,1,caca,615,1,1,0,7453,7453,3-Jun-13,NA,NA,,5.4,9.6,105.4000015,289.6000061,747484.1741,4308798.405,38.89321998,-78.14647942
60469,1,cofl,615,1,1,0,7454,7454,3-Jun-13,NA,NA,,6.8,9.8,106.8000031,289.7999878,747485.5691,4308798.638,38.89322168,-78.14646327
60562,1,fagr,614,1,1,0,7541,7541,3-Jun-13,NA,NA,,19,8.7,119,268.7000122,747498.2553,4308777.826,38.8930308,-78.14632467
60563,1,caca,614,1,1,0,7542,7542,3-Jun-13,NA,NA,,14.2,13.2,114.1999969,273.2000122,747493.3522,4308782.214,38.89307167,-78.14637956
60566,1,fagr,614,1,1,0,7545,7545,3-Jun-13,NA,NA,,10,11,110,271,747489.2044,4308779.917,38.89305217,-78.14642815
60567,1,litu,614,1,1,0,7546,7546,3-Jun-13,NA,NA,,11.6,11.2,111.5999985,271.2000122,747490.7993,4308780.154,38.89305385,-78.1464097
60568,1,caca,614,1,1,0,7547,7547,3-Jun-13,NA,NA,,15.5,15.6,115.5,275.6000061,747494.5962,4308784.643,38.89309319,-78.14636436
60569,1,caca,614,1,1,0,7548,7548,3-Jun-13,NA,NA,,19.4,16.2,119.4000015,276.2000122,747498.4812,4308785.334,38.8930983,-78.14631936
60570,1,caco,614,1,1,0,7549,7549,3-Jun-13,18-Apr-17,2017,,15.2,16.7,115.1999969,276.7000122,747494.2707,4308785.736,38.89310311,-78.14636771
60571,1,caca,614,1,1,0,7550,7550,3-Jun-13,NA,NA,,12,17.4,112,277.3999939,747491.0554,4308786.362,38.89310965,-78.14640451
60573,1,tiam,614,1,1,0,7552,7552,3-Jun-13,NA,NA,,8.5,16.3,108.5,276.2999878,747487.5818,4308785.181,38.8931,-78.14644494
60576,1,caca,615,1,1,0,7555,7555,3-Jun-13,NA,NA,,17.1,1,117.0999985,281,747496.0705,4308790.079,38.89314169,-78.14634542
60577,1,litu,615,1,1,0,7556,7556,3-Jun-13,NA,NA,,12.7,1.4,112.6999969,281.3999939,747491.6624,4308790.377,38.89314562,-78.14639608
60578,1,caca,615,1,1,0,7557,7557,3-Jun-13,NA,NA,,13.2,9.9,113.1999969,289.8999939,747491.9651,4308798.886,38.89322212,-78.14638952
60579,1,caca,615,1,1,0,7558,7558,3-Jun-13,10-Nov-16,2017,,16.8,4,116.8000031,284,747495.701,4308793.071,38.89316873,-78.14634859
60581,1,litu,615,1,1,0,7560,7560,3-Jun-13,NA,NA,,19.8,9.3,119.8000031,289.2999878,747498.5772,4308798.439,38.89321623,-78.14631353
60582,1,quru,615,1,1,0,7561,7561,3-Jun-13,NA,NA,,20,10.2,120,290.2000122,747498.7563,4308799.344,38.89322432,-78.14631115
60586,1,caca,615,1,1,0,7565,7565,3-Jun-13,NA,NA,,16.2,9.3,116.1999969,289.2999878,747494.9782,4308798.356,38.8932165,-78.14635501
60587,1,caca,615,1,1,0,7566,7566,3-Jun-13,NA,NA,,14,9.8,114,289.7999878,747492.7672,4308798.805,38.89322116,-78.14638032
60588,1,caco,615,1,1,0,7567,7567,3-Jun-13,NA,NA,,13.4,7.3,113.4000015,287.2999878,747492.2253,4308796.291,38.89319869,-78.14638746
62128,1,quru,620,1,1,0,7706,7706,27-Jan-10,NA,NA,,8,0.8,108,380.7999878,747484.6576,4308889.641,38.894041,-78.14644097
62181,1,quve,621,1,0,0,7759,7759,27-Jan-10,NA,NA,,8.8,13.5,108.8000031,413.5,747484.6988,4308922.351,38.89433538,-78.14642871
62224,1,litu,622,1,1,0,7801,7801,27-Jan-10,NA,NA,,3.2,17.3,103.1999969,437.2999878,747478.5482,4308946.014,38.8945501,-78.14649101
62241,1,litu,623,1,0,0,7818,7818,27-Jan-10,NA,NA,,13.9,0.7,113.9000015,440.7000122,747489.1664,4308949.662,38.89457993,-78.14636741
62417,1,quve,630,1,0,0,7992,7992,27-Jan-10,NA,NA,,8.9,17,108.9000015,597,747480.5417,4309105.804,38.89598769,-78.14641046
62449,1,qual,632,1,0,0,8020,8020,27-Jan-10,NA,NA,,18.7,3.9,118.6999969,623.9000244,747489.715,4309132.924,38.8962292,-78.14629503
62454,1,quve,632,1,0,0,8025,8025,27-Jan-10,NA,NA,,14.7,18.8,114.6999969,638.7999878,747485.3704,4309147.727,38.89636365,-78.14633973
70096,1,quru,704,1,1,1,8126,8126,27-Jan-10,NA,NA,,3.3,12.7,123.3000031,72.69999695,747507.1012,4308581.979,38.89126562,-78.14629339
70126,1,quru,705,1,1,1,8152,8152,24-Mar-11,NA,NA,,9.3,12.5,129.3000031,92.5,747512.6403,4308601.913,38.89144347,-78.14622241
70181,1,litu,707,1,0,0,8200,8200,27-Jan-10,NA,NA,,13.3,17.2,132.1000061,139,747514.3608,4308648.465,38.89186197,-78.14618582
70216,1,quve,701,1,0,0,8234,8234,27-Jan-10,NA,NA,,18.7,11.6,138.6999969,11.60000038,747523.9146,4308521.253,38.89071433,-78.14612165
70220,1,qual,702,1,1,0,8238,8238,27-Jan-10,NA,NA,,18.3,0.8,138.3000031,20.79999924,747523.3012,4308530.441,38.8907972,-78.1461254
70278,1,qupr,704,1,0,0,8293,8293,27-Jan-10,NA,NA,,15.6,15.4,135.6000061,75.40000153,747519.3353,4308584.964,38.89128903,-78.14615142
70292,1,cagl,705,1,0,0,8303,8303,27-Jan-10,NA,NA,,14.6,2.1,134.6000061,82.09999847,747518.1801,4308591.639,38.89134944,-78.14616232
70352,1,litu,707,1,0,0,8357,8357,27-Jan-10,NA,NA,,20,11,138.5,131,747520.9446,4308640.616,38.89178947,-78.14611282
70356,1,caca,707,1,0,0,8361,8361,27-Jan-10,18-Apr-17,2017,,17.5,17.7,137.5,137.6999969,747519.7895,4308647.291,38.89184987,-78.14612372
70357,1,cagl,708,1,0,0,8362,8362,27-Jan-10,NA,NA,,7.6,18.4,139.6999969,140.1000061,747521.9332,4308649.741,38.89187132,-78.14609815
70358,1,litu,708,1,0,0,8363,8363,27-Jan-10,NA,NA,,18.1,2.3,138.3999939,142,747520.5894,4308651.611,38.89188853,-78.14611295
70433,1,litu,710,1,0,1,8436,8436,27-Jan-10,NA,NA,,11.4,13.8,131.3999939,193.8000031,747512.3896,4308703.234,38.89235547,-78.14618878
70492,1,nysy,714,1,1,0,8495,8495,3-Jun-13,NA,NA,,0.1,11.2,120.0999985,271.2000122,747499.297,4308780.351,38.89305323,-78.14631176
70493,1,litu,714,1,1,0,8496,8496,3-Jun-13,NA,NA,,0.3,15.2,120.3000031,275.2000122,747499.4042,4308784.355,38.89308923,-78.14630909
70494,1,caca,714,1,1,0,181,181,3-Jun-13,NA,NA,,0.4,15.7,120.4000015,275.7000122,747499.4926,4308784.857,38.89309373,-78.14630789
70494,2,caca,714,1,1,0,181,31371,3-Jun-13,NA,NA,,0.4,15.7,120.4000015,275.7000122,747499.4926,4308784.857,38.89309373,-78.14630789
70495,1,caca,714,1,1,0,8497,8497,3-Jun-13,NA,NA,,1.7,18.6,121.6999969,278.6000061,747500.7249,4308787.786,38.89311975,-78.14629264
70519,1,qual,711,1,1,1,8520,8520,27-Jan-10,NA,NA,,15.5,3.3,135.5,203.3000031,747516.2681,4308712.827,38.89244071,-78.14614065
70536,1,qual,711,1,1,1,8537,8537,27-Jan-10,NA,NA,,11.9,7.4,131.8999939,207.3999939,747512.574,4308716.842,38.89247789,-78.14618175
70579,1,caco,714,1,0,0,8578,8578,27-Jan-10,NA,NA,,19.2,4.3,139.1999969,264.2999878,747518.552,4308773.896,38.89298971,-78.14609234
70581,1,quru,714,1,1,0,8580,8580,27-Jan-10,NA,NA,,13.7,1.2,133.6999969,261.2000122,747513.1254,4308770.669,38.8929622,-78.146156
70588,1,quve,714,1,0,0,8587,8587,27-Jan-10,18-Apr-17,2017,,16.2,5.2,136.1999969,265.2000122,747515.5319,4308774.726,38.89299803,-78.14612682
72024,1,quve,717,1,0,0,8670,8670,27-Jan-10,NA,NA,,20,9.6,140,329.6000061,747517.8368,4308839.197,38.89357764,-78.14607703
72115,1,litu,719,1,0,0,8760,8760,27-Jan-10,NA,NA,,11.2,10.7,131.1999969,370.7000122,747508.0857,4308880.082,38.89394836,-78.1461746
72116,1,litu,719,1,1,0,8761,8761,27-Jan-10,NA,NA,,14.4,10.8,134.3999939,370.7999878,747511.2825,4308880.256,38.89394903,-78.14613772
72122,1,caca,719,1,0,0,8767,8767,27-Jan-10,NA,NA,,19.9,19,139.8999939,379,747516.5908,4308888.582,38.89402247,-78.14607358
72124,1,quru,719,1,1,0,8769,8769,27-Jan-10,NA,NA,,12.5,19.4,132.5,379.3999939,747509.1835,4308888.81,38.89402661,-78.14615881
72149,1,litu,720,1,0,0,8794,8794,27-Jan-10,NA,NA,,13.8,0.7,133.8000031,380.7000122,747510.453,4308890.14,38.89403822,-78.14614371
72210,1,qual,721,1,1,0,8853,8853,27-Jan-10,NA,NA,,5.2,11.5,125.1999969,411.5,747501.1408,4308920.732,38.89431618,-78.14623993
72232,1,qual,722,1,0,1,8875,8875,27-Jan-10,NA,NA,,14.5,12.6,134.5,432.6000061,747509.9488,4308942.042,38.8945055,-78.1461308
72248,1,caco,723,1,0,0,8890,8890,27-Jan-10,NA,NA,,15,0.3,135,440.2999878,747510.27,4308949.751,38.8945748,-78.14612432
72308,1,qual,725,1,1,0,8948,8948,27-Jan-10,NA,NA,,15.2,13.3,135.1999969,493.2999878,747509.2404,4309002.742,38.89505202,-78.14611708
72322,1,litu,726,1,0,0,8962,8962,27-Jan-10,NA,NA,,18.1,0.3,138.1000061,500.2999878,747511.9772,4309009.807,38.89511484,-78.14608301
72324,1,litu,726,1,1,0,8964,8964,27-Jan-10,NA,NA,,14.4,6.6,134.3999939,506.6000061,747508.1321,4309016.02,38.89517183,-78.14612506
72337,1,quru,727,1,1,0,8977,8977,27-Jan-10,NA,NA,,7.9,2.6,127.9000015,522.5999756,747501.2626,4309031.865,38.89531638,-78.14619846
72348,1,quru,727,1,1,0,8988,8988,27-Jan-10,NA,NA,,12,15.1,132,535.0999756,747505.0715,4309044.456,38.89542863,-78.14615006
72357,1,quru,728,1,1,0,8997,8997,27-Jan-10,NA,NA,,1.7,2,121.6999969,542,747494.6142,4309051.115,38.89549151,-78.14626809
72375,1,litu,728,1,0,0,9015,9015,27-Jan-10,NA,NA,,13.7,17.1,133.6999969,557.0999756,747506.2607,4309066.49,38.89562661,-78.14612842
72377,1,litu,728,1,0,0,9016,9016,27-Jan-10,NA,NA,,10.6,16.1,130.6000061,556.0999756,747503.1847,4309065.418,38.89561783,-78.14616423
72408,1,qual,730,1,1,0,9047,9047,27-Jan-10,15-Dec-11,2011,,4.8,9.9,124.8000031,589.9000244,747496.6022,4309099.075,38.8959226,-78.14622791
72427,1,litu,730,1,1,0,9066,9066,27-Jan-10,NA,NA,,3.6,19.4,123.5999985,599.4000244,747495.1821,4309108.544,38.89600823,-78.14624085
72447,1,litu,732,1,0,0,9085,9085,27-Jan-10,NA,NA,,14.9,4.1,134.8999939,624.0999756,747505.906,4309133.5,38.89622982,-78.14610834
72448,1,litu,732,1,0,0,9086,9086,27-Jan-10,NA,NA,,18.9,4.7,138.8999939,624.7000122,747509.891,4309134.192,38.89623493,-78.1460622
72452,1,quve,732,1,0,0,9090,9090,27-Jan-10,15-Jan-11,2011,,16.4,11.8,136.3999939,631.7999878,747507.227,4309141.232,38.89629904,-78.14609034
72460,1,quru,732,1,0,0,9098,9098,15-Mar-12,18-Apr-17,2017,,9.1,15.6,129.1000061,635.5999756,747499.8408,4309144.862,38.89633379,-78.1461741
80005,1,fram,801,1,0,0,9107,9107,27-Jan-10,NA,NA,,1.9,12.4,141.8999939,12.39999962,747527.0951,4308522.127,38.8907213,-78.1460847
80100,1,litu,804,1,0,0,9197,9197,27-Jan-10,NA,NA,,3.4,12.6,142.3999939,70.80000305,747526.2402,4308580.523,38.89124712,-78.1460735
80180,1,cato,804,1,0,0,9268,9268,27-Jan-10,NA,NA,,11.6,5.6,155.8999939,65.30000305,747539.8641,4308575.337,38.89119661,-78.14591847
80398,1,caco,807,1,0,1,9474,9474,27-Jan-10,NA,NA,,1.8,19.6,140.1999969,139.6999969,747522.4423,4308649.353,38.89186768,-78.14609243
80401,1,caco,807,1,0,0,9477,9477,27-Jan-10,NA,NA,,7.4,19.4,147.3999939,139.6000061,747529.6427,4308649.42,38.89186626,-78.14600948
80491,1,quru,809,1,0,1,9567,9567,27-Jan-10,29-Oct-13,2015,"band missing in 2014, not considered dead until 2015",5.2,17.7,145.1999969,177.6999969,747526.5594,4308687.459,38.89220949,-78.14603128
80554,1,caovl,813,1,0,1,9630,9630,27-Jan-10,NA,NA,,6.9,11.2,146.8999939,251.1999969,747526.5538,4308760.978,38.89287119,-78.14600484
80559,1,nysy,813,1,0,0,9635,9635,27-Jan-10,NA,NA,,8.9,17.8,148.8999939,257.7999878,747528.4001,4308767.623,38.89293047,-78.14598118
80614,1,caco,810,1,0,0,9686,9686,27-Jan-10,18-Apr-17,2017,,1.9,18.2,141.8999939,198.1999969,747522.7847,4308707.877,38.89239432,-78.14606739
80615,1,litu,810,1,0,0,9687,9687,27-Jan-10,NA,NA,,4.4,16.8,144.3999939,196.8000031,747525.3165,4308706.535,38.89238153,-78.14603871
80628,1,quru,811,1,1,0,9700,9700,27-Jan-10,NA,NA,,7.5,3,147.5,203,747528.2718,4308712.805,38.89243713,-78.14600242
80631,1,litu,811,1,0,0,9703,9703,27-Jan-10,NA,NA,,0.2,6.1,140.1999969,206.1000061,747520.9019,4308715.735,38.89246558,-78.14608624
82125,1,cagl,819,1,0,0,9972,9972,27-Jan-10,NA,NA,,1.6,14.3,141.6000061,374.2999878,747518.3994,4308883.922,38.89398002,-78.14605443
82138,1,quru,820,1,0,1,9984,9984,27-Jan-10,NA,NA,,1.1,2.7,141.1000061,382.7000122,747517.7047,4308892.308,38.8940557,-78.14605941
82203,1,litu,822,1,1,0,10045,10045,27-Jan-10,NA,NA,,8,9.4,148,429.3999939,747523.5194,4308939.156,38.8944757,-78.14597555
82223,1,litu,822,1,0,0,10065,10065,27-Jan-10,NA,NA,,0.5,17.7,140.5,437.7000122,747515.8289,4308947.28,38.89455098,-78.14606119
82226,1,litu,823,1,0,0,10068,10068,27-Jan-10,NA,NA,,2,4,142,444,747517.1823,4308953.613,38.8946076,-78.14604332
82284,1,quve,825,1,0,0,10124,10124,27-Jan-10,NA,NA,,1.3,12,141.3000031,492,747515.3689,4309001.584,38.89503987,-78.14604691
82292,1,litu,826,1,0,0,10132,10132,27-Jan-10,NA,NA,,1.8,0.4,141.8000031,500.3999939,747515.6739,4309009.993,38.89511547,-78.14604037
82298,1,litu,826,1,0,0,10138,10138,27-Jan-10,NA,NA,,0.3,5.1,140.3000031,505.1000061,747514.0653,4309014.657,38.8951579,-78.14605722
82326,1,quve,827,1,0,0,10165,10165,27-Jan-10,NA,NA,,14.6,8.3,154.6000061,528.2999878,747527.8232,4309038.182,38.89536576,-78.14589028
82357,1,litu,828,1,0,0,10196,10196,27-Jan-10,NA,NA,,4,13.8,144,553.7999878,747516.6345,4309063.43,38.89559614,-78.14601004
82360,1,litu,829,1,1,0,10198,10198,27-Jan-10,NA,NA,,2.3,0.7,142.3000031,560.7000122,747514.7749,4309070.288,38.8956584,-78.14602899
82365,1,qual,829,1,1,0,10203,10203,27-Jan-10,NA,NA,,4.9,4.7,144.8999939,564.7000122,747517.2814,4309074.348,38.89569423,-78.14599866
82368,1,litu,829,1,0,1,10206,10206,27-Jan-10,NA,NA,,16.8,3.4,156.8000031,563.4000244,747529.2083,4309073.324,38.89568165,-78.14586166
82419,1,litu,831,1,0,0,10257,10257,27-Jan-10,NA,NA,,3.3,10,143.3000031,610,747514.6309,4309119.598,38.89610224,-78.14601287
82421,1,litu,831,1,0,0,10259,10259,27-Jan-10,NA,NA,,5.6,14.7,145.6000061,614.7000122,747516.8212,4309124.35,38.8961444,-78.14598593
82422,1,litu,831,1,1,0,10260,10260,27-Jan-10,NA,NA,,6.9,19.5,146.8999939,619.5,747518.0095,4309129.179,38.89618752,-78.1459705
82434,1,quve,832,1,0,1,10272,10272,27-Jan-10,NA,NA,,6,15.6,146,635.5999756,747516.7362,4309145.254,38.89633256,-78.14597937
90043,1,quve,901,1,0,0,10315,10315,27-Jan-10,NA,NA,,12.5,17.6,172.5,17.60000038,747557.5663,4308528.035,38.89076589,-78.14573165
90084,1,quve,902,1,0,1,10351,10351,27-Jan-10,NA,NA,,16.2,19.3,176.1999969,39.29999924,747560.7618,4308549.815,38.89096102,-78.145687
90162,1,litu,904,1,0,0,10426,10426,24-Mar-11,NA,NA,,16.9,11.1,176.8999939,71.09999847,747560.7239,4308581.623,38.89124731,-78.14567597
90311,1,cagl,904,1,0,0,10565,16420,15-Mar-12,NA,NA,,17.5,15.8,177.5,75.80000305,747561.2147,4308586.335,38.89128958,-78.14566862
90354,1,litu,905,1,0,0,10607,10607,24-Mar-11,NA,NA,,10.6,5,170.6000061,85,747554.1032,4308595.373,38.89137293,-78.14574726
90413,3,litu,904,1,0,0,221,36586,24-Mar-11,29-Nov-12,2013,band removed in 2013. Was around multiple stems. Replaced by 30339,11.7,17.2,171.6999969,77.19999695,747555.3838,4308587.601,38.89130261,-78.14573532
90446,1,ulru,905,1,0,0,10695,10695,24-Mar-11,24-Mar-11,2011,,19.5,0.5,179.5,80.5,747563.1051,4308591.081,38.89133176,-78.14564514
90530,1,litu,910,1,0,0,10776,10776,24-Mar-11,NA,NA,,10.2,17.8,170.1999969,197.8000031,747551.0864,4308708.133,38.89238866,-78.14574135
90533,1,cagl,911,1,0,0,10779,10779,24-Mar-11,15-Nov-17,2018,,18.2,2.1,178.1999969,202.1000061,747558.9845,4308712.618,38.89242679,-78.14564878
90612,1,quru,910,1,1,0,10857,10857,24-Mar-11,NA,NA,,10.7,14,170.6999969,194,747551.6744,4308704.346,38.8923544,-78.14573595
90660,1,quru,913,1,1,0,10904,10904,27-Jan-10,NA,NA,,4.9,7.9,164.8999939,247.8999939,747544.6255,4308758.097,38.89284016,-78.14579775
90752,1,qual,916,1,1,1,10963,10963,24-Mar-11,NA,NA,,12.4,7.4,172.3999939,307.3999939,747550.7431,4308817.755,38.89337538,-78.14570579
91435,1,litu,907,1,0,0,11102,11102,15-Mar-12,NA,NA,,13.6,12.2,173.6000061,132.1999969,747556.0073,4308642.63,38.89179772,-78.1457083
91451,1,litu,907,1,0,0,11118,11118,24-Mar-11,NA,NA,,18.7,17.6,178.6999969,137.6000061,747560.9807,4308648.147,38.89184597,-78.14564903
91474,1,litu,908,1,0,0,11140,11140,24-Mar-11,NA,NA,,14.5,4.7,174.5,144.6999969,747556.6171,4308655.147,38.89191021,-78.14569676
91476,1,litu,908,1,0,0,11142,11142,24-Mar-11,NA,NA,,18.4,2.4,178.3999939,142.3999939,747560.5694,4308652.938,38.89188921,-78.14565204
91477,1,litu,908,1,1,0,11143,11143,24-Mar-11,NA,NA,,19.3,3.5,179.3000031,143.5,747561.4436,4308654.059,38.89189905,-78.14564157
91486,1,cagl,908,1,0,0,11152,11152,24-Mar-11,NA,NA,,17.5,9.2,177.5,149.1999969,747559.5119,4308659.716,38.89195051,-78.14566178
92006,1,litu,917,1,0,0,11172,11172,24-Mar-11,9-Mar-18,2018,,6.3,1.4,166.3000031,321.3999939,747544.32,4308831.61,38.89350189,-78.14577477
92018,1,acru,917,1,0,0,11184,11184,24-Mar-11,NA,NA,,16.2,5.6,176.1999969,325.6000061,747554.1199,4308836.038,38.89353899,-78.1456603
92112,1,litu,919,1,0,0,11276,11276,24-Mar-11,NA,NA,,14.4,18.8,174.3999939,378.7999878,747551.0862,4308889.182,38.89401815,-78.14567608
92139,1,quru,920,1,1,0,11303,11303,24-Mar-11,NA,NA,,17.6,0.3,177.6000061,380.2999878,747554.2505,4308890.756,38.89403143,-78.14563907
92140,1,cato,920,1,0,0,11304,11304,15-Mar-12,NA,NA,,18.7,0.7,178.6999969,380.7000122,747555.3409,4308891.181,38.89403495,-78.14562636
92141,1,cagl,920,1,0,0,11305,11305,24-Mar-11,NA,NA,,19.4,4.7,179.3999939,384.7000122,747555.9479,4308895.196,38.89407091,-78.14561792
92234,1,qual,922,1,1,0,11394,11394,24-Mar-11,15-Dec-11,2011,,20.1,19.1,180,439.1000061,747555.2857,4308949.596,38.89456071,-78.14560593
92237,1,nysy,922,1,0,0,11397,11397,24-Mar-11,NA,NA,,14.7,19.5,174.6999969,439.5,747549.9779,4308949.873,38.8945647,-78.14566697
92238,1,quve,922,1,0,0,11398,11398,24-Mar-11,NA,NA,,10.8,18.3,170.8000031,438.2999878,747546.1068,4308948.582,38.89455418,-78.14571201
92269,1,ceca,923,1,0,0,11428,11428,24-Mar-11,18-Apr-17,2017,,19.8,1.7,179.8000031,441.7000122,747555.0255,4308952.19,38.89458414,-78.145608
92280,1,quve,923,1,0,0,11438,11438,24-Mar-11,NA,NA,,15,7.9,175,446.8999939,747550.1061,4308957.278,38.89463131,-78.14566282
92393,1,cagl,925,1,0,0,11540,11540,24-Mar-11,NA,NA,,19.8,7.7,179.8000031,487.7000122,747553.9583,4308998.178,38.89499834,-78.14560371
92414,1,litu,926,1,0,0,11561,11561,24-Mar-11,NA,NA,,11.2,0.9,171.1999969,500.8999939,747545.0544,4309011.175,38.89511783,-78.14570157
92466,1,litu,927,1,0,0,11610,11610,27-Jan-10,NA,NA,,0.6,16.3,160.6000061,536.2999878,747533.636,4309046.319,38.89543736,-78.1458204
92487,1,quve,928,1,0,0,11631,11631,24-Mar-11,NA,NA,,9.8,15,169.8000031,555,747542.3997,4309065.228,38.89560507,-78.14571265
92488,1,litu,928,1,0,0,11632,11632,24-Mar-11,NA,NA,,12.7,13.5,172.6999969,553.5,747545.3337,4309063.796,38.89559135,-78.14567938
92545,1,litu,931,1,0,0,11689,11689,24-Mar-11,NA,NA,,15.3,15.6,175.3000031,615.5999756,747546.4923,4309125.939,38.89615033,-78.14564363
92546,1,litu,931,1,0,0,11690,11690,24-Mar-11,NA,NA,,16.5,16.7,176.5,616.7000122,747547.6665,4309127.067,38.89616015,-78.1456297
92547,1,litu,931,1,0,0,11691,11691,24-Mar-11,NA,NA,,11.7,13.9,171.6999969,613.9000244,747542.9327,4309124.156,38.89613529,-78.14568527
100011,1,fram,1001,1,0,0,11716,11716,27-Jan-10,NA,NA,,0.7,8,180.6999969,8,747565.9868,4308518.628,38.89067885,-78.14563807
100516,1,litu,1004,1,0,0,12180,12180,27-Jan-10,NA,NA,,17.9,2.3,197.8999939,62.29999924,747581.9224,4308573.312,38.89116654,-78.14543484
100562,1,litu,1004,1,0,0,12224,12224,24-Mar-11,NA,NA,,9.1,19.2,189.1000061,79.19999695,747572.7327,4308590.004,38.89131935,-78.14553465
100612,1,litu,1003,1,0,0,12269,12269,27-Jan-10,NA,NA,,12,4.4,192,44.40000153,747576.4393,4308555.28,38.89100579,-78.14550448
100720,2,litu,1004,1,0,0,12372,33734,24-Mar-11,29-Nov-12,2013,band removed in 2013. Band spring broken for last measurement.  Was around multiple stems. Replaced by 110680,1.7,12,181.6999969,72,747565.5017,4308582.634,38.89125506,-78.14562058
100754,1,quru,1005,1,1,0,12406,12406,24-Mar-11,NA,NA,,3.8,6.8,183.8000031,86.80000305,747567.2578,4308597.479,38.89138817,-78.14559501
100771,1,quru,1005,1,1,1,12422,12422,27-Jan-10,NA,NA,,8.5,17,188.5,97,747571.7199,4308607.785,38.89147968,-78.1455399
100905,1,litu,1008,1,1,0,12529,12529,24-Mar-11,NA,NA,,10,1.6,190,141.6000061,747572.1848,4308652.408,38.89188116,-78.14551846
100906,1,litu,1008,1,0,0,12530,12530,24-Mar-11,NA,NA,,9.3,1.1,189.3000031,141.1000061,747571.4966,4308651.892,38.89187671,-78.14552657
100960,1,quru,1010,1,1,0,12583,12583,24-Mar-11,NA,NA,,13.8,10.5,193.8000031,190.5,747574.8494,4308701.383,38.8923212,-78.14547012
101082,1,litu,1009,1,0,0,12702,12702,24-Mar-11,29-Nov-12,2013,"band removed in 2013. Was around multiple stems, not replaced due to irregular trunk",0,0.7,180,160.6999969,747561.7444,4308671.271,38.89205388,-78.1456319
101111,1,litu,1011,1,0,0,12730,12730,24-Mar-11,NA,NA,,0.1,1.3,180.1000061,201.3000031,747560.9025,4308711.862,38.89241945,-78.14562696
101118,1,litu,1011,1,0,0,12737,12737,24-Mar-11,NA,NA,,0.3,3,180.3000031,203,747561.063,4308713.566,38.89243474,-78.1456245
101244,1,quve,1014,1,0,0,12861,12861,27-Jan-10,NA,NA,,9,9.2,189,269.2000122,747568.2249,4308779.95,38.8930302,-78.14551808
101310,1,fram,1016,1,0,0,12923,12923,24-Mar-11,NA,NA,,8,14.1,188,314.1000061,747566.1835,4308824.815,38.89343457,-78.14552542
101312,1,fram,1016,1,0,0,12925,12925,24-Mar-11,NA,NA,,2.6,16.8,181.1999969,312.8999939,747559.4132,4308823.457,38.89342426,-78.14560388
102001,1,frni,1017,1,0,1,12939,12939,24-Mar-11,6-Apr-16,2016,,6,3.7,186,323.7000122,747563.9613,4308834.366,38.89352116,-78.14554757
102148,1,cato,1019,1,0,0,13086,13086,24-Mar-11,NA,NA,,2,15.4,182,375.3999939,747558.763,4308885.959,38.89398698,-78.14558883
102149,1,cagl,1020,1,0,0,13087,13087,24-Mar-11,NA,NA,,1.4,0.2,181.3999939,380.2000122,747558.0518,4308890.744,38.89403025,-78.1455953
102150,1,qual,1020,1,0,0,13088,13088,24-Mar-11,NA,NA,,4.3,2.1,184.3000031,382.1000061,747560.907,4308892.711,38.89404715,-78.14556171
102154,1,qual,1020,1,0,0,13092,13092,24-Mar-11,NA,NA,,5.4,8.5,185.3999939,388.5,747561.8582,4308899.135,38.89410469,-78.14554843
102177,1,qual,1020,1,1,0,13115,13115,24-Mar-11,NA,NA,,3.4,11.7,183.3999939,391.7000122,747559.7845,4308902.287,38.89413365,-78.14557118
102258,1,qual,1022,1,1,0,13195,13195,24-Mar-11,NA,NA,,10.3,17.4,190.3000031,437.3999939,747565.6224,4308948.135,38.89454465,-78.14548741
102261,1,qual,1022,1,1,0,13198,13198,24-Mar-11,NA,NA,,5.3,20.1,185.3000031,440,747560.5634,4308950.618,38.89456843,-78.14554478
102262,1,qual,1022,1,1,0,13199,13199,24-Mar-11,NA,NA,,1.8,20,181.8000031,440,747557.0644,4308950.537,38.89456868,-78.14558511
102264,1,qual,1022,1,1,0,13201,13201,24-Mar-11,NA,NA,,1.5,14.2,181.5,434.2000122,747556.899,4308944.732,38.89451648,-78.14558911
102303,1,quve,1024,1,0,0,13239,13239,27-Jan-10,NA,NA,,8.2,0.9,188.1999969,460.8999939,747562.9778,4308971.58,38.89475641,-78.14550942
102348,1,qual,1025,1,1,0,13284,13284,27-Jan-10,NA,NA,,16.5,11.5,196.5,491.5,747570.5657,4309002.364,38.89503134,-78.14541093
102364,1,qual,1025,1,1,0,13300,13300,24-Mar-11,NA,NA,,2.1,18,182.1000061,498,747556.0187,4309008.529,38.89509092,-78.14557624
102365,1,litu,1025,1,0,0,13301,13301,24-Mar-11,NA,NA,,1.1,13.4,181.1000061,493.3999939,747555.1257,4309003.907,38.89504957,-78.14558819
102371,1,qual,1026,1,0,1,13307,13307,24-Mar-11,NA,NA,,1.6,6.6,181.6000061,506.6000061,747555.3194,4309017.115,38.89516839,-78.1455812
102438,1,litu,1028,1,0,0,13374,13374,19-Mar-13,NA,NA,,8.5,16.6,188.5,556.5999756,747561.0575,4309067.261,38.89561811,-78.14549703
102438,2,litu,1028,1,0,0,13374,33848,27-Jan-10,NA,NA,"tree was recorded as being measured on first stem in 2010, then second stem in 2011,2012, then both stems 2013+",8.5,16.6,188.5,556.5999756,747561.0575,4309067.261,38.89561811,-78.14549703
102439,1,litu,1028,1,0,0,13375,13375,24-Mar-11,NA,NA,,4.3,19.6,184.3000031,559.5999756,747556.7891,4309070.163,38.89564543,-78.14554515
102441,1,litu,1029,1,0,0,13377,13377,24-Mar-11,NA,NA,,1.3,3,181.3000031,563,747553.711,4309073.493,38.89567626,-78.1455794
102442,1,litu,1029,1,0,0,13378,13378,24-Mar-11,NA,NA,,8.4,1.9,188.3999939,561.9000244,747560.8346,4309072.558,38.89566584,-78.14549769
102443,1,litu,1029,1,0,0,13379,13379,24-Mar-11,NA,NA,,4.1,7,184.1000061,567,747556.4175,4309077.556,38.89571208,-78.14554676
102444,1,litu,1029,1,0,0,13380,13380,24-Mar-11,NA,NA,,4.3,5.3,184.3000031,565.2999878,747556.6568,4309075.861,38.89569676,-78.14554462
102446,1,litu,1029,1,0,0,13382,13382,19-Mar-13,NA,NA,,0.5,3.7,180.5,563.7000122,747552.895,4309074.174,38.89568263,-78.14558855
102446,2,litu,1029,1,0,0,13382,33849,24-Mar-11,NA,NA,"tree stem was recorded in 2011,2012, then first stem added 2013+",0.5,3.7,180.5,563.7000122,747552.895,4309074.174,38.89568263,-78.14558855
102475,1,litu,1030,1,0,0,13411,13411,15-Mar-12,NA,NA,,20,14.3,200,594.2999878,747571.6798,4309105.218,38.89595674,-78.14536101
102501,1,litu,1031,1,0,0,13437,13437,24-Mar-11,NA,NA,,9.8,17.3,189.8000031,617.2999878,747560.949,4309127.975,38.89616459,-78.14547639
102502,1,ulru,1031,1,0,0,13438,13438,24-Mar-11,NA,NA,,0.1,18.6,180.1000061,618.5999756,747551.2215,4309129.05,38.896177,-78.14558804
102505,1,ceca,1032,1,0,0,13441,13441,24-Mar-11,29-Nov-12,2013,"considered dead in all 2011, got measurements in 2012, considered dead 2013 and spr 2014, measurement/alive fall 2014, then dead from 2015+",1.3,0.6,181.3000031,620.5999756,747552.3747,4309131.077,38.89619492,-78.14557402
102509,1,quve,1032,1,0,0,13445,13445,27-Jan-10,NA,NA,,9.6,0.9,189.6000061,620.9000244,747560.6655,4309131.57,38.89619702,-78.14547836
110061,1,litu,1101,1,1,0,13507,13507,27-Jan-10,NA,NA,,17,10,217,10,747602.2306,4308521.47,38.89069421,-78.14521965
110680,1,litu,1104,1,0,0,14057,14057,19-Mar-13,NA,NA,,2,6.5,202,66.5,747585.9239,4308577.606,38.89120406,-78.1453872
110788,1,litu,1104,1,1,0,14155,14155,24-Mar-11,NA,NA,,19.9,11.7,219.8999939,71.69999695,747603.6984,4308583.22,38.89124958,-78.14518048
110791,1,litu,1104,1,1,1,14158,14158,24-Mar-11,NA,NA,,11.3,10,211.3000031,70,747595.1402,4308581.321,38.8912349,-78.14527973
110798,1,litu,1104,1,0,1,14165,14165,24-Mar-11,NA,NA,,16,15.5,216,75.5,747599.7113,4308586.929,38.89128408,-78.14522506
110901,1,litu,1105,1,1,0,14265,14265,24-Mar-11,NA,NA,,20,4.1,220,84.09999847,747603.5107,4308595.619,38.89136122,-78.14517817
110904,1,quve,1105,1,0,0,14268,14268,27-Jan-10,15-Dec-11,2011,,10.8,3.3,210.8000031,83.30000305,747594.3318,4308594.606,38.89135469,-78.14528425
111014,1,litu,1107,1,0,1,14365,14365,24-Mar-11,NA,NA,,13.9,12.2,213.8999939,132.1999969,747596.2965,4308643.565,38.89179478,-78.14524397
111029,1,litu,1107,1,0,0,14379,14379,24-Mar-11,NA,NA,,17.2,19,217.1999969,139,747599.4378,4308650.439,38.89185577,-78.14520531
111030,1,litu,1107,1,1,1,14380,14380,24-Mar-11,NA,NA,,15.1,19.9,215.1000061,139.8999939,747597.3175,4308651.291,38.89186403,-78.14522942
111032,1,litu,1107,1,0,0,14382,14382,19-Mar-13,NA,NA,,10.3,19,210.3000031,139,747592.5397,4308650.279,38.89185627,-78.14528481
111032,2,litu,1107,1,0,0,14382,34073,24-Mar-11,NA,NA,"tree stem was recorded in 2011,2012, then first stem added 2013+",10.3,19,210.3000031,139,747592.5397,4308650.279,38.89185627,-78.14528481
111039,1,litu,1108,1,0,0,14388,14388,24-Mar-11,NA,NA,,19.7,4.1,219.6999969,144.1000061,747601.8188,4308655.596,38.89190151,-78.14517603
111041,1,quru,1108,1,0,0,14390,14390,27-Jan-10,NA,NA,,16.5,5.7,216.5,145.6999969,747598.5826,4308657.121,38.89191615,-78.14521275
111092,1,litu,1110,1,0,0,14441,14441,24-Mar-11,NA,NA,,18.3,17.7,218.3000031,197.6999969,747599.1757,4308709.149,38.89238425,-78.14518716
111093,1,litu,1110,1,0,0,14442,14442,24-Mar-11,NA,NA,,13.4,16.4,213.3999939,196.3999939,747594.3072,4308707.736,38.8923729,-78.14524374
111292,1,fram,1116,1,0,0,14635,14635,24-Mar-11,NA,NA,,12.8,10.4,212.8000031,310.3999939,747591.0627,4308821.691,38.89339945,-78.14524001
112014,1,cagl,1117,1,0,0,14747,14747,24-Mar-11,NA,NA,,14.3,11.2,218,331.2000122,747595.7787,4308842.606,38.89358636,-78.14517816
112057,1,acru,1117,1,0,0,14787,14787,24-Mar-11,NA,NA,,8.8,4.2,208.8000031,324.2000122,747586.7436,4308835.395,38.893524,-78.14528481
112060,1,fram,1117,1,0,0,14789,14789,27-Jan-10,NA,NA,,1,7.6,201,327.6000061,747578.8668,4308838.613,38.89355519,-78.14537437
112118,1,quru,1119,1,0,0,14845,14845,24-Mar-11,NA,NA,,13.3,11.4,213.3000031,371.3999939,747590.1474,4308882.686,38.89394868,-78.14522856
112130,1,qual,1119,1,0,0,14857,14857,24-Mar-11,NA,NA,,17.2,18.3,217.1999969,378.2999878,747593.8862,4308889.675,38.89401053,-78.14518298
112136,1,pist,1120,1,0,1,14862,14862,24-Mar-11,NA,NA,,13.9,2.5,213.8999939,382.5,747590.4897,4308893.797,38.89404859,-78.14522061
112137,1,qual,1120,1,1,0,14863,14863,24-Mar-11,NA,NA,,13.4,3.9,213.3999939,383.8999939,747589.9574,4308895.185,38.89406123,-78.14522624
112142,1,qual,1120,1,0,1,14868,14868,24-Mar-11,NA,NA,,16,3.5,216,383.5,747592.5659,4308894.846,38.89405744,-78.14519632
112143,1,quru,1120,1,0,0,14869,14869,24-Mar-11,18-Apr-17,2017,,19.1,4.7,219.1000061,384.7000122,747595.6373,4308896.117,38.89406802,-78.14516049
112250,1,pist,1122,1,0,0,14967,14967,24-Mar-11,NA,NA,,10.8,18.4,210.8000031,438.3999939,747586.0937,4308949.61,38.89455216,-78.14525111
112252,1,litu,1122,1,0,0,14969,14969,24-Mar-11,NA,NA,,13.6,19.4,213.6000061,439.3999939,747588.8697,4308950.675,38.89456096,-78.14521876
112262,1,quru,1123,1,1,0,14979,14979,24-Mar-11,NA,NA,,17.5,1.5,217.5,441.5,747592.72,4308952.865,38.89457959,-78.14517363
112316,1,quve,1125,1,0,0,15032,15032,27-Jan-10,NA,NA,,8.7,1,208.6999969,481,747583.006,4308992.15,38.8949359,-78.14527134
112336,1,qual,1125,1,1,1,15051,15051,24-Mar-11,NA,NA,,17,13.8,217,493.7999878,747591.0068,4309005.139,38.89505056,-78.14517451
112340,1,ceca,1125,1,0,0,15053,15053,24-Mar-11,26-Mar-15,2015,,19.1,18.5,220,498.5,747593.8969,4309009.908,38.89509266,-78.1451395
112342,1,nysy,1125,1,0,0,15055,15055,24-Mar-11,NA,NA,,14.2,16.7,214.1999969,496.7000122,747588.1403,4309007.974,38.89507687,-78.1452065
112350,1,cagl,1126,1,0,0,15063,15063,24-Mar-11,NA,NA,,11.7,5.6,211.6999969,505.6000061,747585.4345,4309016.813,38.89515719,-78.14523447
112354,1,qual,1126,1,0,0,15067,15067,24-Mar-11,NA,NA,,14,9.8,214,509.7999878,747587.6364,4309021.065,38.89519484,-78.14520758
112462,1,litu,1128,1,0,0,15170,15170,24-Mar-11,NA,NA,,14,18.8,214,558.7999878,747586.4996,4309070.052,38.89563606,-78.14520301
112466,1,cato,1129,1,0,0,15174,15174,15-Mar-12,NA,NA,,17.5,7.1,217.5,567.0999756,747589.8061,4309078.431,38.89571054,-78.1451619
112467,1,litu,1129,1,0,0,15175,15175,24-Mar-11,NA,NA,,19.6,12.5,219.6000061,572.5,747591.7803,4309083.878,38.89575901,-78.1451372
112480,1,litu,1131,1,0,0,15187,15187,24-Mar-11,NA,NA,,14.4,10.9,214.3999939,610.9000244,747585.6908,4309122.148,38.89610516,-78.14519353
112481,1,litu,1131,1,0,0,15188,15188,24-Mar-11,NA,NA,,14.9,14.4,214.8999939,614.4000244,747586.1095,4309125.658,38.89613664,-78.14518745
112482,1,litu,1131,1,1,0,15189,15189,24-Mar-11,NA,NA,,17.8,15.9,217.8000031,615.9000244,747588.9739,4309127.225,38.89614994,-78.14515389
112485,1,quve,1132,1,0,0,15192,15192,24-Mar-11,9-Mar-18,2018,,19.6,6.2,219.6000061,626.2000122,747590.5345,4309137.564,38.89624255,-78.14513219
112698,1,ulru,1128,1,0,0,15205,15205,24-Mar-11,NA,NA,,17.9,18.2,217.8999939,558.2000122,747590.4125,4309069.543,38.89563037,-78.14515812
120278,1,litu,1201,1,0,0,15464,15464,27-Jan-10,NA,NA,,5,8.6,225,8.600000381,747610.2609,4308520.256,38.89068102,-78.14512761
120755,1,litu,1204,1,0,0,15892,15892,24-Mar-11,NA,NA,,6.8,10,226.8000031,70,747610.636,4308581.681,38.89123376,-78.14510114
120777,1,litu,1205,1,0,0,15911,15911,24-Mar-11,NA,NA,,3.8,0.2,223.8000031,80.19999695,747607.4002,4308591.808,38.89132583,-78.14513475
120781,1,litu,1205,1,1,0,15914,15914,24-Mar-11,NA,NA,,3,2.2,223,82.19999695,747606.554,4308593.789,38.8913439,-78.14514378
120790,1,litu,1205,1,0,0,15923,15923,24-Mar-11,NA,NA,,7.3,6.2,220.3999939,86.19999695,747603.8619,4308597.728,38.8913801,-78.14517337
121195,1,quru,1211,1,1,0,16293,16293,27-Jan-10,NA,NA,,12.4,0.4,232.3999939,200.3999939,747613.2093,4308712.176,38.89240753,-78.14502445
121212,1,litu,1207,1,0,1,16309,16309,27-Jan-10,NA,NA,,12.7,12.5,232.6999969,132.5,747615.0845,4308644.301,38.89179611,-78.14502733
121221,1,litu,1207,1,1,0,16317,16317,24-Mar-11,NA,NA,,1.7,19.3,221.6999969,139.3000031,747603.9297,4308650.844,38.89185814,-78.14515343
121274,1,cato,1209,1,0,0,16369,16369,24-Mar-11,24-Mar-11,2012,,2.1,12.9,222.1000061,172.8999939,747603.5501,4308684.444,38.89216066,-78.14514569
121275,1,qupr,1209,1,0,0,16370,16370,15-Mar-12,NA,NA,,1.7,16.9,221.6999969,176.8999939,747603.0574,4308688.434,38.89219671,-78.14514993
121291,1,qupr,1210,1,0,0,16386,16386,24-Mar-11,NA,NA,,2.8,9.4,222.8000031,189.3999939,747603.8671,4308700.956,38.89230919,-78.14513608
121298,1,nysy,1211,1,0,0,16393,16393,24-Mar-11,15-Dec-11,2013,"considered dead Dec 2011, got measurements 2012, dead 2013+",2.6,1,222.6000061,201,747603.398,4308712.548,38.89241365,-78.14513731
121301,1,caovl,1211,1,0,1,16396,16396,24-Mar-11,NA,NA,,1.2,2.5,221.1999969,202.5,747601.9636,4308714.015,38.89242726,-78.1451533
121305,1,quru,1211,1,1,1,16400,16400,24-Mar-11,NA,NA,,1.1,11.2,221.1000061,211.1999969,747601.6618,4308722.711,38.89250561,-78.14515364
121358,1,fram,1216,1,0,0,16451,16451,27-Jan-10,NA,NA,,10.9,12,230.8999939,312,747609.1207,4308823.711,38.89341254,-78.14503131
121367,1,nysy,1216,1,0,0,16460,16460,15-Mar-12,NA,NA,,4.6,10.8,224.6000061,310.7999878,747602.8502,4308822.365,38.89340219,-78.14510402
121374,1,juni,1216,1,0,0,16466,16466,24-Mar-11,NA,NA,,0.7,18.5,220.6999969,318.5,747598.7726,4308829.972,38.89347181,-78.14514823
122005,1,fram,1217,1,0,0,16542,16542,24-Mar-11,NA,NA,,10.3,9.1,230.3000031,329.1000061,747608.1241,4308840.792,38.89356656,-78.14503663
122006,1,acru,1217,1,0,0,16543,16543,24-Mar-11,NA,NA,,9.9,8.3,229.8999939,328.2999878,747607.7428,4308839.983,38.89355938,-78.14504132
122009,1,acru,1217,1,0,0,16546,16546,24-Mar-11,NA,NA,,1.2,4.1,221.1999969,324.1000061,747599.1426,4308835.582,38.8935222,-78.14514195
122120,1,qual,1220,1,0,0,16654,16654,24-Mar-11,NA,NA,,2.6,0.6,222.6000061,380.6000061,747599.2314,4308892.1,38.89403085,-78.14512055
122121,1,pist,1220,1,0,0,16655,16655,24-Mar-11,NA,NA,,1.6,2.3,221.6000061,382.2999878,747598.1923,4308893.776,38.89404623,-78.14513191
122130,1,qual,1219,1,1,0,16660,16660,24-Mar-11,29-Nov-12,2013,,10.7,17.3,230.6999969,377.2999878,747607.4058,4308888.989,38.89400054,-78.14502752
122136,1,quru,1220,1,1,0,16665,16665,24-Mar-11,NA,NA,,5.5,7.6,225.5,387.6000061,747601.9683,4308899.165,38.89409367,-78.14508648
122184,1,pist,1222,1,0,1,16710,16710,24-Mar-11,NA,NA,,2.9,13.9,222.8999939,433.8999939,747598.2948,4308945.392,38.89451076,-78.14511211
122185,1,pist,1222,1,0,0,16711,16711,15-Mar-12,NA,NA,,5.6,14.9,225.6000061,434.8999939,747600.9709,4308946.455,38.89451957,-78.14508091
122189,1,qual,1222,1,1,0,16715,16715,24-Mar-11,NA,NA,,5.5,19.5,225.5,439.5,747600.7642,4308951.051,38.894561,-78.14508163
122248,1,qual,1222,1,0,0,16767,16767,15-Mar-12,NA,NA,,10.5,13.1,230.5,433.1000061,747605.9113,4308944.769,38.894503,-78.14502462
122303,1,qual,1223,1,1,0,16814,16814,24-Mar-11,NA,NA,,1.9,8.5,221.8999939,448.5,747596.9564,4308959.965,38.8946423,-78.14512227
122343,1,qual,1225,1,1,0,16851,16851,24-Mar-11,NA,NA,,10.7,14.4,230.6999969,494.3999939,747604.6892,4309006.057,38.89505496,-78.14501659
122347,1,ulru,1225,1,0,0,16852,16852,24-Mar-11,26-Mar-15,2015,,1.3,18.8,221.3000031,498.7999878,747595.1896,4309010.238,38.89509526,-78.14512449
122427,1,qual,1227,1,1,0,16878,16878,27-Jan-10,NA,NA,,17,15.6,237,535.5999756,747610.0317,4309047.392,38.89542548,-78.14494016
122439,1,cagl,1228,1,0,0,16889,16889,15-Mar-12,NA,NA,,12.6,13,232.6000061,553,747605.2292,4309064.685,38.89558248,-78.14498923
122450,1,ulru,1225,1,0,0,31862,44444,24-Mar-11,NA,NA,,2.6,18.7,223,499.1,747596.9,4309011,38.8951,-78.1451
122452,1,fram,1226,1,0,0,16901,16901,24-Mar-11,NA,NA,,5.7,2.4,225.6999969,502.3999939,747599.5049,4309013.939,38.89512736,-78.14507346
122455,1,qual,1226,1,0,0,16904,16904,24-Mar-11,NA,NA,,12,4.2,232,504.2000122,747605.7615,4309015.885,38.89514311,-78.1450007
122458,1,cagl,1226,1,0,0,16907,16907,24-Mar-11,NA,NA,,4.6,4.9,224.6000061,504.8999939,747598.3472,4309016.413,38.89514995,-78.1450859
122482,1,litu,1228,1,1,0,16931,16931,24-Mar-11,NA,NA,,14.5,2.4,234.5,542.4000244,747607.3746,4309054.132,38.89548689,-78.14496833
122486,1,litu,1228,1,0,0,16935,16935,24-Mar-11,NA,NA,,2.7,17,222.6999969,557,747595.2391,4309068.455,38.89561922,-78.14510293
122489,1,cagl,1229,1,0,0,16938,16938,24-Mar-11,NA,NA,,2.8,4.3,222.8000031,564.2999878,747595.1697,4309075.755,38.89568494,-78.14510109
122490,1,quru,1229,1,0,0,16939,16939,24-Mar-11,18-Apr-17,2017,,8.9,4.2,228.8999939,564.2000122,747601.2703,4309075.796,38.8956836,-78.14503082
122492,1,litu,1229,1,0,0,16941,16941,24-Mar-11,NA,NA,,2.5,11.5,222.5,571.5,747594.7027,4309082.946,38.8957498,-78.14510388
122522,1,litu,1232,1,0,0,16969,16969,15-Mar-12,NA,NA,,3.4,17.4,223.3999939,637.4000244,747594.0736,4309148.849,38.89634312,-78.14508736
122561,1,litu,1231,1,0,0,16983,16983,24-Mar-11,NA,NA,,0,7.6,220,610.5,747591.2986,4309121.878,38.89610115,-78.14512904
122563,2,litu,1232,1,0,0,16985,34435,24-Mar-11,29-Nov-12,2013,band removed in 2013. Was around multiple stems. Not replaced,1.6,3.7,221.6000061,623.7000122,747592.592,4309135.111,38.89621989,-78.14510938
130348,1,litu,1302,1,0,0,17329,17329,27-Jan-10,NA,NA,,19.9,1.9,259.8999939,21.89999962,747644.843,4308534.362,38.89079824,-78.14472426
130718,1,litu,1306,1,0,0,17666,17666,27-Jan-10,NA,NA,,7.3,11.3,247.3000031,111.3000031,747630.1724,4308623.445,38.89160415,-78.14486109
130838,1,litu,1305,1,1,0,17779,17779,27-Jan-10,NA,NA,,12.2,1,252.1999969,81,747635.774,4308593.267,38.89133096,-78.14480746
131009,1,quve,1308,1,0,1,17936,17936,27-Jan-10,NA,NA,,13.9,0.7,253.8999939,140.6999969,747636.0885,4308652.99,38.8918684,-78.1447823
131086,1,quru,1310,1,0,0,18012,18012,27-Jan-10,NA,NA,,18.1,15.5,258.1000061,195.5,747639.0161,4308707.873,38.89236154,-78.14472879
131087,1,quru,1310,1,1,1,18013,18013,27-Jan-10,NA,NA,,17.3,17.8,257.2999878,197.8000031,747638.1629,4308710.154,38.89238231,-78.1447378
131092,1,litu,1311,1,0,0,18018,18018,27-Jan-10,NA,NA,,13.1,2.7,253.1000061,202.6999969,747633.8504,4308714.955,38.89242673,-78.14478573
131096,1,litu,1311,1,0,0,18022,18022,27-Jan-10,NA,NA,,19,4.7,259,204.6999969,747639.7024,4308717.092,38.89244431,-78.14471756
131188,1,litu,1313,1,0,0,18113,18113,27-Jan-10,NA,NA,,10,15.3,250,255.3000031,747629.5309,4308767.469,38.89290059,-78.14481654
131227,1,litu,1313,1,0,0,18152,18152,27-Jan-10,NA,NA,,17.4,13.7,257.3999939,253.6999969,747636.9661,4308766.041,38.89288565,-78.14473142
131232,1,litu,1313,1,0,0,18157,18157,27-Jan-10,NA,NA,,14.4,19.2,254.3999939,259.2000122,747633.8393,4308771.47,38.89293539,-78.14476548
131233,1,litu,1313,1,0,0,18158,18158,27-Jan-10,NA,NA,,18.3,19.6,258.2999878,259.6000061,747637.7289,4308771.961,38.89293871,-78.1447205
131238,1,caco,1314,1,0,0,18163,18163,27-Jan-10,27-Oct-14,2015,,13.6,7.5,253.6000061,267.5,747632.8469,4308779.749,38.89301018,-78.14477392
131239,1,quru,1314,1,1,0,18164,18164,27-Jan-10,NA,NA,,19.5,5.7,259.5,265.7000122,747638.7871,4308778.087,38.89299355,-78.14470611
131272,1,fram,1315,1,0,0,18195,18195,27-Jan-10,NA,NA,,18.5,2.2,258.5,282.2000122,747637.4046,4308794.559,38.89314219,-78.14471609
131352,1,fram,1316,1,0,0,,,27-Jan-10,NA,NA,,5.5,3.3,,,,,,
131364,1,acru,1316,1,0,0,18286,18286,27-Jan-10,NA,NA,,12,12.9,252,312.8999939,747630.1941,4308825.1,38.8934191,-78.14478811
132028,1,fram,1317,1,0,0,18369,18369,27-Jan-10,NA,NA,,17,6.7,257,326.7000122,747634.8726,4308839.012,38.893543,-78.14472922
132077,1,qual,1319,1,1,0,18414,18414,27-Jan-10,NA,NA,,9.9,15.9,249.8999939,375.8999939,747626.6331,4308888.034,38.89398653,-78.14480643
132171,1,litu,1320,1,0,0,18501,18501,27-Jan-10,NA,NA,,13.7,6.7,253.6999969,386.7000122,747630.1815,4308898.92,38.8940835,-78.14476164
132302,1,quru,1321,1,0,0,18624,18624,27-Jan-10,NA,NA,,13,14.4,253,414.4,747628.8,4308927,38.89433,-78.14477
132311,1,qual,1322,1,0,0,18633,18633,27-Jan-10,NA,NA,,12.9,14.2,252.9,434.2,747628.3,4308946,38.89451,-78.14477
132321,1,quru,1323,1,0,0,18643,18643,27-Jan-10,NA,NA,,17.6,1,257.6,441,747632.8,4308953,38.89457,-78.14471
132371,1,quru,1325,1,0,0,18692,18692,27-Jan-10,NA,NA,,19.9,12.9,259.9,492.9,747633.9,4309005,38.89504,-78.14468
132508,1,quve,1328,1,0,0,18801,18801,27-Jan-10,NA,NA,,18.6,13.9,258.6,553.9,747631.2,4309066,38.89559,-78.14469
132512,1,juni,1328,1,0,0,18805,18805,27-Jan-10,8-Mar-18,2018,,11.2,18.4,251.2,558.4,747623.7,4309071,38.89563,-78.14477
132524,1,litu,1329,1,0,0,18817,18817,27-Jan-10,NA,NA,,18.4,0.4,258.4,560.4,747630.9,4309073,38.89565,-78.14469
132525,1,fram,1329,1,0,1,18818,18818,27-Jan-10,NA,NA,,20,1.2,260,561.2,747632.4,4309074,38.89565,-78.14467
132529,1,litu,1329,1,0,0,18822,18822,27-Jan-10,NA,NA,,16.6,13.2,256.6,573.2,747628.8,4309085,38.89576,-78.14471
132539,1,litu,1331,1,1,0,18832,18832,27-Jan-10,NA,NA,,15,15.9,255,615.9,747626.2,4309128,38.89615,-78.14473
132542,1,quve,1332,1,0,1,18835,18835,27-Jan-10,NA,NA,,15.4,2.9,255.4,622.9,747626.4,4309135,38.89621,-78.14472
132545,1,litu,1332,1,0,0,18838,18838,27-Jan-10,NA,NA,,9.5,11.2,249.5,631.2,747620.3,4309143,38.89629,-78.14479
140270,1,ulru,1401,1,0,0,19102,19102,27-Jan-10,15-Dec-11,2011,,0.3,18.3,260.3,18.3,747645.3,4308531,38.89077,-78.14472
140467,1,quve,1404,1,0,0,19280,19280,27-Jan-10,NA,NA,,2.1,18.5,262.1,78.5,747645.7,4308591,38.89131,-78.14469
140609,1,litu,1403,1,0,0,19411,19411,27-Jan-10,NA,NA,,4.3,3.6,264.3,43.6,747648.7,4308556,38.89099,-78.14467
140646,1,litu,1405,1,0,0,19443,19443,27-Jan-10,NA,NA,,1,8.3,261,88.3,747644.4,4308601,38.8914,-78.14471
140736,1,quve,1407,1,0,1,19530,19530,27-Jan-10,NA,NA,,2.4,13.6,262.4,133.6,747644.8,4308646,38.8918,-78.14469
140751,1,quru,1408,1,1,0,19542,19542,27-Jan-10,NA,NA,,9.9,1.5,269.9,141.5,747652.1,4308654,38.89187,-78.1446
140756,1,quve,1408,1,0,1,19547,19547,27-Jan-10,NA,NA,,1.3,6.2,261.3,146.2,747643.4,4308659,38.89192,-78.1447
140813,1,litu,1410,1,0,0,19601,19601,27-Jan-10,NA,NA,,8.3,11.2,268.3,191.2,747649.3,4308704,38.89232,-78.14461
140818,1,litu,1410,1,0,0,19606,19606,27-Jan-10,NA,NA,,2.3,19.2,262.3,199.2,747643.1,4308712,38.89239,-78.14468
140819,1,litu,1411,1,0,0,19607,19607,27-Jan-10,NA,NA,,1.6,1.5,261.6,201.5,747642.4,4308714,38.89242,-78.14469
140820,1,litu,1411,1,0,0,19608,19608,27-Jan-10,18-Apr-17,2017,,2.5,1.5,262.5,201.5,747643.3,4308714,38.89242,-78.14468
140821,1,litu,1411,1,0,0,19609,19609,27-Jan-10,NA,NA,,4.6,0.4,264.6,200.4,747645.4,4308713,38.89241,-78.14465
140825,1,litu,1411,1,1,0,19613,19613,27-Jan-10,NA,NA,,8,5.9,268,205.9,747648.7,4308719,38.89245,-78.14461
140829,1,litu,1411,1,0,0,19617,19617,27-Jan-10,NA,NA,,0.6,4.9,260.6,204.9,747641.3,4308717,38.89245,-78.1447
140833,1,litu,1411,1,0,0,19621,19621,27-Jan-10,NA,NA,,5.6,9.5,265.6,209.5,747646.2,4308722,38.89249,-78.14464
140872,1,litu,1413,1,0,0,19659,19659,27-Jan-10,NA,NA,,6.1,14.9,266.1,254.9,747645.6,4308767,38.8929,-78.14463
141146,1,caco,1416,1,0,0,19910,19910,27-Jan-10,NA,NA,,2.5,18.5,262.5,318.5,747640.6,4308831,38.89347,-78.14467
142113,1,cagl,1417,1,0,0,20076,20076,27-Jan-10,NA,NA,,3,5,263,325,747640.9,4308837,38.89353,-78.14466
142206,1,fram,1419,1,0,0,20160,20160,27-Jan-10,NA,NA,,18.5,16.5,278.5,376.5,747655.2,4308889,38.89399,-78.14448
142380,1,qual,1425,1,1,0,20329,20329,27-Jan-10,NA,NA,,6.8,13.1,266.8,493.1,747640.8,4309006,38.89504,-78.1446
142521,1,pist,1422,1,0,1,20457,20457,27-Jan-10,NA,NA,,6.4,11.1,266.4,431.1,747641.8,4308944,38.89448,-78.14461
142527,1,cagl,1422,1,0,0,20461,20461,27-Jan-10,NA,NA,,1.9,18.4,261.9,438.4,747637.2,4308951,38.89455,-78.14466
142568,1,quve,1425,1,0,1,20501,20501,27-Jan-10,18-Apr-17,2017,,0.9,18.8,260.9,498.8,747634.8,4309011,38.89509,-78.14467
142575,1,quve,1426,1,0,1,20508,20508,27-Jan-10,NA,NA,,1.8,6.4,261.8,506.4,747635.5,4309019,38.89516,-78.14466
142656,1,litu,1431,1,0,0,20580,20580,27-Jan-10,NA,NA,,12.4,12.8,272.4,612.8,747643.6,4309125,38.89612,-78.14453
142708,1,juni,1429,1,0,0,20599,20599,27-Jan-10,NA,NA,,4.3,6.2,264.3,566.2,747636.6,4309079,38.8957,-78.14462
142727,1,litu,1431,1,0,0,20618,20618,27-Jan-10,NA,NA,,1.7,8.2,261.7,608.2,747633,4309121,38.89608,-78.14465
142729,1,litu,1431,1,1,0,20620,20620,27-Jan-10,NA,NA,,4.7,14.7,264.7,614.7,747635.9,4309127,38.89614,-78.14461
142730,1,litu,1431,1,0,0,20621,20621,27-Jan-10,NA,NA,,9.9,14.7,269.9,614.7,747641.1,4309127,38.89614,-78.14455
142731,1,litu,1432,1,0,0,20622,20622,27-Jan-10,NA,NA,,8.2,2.3,268.2,622.3,747639.2,4309135,38.8962,-78.14457
142732,1,cagl,1432,1,0,0,20623,20623,27-Jan-10,NA,NA,,1.6,1.2,261.6,621.2,747632.6,4309134,38.89619,-78.14465
142733,1,litu,1432,1,0,0,20624,20624,27-Jan-10,NA,NA,,0.5,5.4,260.5,625.4,747631.4,4309138,38.89623,-78.14466
142735,1,qual,1432,1,0,0,20626,20626,27-Jan-10,NA,NA,,5.4,9.6,265.4,629.6,747636.2,4309142,38.89627,-78.1446
143707,1,cagl,1426,1,0,0,33781,46862,29-Oct-13,NA,NA,,0.9,1.6,260.9,501.6,747634.7,4309014,38.89512,-78.14467
150756,1,quve,1503,1,0,0,21310,21310,27-Jan-10,NA,NA,,13.6,16.3,293.6,56.3,747677.7,4308570,38.89111,-78.14433
150830,1,litu,1508,1,0,0,21374,21374,27-Jan-10,29-Nov-12,2013,band removed in 2013. Was around multiple stems. Not replaced due to irregular trunk,14.6,16.6,294.6,156.6,747676.4,4308670,38.89201,-78.14431
152153,1,ploc,1520,1,0,0,21906,21906,27-Jan-10,NA,NA,,6.8,0.3,286.8,380.3,747663.4,4308893,38.89402,-78.14438
152673,1,litu,1530,1,0,0,22390,22390,27-Jan-10,NA,NA,,3.6,18.8,283.6,598.8,747655.2,4309112,38.89599,-78.1444
152701,1,litu,1531,1,0,0,22417,22417,27-Jan-10,NA,NA,,11.3,15.7,291.3,615.7,747662.5,4309129,38.89614,-78.14431
160713,1,litu,1603,1,0,0,23030,23030,24-Mar-11,NA,NA,,10.4,13.7,310.4,53.7,747694.6,4308567,38.89108,-78.14414
160742,1,litu,1605,1,0,0,23054,23054,27-Jan-10,NA,NA,,19.3,6.6,319.3,86.6,747702.7,4308600,38.89138,-78.14403
160862,1,ploc,1614,1,0,0,23171,23171,27-Jan-10,NA,NA,,12.4,15.2,312.4,275.2,747691.5,4308789,38.89308,-78.1441
160910,1,litu,1607,1,1,0,23183,23183,27-Jan-10,NA,NA,,8.6,1.1,308.6,121.1,747691.2,4308635,38.89169,-78.14415
160985,1,litu,1612,1,1,0,23254,23254,27-Jan-10,NA,NA,,1.2,17.2,301.2,237.2,747681.1,4308751,38.89273,-78.14423
162293,1,qual,1623,1,0,0,23639,23639,27-Jan-10,NA,NA,,3,9.4,303,449.4,747678,4308963,38.89464,-78.14419
162439,1,quru,1627,1,1,0,23778,23778,27-Jan-10,NA,NA,,16.3,0.3,316.3,520.3,747689.7,4309034,38.89528,-78.14403
162503,1,quve,1624,1,0,0,23838,23838,27-Jan-10,NA,NA,,1.3,12.3,301.3,472.3,747675.8,4308986,38.89485,-78.14421
162543,1,qual,1627,1,1,0,23878,23878,27-Jan-10,NA,NA,,7.5,16.6,307.5,536.6,747680.5,4309050,38.89543,-78.14413
170175,1,litu,1702,1,0,0,24116,24116,27-Jan-10,NA,NA,,4.7,1.6,324.7,21.6,747709.6,4308536,38.89079,-78.14398
170992,1,litu,1704,1,0,0,24845,24845,24-Mar-11,NA,NA,,12.2,15.2,332.2,75.2,747715.9,4308589,38.89127,-78.14389
170994,1,litu,1704,1,0,1,24846,24846,24-Mar-11,NA,NA,,18.4,16.1,338.4,76.1,747722.1,4308590,38.89128,-78.14381
171000,1,rops,1705,1,0,0,24851,24851,24-Mar-11,18-Apr-17,2017,,16.8,0.6,336.8,80.6,747720.4,4308595,38.89132,-78.14383
171127,1,litu,1705,1,0,0,24962,24962,24-Mar-11,NA,NA,,9.3,1.8,329.3,81.8,747712.8,4308596,38.89133,-78.14392
171247,1,saal,1707,1,0,0,25073,25073,24-Mar-11,27-Oct-14,2015,,15.4,15.9,335.4,135.9,747717.7,4308650,38.89182,-78.14384
171254,1,litu,1708,1,0,0,25080,25080,24-Mar-11,NA,NA,,15.3,3.4,335.3,143.4,747717.4,4308658,38.89189,-78.14384
171257,1,litu,1708,1,0,0,25083,25083,24-Mar-11,NA,NA,,12.2,4.5,332.2,144.5,747714.3,4308659,38.8919,-78.14388
171262,1,litu,1708,1,0,0,25088,25088,24-Mar-11,NA,NA,,15.9,8.2,335.9,148.2,747717.9,4308662,38.89193,-78.14384
171314,1,quru,1712,1,0,0,25139,25139,27-Jan-10,NA,NA,,10,19.5,330,239.5,747709.9,4308754,38.89275,-78.1439
171348,1,ceca,1714,1,0,0,25171,25171,24-Mar-11,NA,NA,,19.4,2.4,339.4,262.4,747718.7,4308777,38.89296,-78.14379
171358,1,fram,1714,1,0,1,25179,25179,27-Jan-10,NA,NA,,16,14.1,336,274.1,747715.1,4308788,38.89306,-78.14382
171456,1,acru,1714,1,0,0,25273,25273,24-Mar-11,NA,NA,,0.8,13.4,320.8,273.4,747699.9,4308787,38.89306,-78.144
171462,1,qual,1715,1,0,0,25278,25278,24-Mar-11,NA,NA,,7.9,7.5,327.9,287.5,747706.7,4308801,38.89318,-78.14392
171505,1,litu,1716,1,0,0,25303,25303,24-Mar-11,NA,NA,,14.1,12.4,334.1,312.4,747712.3,4308827,38.89341,-78.14384
171506,1,litu,1716,1,0,0,25304,25304,24-Mar-11,NA,NA,,12,12.9,332,312.9,747710.2,4308827,38.89341,-78.14387
172154,1,fram,1723,1,0,0,25460,25460,27-Jan-10,8-Mar-18,2018,,9.6,1.6,329.6,441.6,747704.8,4308956,38.89457,-78.14388
172201,1,cagl,1717,1,0,0,25503,25503,24-Mar-11,NA,NA,,19.5,1.2,339.5,321.2,747717.5,4308835,38.89349,-78.14378
172202,1,quru,1717,1,1,1,25504,25504,24-Mar-11,NA,NA,,17.1,1.8,337.1,321.8,747715.1,4308836,38.89349,-78.14381
172203,1,qual,1717,1,1,0,25505,25505,24-Mar-11,NA,NA,,15.5,0.3,335.5,320.3,747713.5,4308834,38.89348,-78.14383
172205,1,qual,1717,1,0,0,25507,25507,24-Mar-11,NA,NA,,16.1,3.5,336.1,323.5,747714,4308838,38.89351,-78.14382
172248,1,cato,1719,1,0,0,25549,25549,24-Mar-11,NA,NA,,19.2,19.3,339.2,379.3,747715.8,4308894,38.89401,-78.14378
172255,1,qual,1720,1,1,0,25555,25555,24-Mar-11,NA,NA,,9.9,1.3,329.9,381.3,747706.5,4308895,38.89403,-78.14388
172260,1,qupr,1720,1,0,0,25559,25559,24-Mar-11,8-Mar-18,2018,,19.4,5.1,339.4,385.1,747715.9,4308899,38.89406,-78.14377
172365,1,ulru,1722,1,0,0,25659,25659,24-Mar-11,27-Oct-14,2015,,19.1,17.6,339.1,437.6,747714.4,4308952,38.89454,-78.14377
172372,1,ulru,1723,1,0,0,25665,25665,24-Mar-11,27-Oct-14,2015,,15.4,5.6,335.4,445.6,747710.5,4308960,38.89461,-78.14381
172382,1,juni,1723,1,0,0,25675,25675,15-Mar-12,NA,NA,,18.2,14.9,338.2,454.9,747713.1,4308969,38.89469,-78.14378
172416,1,nysy,1725,1,0,0,25708,25708,24-Mar-11,NA,NA,,19.9,15.6,339.9,495.6,747713.8,4309010,38.89506,-78.14376
172417,1,nysy,1725,1,0,0,25709,25709,24-Mar-11,NA,NA,,20,18.4,340,498.4,747713.9,4309013,38.89508,-78.14376
172418,1,nysy,1725,1,0,0,25710,25710,24-Mar-11,NA,NA,,20,19.5,340,499.5,747713.8,4309014,38.89509,-78.14376
172421,1,cagl,1725,1,0,0,25712,25712,24-Mar-11,NA,NA,,14.7,20,334.7,500,747708.5,4309014,38.8951,-78.14382
172423,1,litu,1726,1,0,0,25714,25714,24-Mar-11,NA,NA,,18.4,1.6,338.4,501.6,747712.2,4309016,38.89511,-78.14377
172470,1,quru,1728,1,1,0,25755,25755,24-Mar-11,NA,NA,,11.1,12,331.1,552,747703.7,4309066,38.89557,-78.14385
172472,1,fram,1728,1,0,0,25757,25757,24-Mar-11,NA,NA,,19.1,19.3,339.1,559.3,747711.6,4309073,38.89563,-78.14376
172499,1,qual,1730,1,1,0,25783,25783,27-Jan-10,NA,NA,,17,3.1,337,583.1,747708.9,4309097,38.89585,-78.14378
172509,1,quru,1726,1,0,0,25793,25793,27-Jan-10,15-Dec-11,2011,,7.3,12.2,327.3,512.2,747700.9,4309026,38.89521,-78.1439
172556,1,litu,1729,1,0,0,25837,25837,24-Mar-11,NA,NA,,5.1,3.9,325.1,563.9,747697.5,4309078,38.89567,-78.14392
172587,1,fram,1731,1,0,0,25867,25867,24-Mar-11,8-Mar-18,2018,,10.4,15.4,330.4,615.4,747701.6,4309129,38.89614,-78.14386
172624,1,litu,1731,1,0,0,25900,25900,24-Mar-11,NA,NA,,17.1,14.5,337.1,614.5,747708.3,4309129,38.89613,-78.14378
172626,1,fram,1731,1,0,0,25902,25902,24-Mar-11,8-Mar-18,2018,,12.5,15.7,332.5,615.7,747703.6,4309130,38.89614,-78.14383
180235,1,litu,1802,1,0,0,26127,26127,27-Jan-10,NA,NA,,11,4.6,351,24.6,747735.9,4308539,38.89082,-78.14367
180654,1,litu,1805,1,0,0,26485,26485,24-Mar-11,NA,NA,,6,0.3,346,80.3,747729.6,4308595,38.89132,-78.14373
180691,1,litu,1807,1,0,0,26520,26520,24-Mar-11,NA,NA,,6.2,17.3,346.2,137.3,747728.4,4308652,38.89183,-78.14372
180728,1,litu,1804,1,0,0,26552,26552,24-Mar-11,NA,NA,,3.1,12.7,343.1,72.7,747726.8,4308587,38.89125,-78.14376
180903,1,litu,1808,1,0,0,26694,26694,24-Mar-11,NA,NA,,4.8,2.3,344.8,142.3,747726.9,4308657,38.89188,-78.14373
180904,1,litu,1808,1,0,0,26695,26695,15-Mar-12,NA,NA,,2.8,6.5,342.8,146.5,747724.8,4308661,38.89191,-78.14376
180984,1,litu,1813,1,0,0,26774,26774,27-Jan-10,NA,NA,,4,11.8,344,251.8,747723.6,4308766,38.89286,-78.14373
180988,3,acru,1813,1,0,0,26777,38155,24-Mar-11,29-Nov-12,2013,band removed in 2013. Was around multiple stems. Replaced by 171456,3.3,19.5,343.3,259.5,747722.7,4308774,38.89293,-78.14374
180991,1,ploc,1814,1,0,0,26779,26779,27-Jan-10,NA,NA,,1.5,6.7,341.5,266.7,747720.7,4308781,38.893,-78.14376
181030,1,qual,1816,1,1,0,26817,26817,24-Mar-11,NA,NA,,5.4,10.6,345.4,310.6,747723.6,4308825,38.89339,-78.14371
181033,1,litu,1816,1,0,0,26820,26820,24-Mar-11,NA,NA,,3.4,18.6,343.4,318.6,747721.4,4308833,38.89346,-78.14373
182161,1,fram,1822,1,0,0,27072,27072,27-Jan-10,NA,NA,,16.8,3.2,356.8,423.2,747732.4,4308938,38.8944,-78.14357
182207,1,qual,1817,1,0,0,27118,27118,24-Mar-11,NA,NA,,5.6,11.2,345.6,331.2,747723.3,4308846,38.89358,-78.14371
182208,1,quru,1817,1,0,0,27119,27119,24-Mar-11,NA,NA,,4,10.1,344,330.1,747721.8,4308844,38.89357,-78.14373
182248,1,nysy,1820,1,0,0,27159,27159,24-Mar-11,NA,NA,"considered dead in spring 2011, 2012, then alive 2013+",0.2,1.2,340.2,381.2,747716.8,4308895,38.89403,-78.14377
182376,1,ploc,1823,1,0,0,27286,27286,24-Mar-11,NA,NA,,2.9,12.6,342.9,452.6,747717.8,4308967,38.89467,-78.14373
182451,1,fram,1829,1,0,0,27358,27358,24-Mar-11,NA,NA,,1.3,1.4,341.3,561.4,747713.7,4309076,38.89565,-78.14374
182491,1,litu,1831,1,0,0,27397,27397,24-Mar-11,NA,NA,,7.6,7.9,347.6,607.9,747718.9,4309122,38.89607,-78.14366
182498,1,fram,1831,1,0,0,27403,27403,24-Mar-11,NA,NA,,0.9,18.3,340.9,618.3,747712,4309132,38.89616,-78.14374
182570,1,juni,1823,1,0,0,27471,38806,24-Mar-11,NA,NA,,2.7,13.5,350.5,441,747725.7,4308955,38.89457,-78.14364
182681,1,litu,1829,1,0,0,27575,27575,24-Mar-11,NA,NA,,13,1,353,561,747725.4,4309075,38.89565,-78.1436
182693,1,litu,1830,1,0,0,27584,27584,24-Mar-11,NA,NA,,15.3,13.2,355.3,593.2,747727,4309108,38.89594,-78.14357
190065,1,litu,1902,1,0,0,27684,27684,24-Mar-11,NA,NA,,18.8,0.4,378.8,20.4,747763.7,4308536,38.89078,-78.14335
190067,1,litu,1902,1,1,0,27685,27685,24-Mar-11,NA,NA,,19,2.2,379,22.2,747763.9,4308537,38.89079,-78.14335
190071,1,litu,1902,1,0,0,27689,27689,24-Mar-11,NA,NA,,20,4.3,380,24.3,747764.9,4308540,38.89081,-78.14334
190115,1,litu,1902,1,0,0,27723,27723,27-Jan-10,NA,NA,,4.8,18.6,364.8,38.6,747749.3,4308553,38.89094,-78.14351
190413,1,litu,1904,1,1,0,28001,28001,27-Jan-10,NA,NA,,14.7,4.6,374.7,65.6,747758.6,4308581,38.89118,-78.1434
190426,1,litu,1904,1,0,0,28014,28014,27-Jan-10,NA,NA,,11,14.2,371,76,747754.7,4308591,38.89128,-78.14344
190429,1,litu,1904,1,0,0,28017,28017,24-Mar-11,NA,NA,,12.5,19.1,372.5,79.1,747756.1,4308594,38.89131,-78.14342
190568,1,juni,1912,1,0,0,28141,28141,27-Jan-10,NA,NA,,2.6,18.8,362.6,238.8,747742.5,4308754,38.89274,-78.14352
190655,1,litu,1907,1,0,0,28220,28220,24-Mar-11,NA,NA,,12.9,16.1,372.9,136.1,747755.2,4308651,38.89182,-78.14341
190658,1,litu,1907,1,0,0,28222,28222,24-Mar-11,NA,NA,,10.6,16.7,370.6,136.7,747752.8,4308652,38.89182,-78.14344
190670,1,litu,1908,1,0,0,28234,28234,24-Mar-11,NA,NA,,8,3.2,368,143.2,747750.1,4308658,38.89188,-78.14347
190694,1,quru,1909,1,1,0,28251,28251,27-Jan-10,NA,NA,,18.2,14.7,378.2,174.7,747759.6,4308690,38.89217,-78.14335
190793,1,litu,1914,1,0,0,28335,28335,24-Mar-11,NA,NA,,12.2,1.3,372.2,261.3,747751.6,4308776,38.89295,-78.14341
190794,1,quru,1914,1,0,0,28336,28336,24-Mar-11,NA,NA,,10.6,1.4,370.6,261.4,747750,4308776,38.89295,-78.14343
190798,1,cagl,1914,1,0,0,28340,28340,15-Mar-12,NA,NA,,12.5,8.4,372.5,268.4,747751.7,4308783,38.89301,-78.1434
190834,1,quve,1916,1,0,0,28374,28374,24-Mar-11,15-Dec-11,2011,,19.1,14,379.1,314,747757.2,4308829,38.89342,-78.14332
190835,1,litu,1916,1,0,0,28375,28375,24-Mar-11,NA,NA,,20.5,15.4,380,315.4,747758.1,4308831,38.89343,-78.14331
190838,1,quru,1916,1,1,0,28377,28377,24-Mar-11,NA,NA,,19.1,19.7,379.1,319.7,747757.1,4308835,38.89347,-78.14332
190840,1,litu,1916,1,0,0,28379,28379,15-Mar-12,NA,NA,,15,17.2,375,317.2,747753.1,4308832,38.89345,-78.14337
190935,1,quru,1916,1,0,0,28426,28426,15-Mar-12,NA,NA,,9.4,17.1,369.4,317.1,747747.5,4308832,38.89345,-78.14344
192008,1,qual,1917,1,0,0,28434,28434,24-Mar-11,NA,NA,,12,2,372,322,747750,4308837,38.89349,-78.1434
192055,1,qual,1919,1,0,0,28478,28478,24-Mar-11,NA,NA,,14.8,10.1,374.8,370.1,747751.6,4308885,38.89393,-78.14337
192062,1,qupr,1920,1,0,0,28485,28485,24-Mar-11,NA,NA,,14.4,10.1,374.4,390.1,747750.8,4308905,38.89411,-78.14337
192064,1,qupr,1920,1,0,0,28487,28487,24-Mar-11,NA,NA,,18,11.7,378,391.7,747754.3,4308907,38.89412,-78.14333
192110,1,cato,1922,1,0,0,28531,28531,24-Mar-11,18-Apr-17,2017,,18.4,16.7,378.4,436.7,747753.7,4308952,38.89452,-78.14332
192133,1,caovl,1923,1,0,0,28553,28553,24-Mar-11,NA,NA,,11.7,2.3,371.7,442.3,747746.9,4308957,38.89458,-78.1434
192244,1,qual,1919,1,1,0,28661,28661,24-Mar-11,NA,NA,,18.1,16.8,378.1,376.8,747754.8,4308892,38.89399,-78.14333
192437,1,litu,1925,1,1,0,28848,28848,24-Mar-11,NA,NA,,17,11.5,377,491.5,747751,4309007,38.89502,-78.14333
192466,1,quru,1926,1,1,0,28877,28877,24-Mar-11,NA,NA,,13.3,1.7,373.3,501.7,747747.1,4309017,38.89511,-78.14337
192484,1,quru,1926,1,1,0,28895,28895,24-Mar-11,NA,NA,,17.4,11.2,377.4,511.2,747751,4309026,38.8952,-78.14332
192527,1,litu,1928,1,0,0,28934,28934,15-Mar-12,NA,NA,,11.9,5,371.9,545,747744.7,4309060,38.8955,-78.14338
192528,1,litu,1928,1,0,0,28935,28935,24-Mar-11,NA,NA,,12.4,9.7,372.4,549.7,747745.1,4309065,38.89554,-78.14338
192532,1,fagr,1928,1,0,0,28939,28939,24-Mar-11,NA,NA,,19.2,18.1,379.2,558.1,747751.7,4309073,38.89562,-78.1433
192533,1,litu,1928,1,0,0,28940,28940,24-Mar-11,NA,NA,,18.4,17.2,378.4,557.2,747750.9,4309072,38.89561,-78.14331
192534,1,litu,1928,1,0,0,28941,28941,24-Mar-11,NA,NA,,13.3,17.4,373.3,557.4,747745.8,4309072,38.89561,-78.14337
192542,1,litu,1929,1,1,0,28948,28948,24-Mar-11,NA,NA,,18.9,3.8,378.9,563.8,747751.2,4309079,38.89567,-78.1433
192543,1,litu,1929,1,0,0,28949,28949,24-Mar-11,NA,NA,,14.9,4.4,374.9,564.4,747747.2,4309079,38.89567,-78.14335
192544,1,litu,1929,1,1,0,28950,28950,24-Mar-11,NA,NA,,14.4,1.8,374.4,561.8,747746.8,4309077,38.89565,-78.14335
192546,1,litu,1929,1,0,0,28952,28952,24-Mar-11,NA,NA,,17.4,7.3,377.4,567.3,747749.7,4309082,38.8957,-78.14332
192548,1,litu,1929,1,0,0,28954,28954,24-Mar-11,NA,NA,,15.3,11.3,375.3,571.3,747747.5,4309086,38.89574,-78.14334
192560,1,qual,1930,1,1,0,28965,28965,27-Jan-10,NA,NA,,12.9,19.5,372.9,599.5,747744.4,4309114,38.89599,-78.14337
192570,1,fram,1931,1,0,0,28974,28974,24-Mar-11,NA,NA,,16.4,16.3,376.4,616.3,747747.5,4309131,38.89614,-78.14333
192619,1,quru,1926,1,1,0,29017,29017,24-Mar-11,NA,NA,,12.6,8.5,372.6,508.5,747746.2,4309023,38.89517,-78.14338
192674,1,litu,1929,1,0,0,29069,29069,24-Mar-11,NA,NA,,9.5,2.8,369.5,562.8,747741.9,4309078,38.89566,-78.14341
200038,1,litu,2001,1,0,1,29145,29145,27-Jan-10,NA,NA,,3.6,9.6,383.6,9.6,747768.8,4308525,38.89068,-78.1433
200038,2,litu,2001,1,0,1,29145,36227,27-Jan-10,NA,NA,,3.6,9.6,383.6,9.6,747768.8,4308525,38.89068,-78.1433
200142,1,litu,2002,1,1,0,29241,29241,24-Mar-11,NA,NA,,1.3,3.5,381.3,23.5,747766.2,4308539,38.8908,-78.14333
200151,1,litu,2002,1,0,0,29250,29250,24-Mar-11,NA,NA,,6.9,4,386.9,24,747771.8,4308539,38.89081,-78.14326
200547,1,litu,2005,1,0,0,29606,29606,24-Mar-11,NA,NA,,2.6,1.1,382.6,81.1,747766.1,4308596,38.89132,-78.14331
200551,1,litu,2005,1,1,0,29610,29610,24-Mar-11,NA,NA,,1,5.3,381,85.3,747764.4,4308601,38.89136,-78.14332
200553,1,litu,2005,1,0,0,29612,29612,24-Mar-11,NA,NA,,1.2,8.1,381.2,88.1,747764.6,4308603,38.89139,-78.14332
200577,1,juni,2007,1,0,1,29636,29636,24-Mar-11,NA,NA,,8.8,9.6,386.1,129.6,747768.5,4308645,38.89176,-78.14326
200586,1,juni,2007,1,0,0,29644,29644,24-Mar-11,NA,NA,,2,13.9,382,133.9,747764.3,4308649,38.8918,-78.14331
200613,1,litu,2004,1,0,0,29668,29668,27-Jan-10,NA,NA,,10.1,16.2,390.1,76.2,747773.7,4308592,38.89128,-78.14322
200676,1,litu,2008,1,0,0,29730,29730,27-Jan-10,NA,NA,,12.2,5.9,392.2,146.9,747774.2,4308662,38.89191,-78.14319
200812,1,juni,2008,1,0,0,29859,29859,24-Mar-11,NA,NA,,8,1.2,388,141.2,747770.1,4308657,38.89186,-78.14324
200818,1,litu,2008,1,0,0,29865,29865,24-Mar-11,NA,NA,,4.4,3.9,384.4,143.9,747766.5,4308659,38.89189,-78.14328
200822,1,litu,2008,1,0,0,29869,29869,24-Mar-11,NA,NA,,8.7,10.3,385.6,150.3,747767.5,4308666,38.89195,-78.14326
201207,1,litu,2012,1,0,0,30211,30211,27-Jan-10,NA,NA,,10,17.3,390,237.3,747769.9,4308753,38.89273,-78.14321
201208,1,fram,2012,1,0,0,30212,42566,27-Jan-10,29-Nov-12,2013,,19.2,10,399.2000122,230,747779.3,4308746,38.89266,-78.1431
201248,1,fram,2013,1,0,1,30243,30243,27-Jan-10,18-Apr-17,2017,,7.8,4.6,387.8,244.6,747767.5,4308760,38.89279,-78.14323
201252,1,caco,2013,1,0,0,30247,30247,24-Mar-11,15-Dec-11,2012,,0.3,13.7,380.3,253.7,747759.8,4308769,38.89288,-78.14332
201261,1,juni,2013,1,0,1,30255,30255,24-Mar-11,NA,NA,,0.3,17.3,380.3,257.3,747759.7,4308772,38.89291,-78.14332
201263,1,ulru,2013,1,0,0,30257,30257,15-Mar-12,27-Oct-14,2015,,4.6,19.1,384.6,259.1,747764,4308774,38.89292,-78.14327
201264,1,litu,2014,1,0,0,30258,30258,24-Mar-11,NA,NA,,0.3,6.8,380.3,266.8,747759.5,4308782,38.89299,-78.14331
201274,1,litu,2014,1,0,0,30267,30267,24-Mar-11,NA,NA,,5.3,8.9,385.3,268.9,747764.5,4308784,38.89301,-78.14326
201278,1,litu,2014,1,0,0,30270,30270,24-Mar-11,NA,NA,,2.2,11.8,382.2,271.8,747761.3,4308787,38.89304,-78.14329
201279,1,quru,2014,1,0,0,30271,30271,24-Mar-11,NA,NA,,1.9,13,381.9,273,747761,4308788,38.89305,-78.1433
201432,1,quve,2016,1,0,0,30376,30376,24-Mar-11,NA,NA,,0.3,12.5,380.3,312.5,747758.5,4308828,38.89341,-78.14331
201441,1,litu,2016,1,0,0,30385,30385,24-Mar-11,NA,NA,,11.8,19.2,391.8,319.2,747769.8,4308835,38.89347,-78.14318
202050,1,qual,2019,1,0,0,30435,30435,24-Mar-11,NA,NA,,9.2,14.5,389.2,374.5,747765.9,4308890,38.89396,-78.1432
202072,1,qual,2020,1,1,0,30457,30457,24-Mar-11,NA,NA,,2.1,10.8,382.1,390.8,747758.5,4308906,38.89411,-78.14328
202118,1,quve,2023,1,0,0,30503,30503,24-Mar-11,NA,NA,,12.8,3.5,392.8,443.5,747767.9,4308959,38.89458,-78.14315
202201,1,cato,2017,1,0,0,30581,30581,24-Mar-11,NA,NA,,3.2,1.1,383.2,321.1,747761.2,4308836,38.89348,-78.14328
202203,1,quru,2017,1,0,0,30583,30583,24-Mar-11,NA,NA,,9.2,1.4,389.2,321.4,747767.2,4308837,38.89349,-78.14321
202212,1,quve,2017,1,0,0,30592,30592,24-Mar-11,NA,NA,,4.3,9.5,384.3,329.5,747762.1,4308845,38.89356,-78.14326
202215,1,qual,2017,1,1,0,30595,30595,24-Mar-11,NA,NA,,5.5,11.7,385.5,331.7,747763.2,4308847,38.89358,-78.14325
202283,1,litu,2020,1,0,0,30656,30656,24-Mar-11,NA,NA,,4.5,2.9,384.5,382.9,747761,4308898,38.89404,-78.14325
202336,1,cagl,2022,1,0,0,30709,30709,24-Mar-11,NA,NA,,3,10.7,383,430.7,747758.4,4308946,38.89447,-78.14327
202337,1,cagl,2023,1,0,0,30710,30710,24-Mar-11,NA,NA,,1,0.2,381,440.2,747756.2,4308955,38.89456,-78.14329
202444,1,litu,2025,1,0,0,30813,30813,24-Mar-11,NA,NA,,0.9,12.5,380.9,492.5,747754.9,4309008,38.89503,-78.14329
202449,1,litu,2026,1,0,0,30818,30818,24-Mar-11,NA,NA,,0,1,380,501,747753.8,4309016,38.8951,-78.1433
202536,1,fram,2028,1,0,1,30898,30898,24-Mar-11,NA,NA,,9.5,13.3,389.5,553.3,747762.1,4309069,38.89557,-78.14318
202541,1,fram,2028,1,0,0,30903,30903,24-Mar-11,NA,NA,,2.5,15,382.5,555,747755,4309070,38.89559,-78.14326
202543,1,litu,2028,1,0,0,30905,30905,24-Mar-11,NA,NA,,0.5,15.6,380.5,555.6,747753,4309071,38.8956,-78.14328
202545,1,litu,2029,1,0,0,30907,30907,24-Mar-11,NA,NA,,4.5,2.6,384.5,562.6,747756.9,4309078,38.89566,-78.14324
202550,1,litu,2029,1,0,0,30912,30912,24-Mar-11,NA,NA,,2.1,10.7,382.1,570.7,747754.3,4309086,38.89573,-78.14326
202581,1,fram,2031,1,0,0,30938,30938,24-Mar-11,NA,NA,,2.4,16.7,382.4,616.7,747753.5,4309132,38.89615,-78.14326
202584,1,fram,2031,1,0,0,30940,30940,24-Mar-11,27-Oct-14,2015,,2.7,19.3,382.7,619.3,747753.8,4309134,38.89617,-78.14325
202585,1,juni,2032,1,0,1,30941,30941,24-Mar-11,NA,NA,,1,4.8,381,624.8,747751.9,4309140,38.89622,-78.14327
202586,1,fram,2032,1,0,0,30942,30942,24-Mar-11,NA,NA,,4.2,5.3,384.2,625.3,747755.1,4309140,38.89622,-78.14324
202671,1,litu,2025,1,0,0,31024,31024,24-Mar-11,6-Apr-16,2016,,1.2,17.4,381.2,497.4,747755.1,4309013,38.89507,-78.14328
202971,1,fram,2032,1,0,0,31191,31191,24-Mar-11,8-Mar-18,2018,,5.6,10.2,385.6,630.2,747756.4,4309145,38.89627,-78.14322
