tag,stemtag,survey.ID,biannual,intraannual,sp,quadrat,stemID,treeID,dendDiam,dbh,new.band,dendroID,type,dir,dendHt,crown.condition,crown.illum,lianas,measureID
10469,1,2010.01,1,0,litu,109,1419,1419,810,810.4,1,1,2,NA,1.4,4,4,NA,NA
10469,1,2015.01,1,0,litu,109,1419,1419,852.5,838.7999878,1,632,2,NA,1.4,4,4,NA,NA
10469,1,2021,NA,NA,litu,109,1419,1419,905,917,1,993,2,NA,1.5,NA,NA,NA,NA
10587,1,2010.01,1,0,litu,113,1526,1526,941.2,938.4,1,2,2,NA,1.38,4,4,NA,NA
10587,1,2019,1,0,litu,113,1526,1526,986,985,1,897,2,NA,1.35,NA,NA,NA,NA
10609,1,2010.01,1,0,cagl,111,1548,1548,412.1,410.2,1,3,2,NA,1.39,3,5,NA,NA
10671,1,2010.01,1,1,quru,114,1609,1609,839.5,823.5,1,4,2,NA,1.32,4,4,NA,NA
10671,1,2012.01,1,1,quru,114,1609,1609,NA,823.5,1,533,2,NA,1.32,4,4,NA,NA
10671,1,2016.02,1,1,quru,114,1609,1609,NA,851,1,695,2,NA,1.32,NA,NA,NA,NA
10671,1,2017.07,1,1,quru,114,1609,1609,NA,851,1,750,2,NA,1.32,NA,NA,NA,NA
12025,1,2011.01,1,1,quru,117,1713,1713,824,798.1,1,244,2,NA,1.3,3,4,NA,NA
12025,1,2018.06,1,1,quru,117,1713,1713,NA,832.5,1,830,2,NA,1.3,NA,NA,NA,NA
12101,1,2010.01,1,0,tiam,120,1786,1786,855.1,875.2,1,5,2,NA,1.42,3,4,NA,NA
12259,1,2010.01,1,0,litu,125,1934,1934,1016.5,1012.3,1,6,2,NA,1.23,4,4,NA,NA
12259,1,2013.01,1,0,litu,125,1934,1934,1019.2,1012.3,1,592,2,NA,1.23,4,4,NA,NA
12259,1,2015.01,1,0,litu,125,1934,1934,1021,1018.799988,1,659,2,NA,1.23,4,4,NA,NA
12259,1,2021,NA,NA,litu,125,1934,1934,103.3,1042,1,994,2,NA,1.15,NA,NA,NA,NA
12270,1,2010.01,1,0,tiam,125,1942,1942,261.1,257.2,1,7,2,NA,1.19,4,4,NA,NA
12270,1,2015.01,1,0,tiam,125,1942,1942,289.5,280.7000122,1,633,2,NA,1.19,4,4,NA,NA
12308,1,2010.01,1,0,caca,126,1977,1977,112.5,107.2,1,8,2,NA,1.22,4,2,NA,NA
12416,1,2019,1,0,cato,129,2070,2070,123,126,1,862,2,NA,1.4,NA,NA,NA,NA
12508,1,2010.01,1,0,litu,131,2157,2157,877,875.9,1,9,2,NA,1.3,4,4,NA,NA
12508,1,2019.011,1,0,litu,131,2157,2157,925,920,1,991,2,NA,1.25,NA,NA,NA,NA
20432,1,2010.01,1,0,fram,204,2661,2661,546.1,543.2,1,10,2,NA,1.35,3,5,NA,NA
20432,1,2016.15,1,0,fram,204,2661,2661,NA,550.5,1,696,2,NA,1.35,NA,NA,NA,NA
20587,1,2010.01,1,0,litu,208,2778,2778,1180,1159.4,1,11,2,NA,1.33,4,5,NA,NA
20587,1,2015.01,1,0,litu,208,2778,2778,1226,1207.300049,1,634,2,NA,1.33,4,5,NA,NA
20587,1,2021,NA,NA,litu,208,2778,2778,128.2,1288,1,995,2,NA,1.4,NA,NA,NA,NA
20603,1,2010.01,1,0,fram,208,2793,2793,821,814.6,1,12,2,NA,1.33,3,4,NA,NA
20617,1,2010.01,1,0,litu,209,2807,2807,837.5,822.2,1,13,2,NA,1.32,3,4,NA,NA
20617,1,2018.01,1,0,litu,209,2807,2807,NA,851,1,782,2,NA,1.32,NA,NA,NA,NA
20712,1,2010.01,1,0,litu,212,2897,2897,875.9,873.2,1,14,2,NA,1.45,4,4,NA,NA
20712,1,2017.01,1,0,litu,212,2897,2897,NA,896.2,1,725,2,NA,1.45,4,4,NA,NA
20737,1,2022,1,0,tiam,213,2922,2922,187,180,1,1113,2,NA,1.4,NA,NA,NA,NA
22004,1,2019.011,1,0,litu,217,3037,3037,840,841,1,923,2,NA,1.4,NA,NA,NA,NA
22004,2,2011.01,1,0,litu,217,32560,3037,803,786.5,1,245,2,NA,1.3,3,4,NA,NA
22041,1,2010.01,1,0,litu,217,3072,3072,809.1,800.6,1,15,2,NA,1.32,3,4,NA,NA
22041,1,2017.12,1,0,litu,217,3072,3072,NA,817,1,751,2,NA,1.32,NA,NA,NA,NA
22141,1,2022,1,0,tiam,221,3170,3170,147,142,1,1091,2,NA,1.4,NA,NA,NA,NA
22170,1,2010.01,1,0,litu,221,3197,3197,1120.2,1117.7,1,16,2,NA,1.2,3,4,NA,NA
22170,1,2016.15,1,0,litu,221,3197,3197,NA,1128,1,697,2,NA,1.2,NA,NA,NA,NA
22170,1,2019.01,1,0,litu,221,3197,3197,NA,1128,1,979,2,NA,1.2,NA,NA,NA,NA
22186,1,2022,1,1,tiam,222,3212,3212,378,370,1,1092,2,NA,1.4,NA,NA,NA,NA
22198,2,2022,1,1,tiam,222,32585,3223,157,160,1,1093,2,NA,1.4,NA,NA,NA,NA
22315,1,2019,1,0,caco,225,3338,3338,541,550,1,863,2,NA,1.4,NA,NA,NA,NA
22333,1,2010.01,1,0,fram,226,3354,3354,627.1,412,1,17,2,NA,0.97,4,4,NA,NA
22333,1,2019.01,1,0,fram,226,3354,3354,NA,421.6,1,980,2,NA,0.97,NA,NA,NA,NA
22489,1,2022.01,1,0,cato,229,3507,3507,13.9,137,1,1139,2,NA,1.4,NA,NA,NA,NA
30039,1,2010.01,1,0,fram,302,3702,3702,927.4,920.2,1,18,2,NA,1.3,3,4,NA,NA
30039,1,2016.15,1,0,fram,302,3702,3702,NA,932,1,698,2,NA,1.3,NA,NA,NA,NA
30225,1,2013.06,1,1,qual,306,3866,3866,NA,301,1,543,2,NA,1.42,NA,NA,NA,NA
30233,1,2010.01,1,1,fagr,306,3874,3874,1039.2,1030.4,1,19,2,NA,1.28,4,4,NA,NA
30233,1,2013.06,1,1,fagr,306,3874,3874,1051.6,1030.4,1,627,2,NA,1.28,NA,NA,NA,NA
30233,1,2019,1,1,fagr,306,3874,3874,1063,1072,1,898,2,NA,1.4,NA,NA,NA,NA
30234,1,2013.06,1,1,fagr,306,3875,3875,NA,71.5,1,544,2,NA,1.4,NA,NA,NA,NA
30234,1,2019.011,1,1,fagr,306,3875,3875,80,81,1,924,2,NA,1.4,NA,NA,NA,NA
30331,1,2022,1,1,cagl,306,3967,3967,229,231,1,1114,2,NA,1.34,NA,NA,NA,NA
30331,1,2013.06,1,1,cagl,306,3967,3967,NA,216,1,545,2,NA,1.46,NA,NA,NA,NA
30333,1,2013.06,1,1,fagr,306,3969,3969,NA,222,1,546,2,NA,1.52,NA,NA,NA,NA
30333,1,2017.01,1,1,fagr,306,3969,3969,NA,222,1,726,2,NA,1.52,4,3,NA,NA
30339,1,2013.01,1,1,litu,307,3975,3975,587.6,573.2,1,547,2,NA,1.3,NA,NA,NA,NA
30339,2,2013.01,1,1,litu,307,32681,3975,504,482.7,1,548,2,NA,1.3,NA,NA,NA,NA
30339,2,2017.07,1,1,litu,307,32681,3975,NA,504,1,752,2,NA,1.3,NA,NA,NA,NA
30339,3,2013.01,1,1,litu,307,37149,3975,156,148.3,1,549,2,NA,1.3,NA,NA,NA,NA
30343,1,2013.06,1,1,quru,307,3979,3979,NA,600,1,550,2,NA,1.38,NA,NA,NA,NA
30365,1,2010.01,1,0,fram,308,3998,3998,975.3,969.7,1,20,2,NA,1.3,4,4,NA,NA
30365,1,2018.01,1,0,fram,308,3998,3998,NA,992,1,799,2,NA,1.3,NA,NA,NA,NA
30462,1,2010.01,1,0,litu,313,4091,4091,482.5,482.4,1,21,2,NA,1.3,4,4,NA,NA
30462,1,2021,NA,NA,litu,313,4091,4091,518,522,1,996,2,NA,1.4,NA,NA,NA,NA
30467,1,2010.01,1,1,litu,314,4096,4096,603,598.3,1,22,2,NA,1.3,4,3,NA,NA
30512,1,2010.01,1,1,quru,313,4137,4137,834.1,826.2,1,23,2,NA,1.28,4,4,NA,NA
30512,1,2018.09,1,1,quru,313,4137,4137,NA,845.5,1,831,2,NA,1.28,NA,NA,NA,NA
30584,1,2010.01,1,0,quve,316,4207,4207,849,843.9,1,24,2,NA,1.32,4,4,NA,NA
30584,1,2016.01,1,0,quve,316,4207,4207,885,873.5,1,688,2,NA,1.32,4,4,NA,NA
30584,1,2021,NA,NA,quve,316,4207,4207,920,932,1,997,2,NA,1.45,NA,NA,NA,NA
32084,1,2010.01,1,0,litu,317,4313,4313,1133.5,1135.1,1,25,2,NA,1.3,2,4,NA,NA
32097,1,2010.01,1,0,litu,320,4326,4326,617.5,617,1,26,2,NA,1.42,4,5,NA,NA
32097,1,2013.01,1,0,litu,320,4326,4326,634,617,1,593,2,NA,1.42,4,5,NA,NA
32097,1,2019,1,0,litu,320,4326,4326,647,651,1,899,2,NA,1.4,NA,NA,NA,NA
32126,1,2010.01,1,1,litu,321,4355,4355,937.6,956.6,1,27,2,NA,1.48,4,4,NA,NA
32126,1,2016.15,1,1,litu,321,4355,4355,NA,995.5,1,699,2,NA,1.48,NA,NA,NA,NA
32126,1,2017.02,1,1,litu,321,4355,4355,NA,995.5,1,753,2,NA,1.48,NA,NA,NA,NA
32157,1,2022,1,0,tiam,322,4384,4384,391,382,1,1094,2,NA,1.4,NA,NA,NA,NA
32180,2,2022,1,0,tiam,322,32736,4407,188,183,1,1095,2,NA,1.4,NA,NA,NA,NA
32381,1,2010.01,1,0,qupr,327,4606,4606,805.6,807.3,1,28,2,NA,1.34,2,4,NA,NA
32381,1,2017.12,1,0,qupr,327,4606,4606,NA,834,1,754,2,NA,1.34,NA,NA,NA,NA
32423,1,2010.01,1,0,litu,329,4647,4647,618,874.5,1,29,2,NA,1.31,4,4,NA,NA
32423,1,2018.01,1,0,litu,329,4647,4647,NA,914,1,800,2,NA,1.31,NA,NA,NA,NA
32540,1,2010.01,1,0,qupr,332,4760,4760,837,825.8,1,30,2,NA,1.35,2,3,NA,NA
40465,1,2019,1,0,qupr,404,4942,4942,437,451,1,864,2,NA,1.4,NA,NA,NA,NA
40562,1,2013.06,1,1,fagr,406,5039,5039,NA,79.1,1,551,2,NA,1.41,NA,NA,NA,NA
40562,1,2019.021,1,1,fagr,406,5039,5039,86,86,1,952,2,NA,1.4,NA,NA,NA,NA
40563,1,2013.06,1,1,fagr,406,5040,5040,NA,365,1,552,2,NA,1.44,NA,NA,NA,NA
40563,1,2018.09,1,1,fagr,406,5040,5040,NA,365,1,832,2,NA,1.44,NA,NA,NA,NA
40564,1,2022,1,1,fagr,406,5041,5041,68,69,1,1115,2,NA,1.38,NA,NA,NA,NA
40564,1,2013.06,1,1,fagr,406,5041,5041,NA,57.8,1,553,2,NA,1.43,NA,NA,NA,NA
40564,1,2017.01,1,1,fagr,406,5041,5041,NA,57.8,1,727,2,NA,1.43,4,2,NA,NA
40565,1,2013.06,1,1,cagl,406,5042,5042,NA,182.1,1,554,2,NA,1.36,NA,NA,NA,NA
40565,1,2019.041,1,1,cagl,406,5042,5042,183,184,1,959,2,NA,1.4,NA,NA,NA,NA
40566,1,2013.06,1,1,cagl,406,5043,5043,NA,270.2,1,555,2,NA,1.41,NA,NA,NA,NA
40566,1,2018.06,1,1,cagl,406,5043,5043,NA,270.2,1,833,2,NA,1.41,NA,NA,NA,NA
40567,1,2013.06,1,1,fagr,406,5044,5044,NA,93.3,1,556,2,NA,1.43,NA,NA,NA,NA
40567,1,2018.01,1,1,fagr,406,5044,5044,NA,93.3,1,801,2,NA,1.43,NA,NA,NA,NA
40568,1,2013.06,1,1,fagr,406,5045,5045,NA,169.9,1,557,2,NA,1.39,NA,NA,NA,NA
40568,1,2016.02,1,1,fagr,406,5045,5045,NA,169.8999939,1,854,2,NA,1.39,NA,NA,NA,NA
40568,1,2017.01,1,1,fagr,406,5045,5045,NA,169.9,1,728,2,NA,1.39,4,3,NA,NA
40568,1,2019.091,1,1,fagr,406,5045,5045,203,206,1,975,2,NA,1.4,NA,NA,NA,NA
40569,1,2013.06,1,1,litu,407,5046,5046,NA,280,1,558,2,NA,1.41,NA,NA,NA,NA
40569,1,2016.02,1,1,litu,407,5046,5046,NA,280,1,701,2,NA,1.41,NA,NA,NA,NA
40635,1,2010.01,1,0,cagl,408,5109,5109,258.5,255.6,1,31,2,NA,1.22,4,3,NA,NA
40875,1,2010.01,1,1,qual,412,5341,5341,886.2,866.2,1,32,2,NA,1.28,3,4,NA,NA
40941,1,2010.01,1,0,litu,413,9757,5402,949,663.1,1,33,2,NA,0.78,4,4,NA,NA
40941,1,2019,1,0,litu,414,9757,5402,983,653,1,981,2,NA,0.7,NA,NA,NA,NA
40941,1,2019.01,1,0,litu,414,9757,5402,NA,653,1,982,2,NA,0.7,NA,NA,NA,NA
40941,1,2021,NA,NA,litu,414,5402,5402,668,680,1,998,2,NA,1.5,NA,NA,NA,NA
40942,1,2010.01,1,0,acru,414,5403,5403,391,385,1,34,2,NA,1.32,4,3,NA,NA
40972,1,2011.01,1,0,litu,415,5432,5432,801,788.7,1,246,2,NA,1.3,3,4,NA,NA
40972,1,2019,1,0,litu,415,5432,5432,869,847,1,900,2,NA,1.32,NA,NA,NA,NA
42009,1,2010.01,1,0,ploc,417,5499,5499,NA,396,1,35,2,NA,NA,NA,NA,NA,NA
42270,1,2010.01,1,1,quru,424,5755,5755,851,813.2,1,36,2,NA,1.24,3,4,NA,NA
42397,1,2010.01,1,0,quru,428,5881,5881,1454.8,1418.3,1,37,2,NA,1,3,4,NA,NA
42397,1,2015.01,1,0,quru,428,5881,5881,1505,1483,1,635,2,NA,1,3,4,NA,NA
42397,1,2019.011,1,0,quru,428,5881,5881,1569,1531,1,925,2,NA,1.1,NA,NA,NA,NA
42562,1,2010.01,1,0,quru,431,5942,5942,864.3,851.1,1,38,2,NA,1.2,3,3,NA,NA
50160,1,2010.01,1,0,fram,502,6050,6050,844.5,833.6,1,39,2,NA,1.36,4,4,NA,NA
50160,1,2016.15,1,0,fram,502,6050,6050,NA,868.0999756,1,702,2,NA,1.36,NA,NA,NA,NA
50160,1,2018.01,1,0,fram,502,6050,6050,NA,868.1,1,802,2,NA,1.36,NA,NA,NA,NA
50288,1,2010.01,1,0,quru,505,6176,6176,848,835,1,40,2,NA,1.34,3,4,NA,NA
50288,1,2016.15,1,0,quru,505,6176,6176,NA,877.7000122,1,703,2,NA,1.34,NA,NA,NA,NA
50364,1,2010.01,1,1,qual,507,6249,6249,642.8,637.9,1,41,2,NA,1.3,4,4,NA,NA
50364,1,2021,NA,NA,qual,507,6249,6249,681,688,1,999,2,NA,1.4,NA,NA,NA,NA
50525,1,2019,1,0,qual,512,6405,6405,508,514,1,865,2,NA,1.4,NA,NA,NA,NA
50562,1,2019,1,0,quru,514,6442,6442,682,695,1,866,2,NA,1.4,NA,NA,NA,NA
50622,1,2019,1,0,qual,513,6493,6493,644,650,1,867,2,NA,1.4,NA,NA,NA,NA
50622,1,2019.01,1,0,qual,513,6493,6493,NA,650,1,983,2,NA,1.4,NA,NA,NA,NA
50646,1,2019,1,0,quru,514,6517,6517,352,351,1,868,2,NA,1.4,NA,NA,NA,NA
50650,1,2013.06,1,1,litu,514,6521,6521,NA,184.3,1,559,2,NA,1.44,NA,NA,NA,NA
50654,1,2013.06,1,1,litu,514,6525,6525,NA,717.2,1,560,2,NA,1.45,NA,NA,NA,NA
50654,1,2016.01,1,1,litu,514,6525,6525,716.5,717.2000122,1,689,2,NA,1.45,4,5,NA,NA
52087,1,2010.01,1,0,quru,519,6638,6638,1435.6,1432.1,1,42,2,NA,1.44,2,5,NA,NA
52087,1,2016.01,1,0,quru,519,6638,6638,1447.5,1451,1,690,2,NA,1.3,2,5,NA,NA
52087,1,2021,NA,NA,quru,519,6638,6638,146.2,1473,1,1000,2,NA,1.3,NA,NA,NA,NA
52190,1,2010.01,1,1,quru,522,6741,6741,945,932.1,1,43,2,NA,1.45,3,4,NA,NA
52190,1,2015.03,1,1,quru,522,6741,6741,NA,968.5,1,662,2,NA,1.45,NA,NA,NA,NA
52190,1,2021,NA,NA,quru,522,6741,6741,994,1026,1,1001,2,NA,1.55,NA,NA,NA,NA
52276,1,2010.01,1,0,quve,525,6826,6826,824.4,823.3,1,44,2,NA,1.32,2,4,NA,NA
52344,1,2019,1,0,cagl,528,6894,6894,267,269,1,869,2,NA,1.4,NA,NA,NA,NA
52384,1,2022,1,0,caovl,529,6934,6934,125,121,1,1096,2,NA,1.4,NA,NA,NA,NA
60161,1,2010.01,1,0,qupr,608,7163,7163,843.1,845.9,1,45,2,NA,1.13,3,4,NA,NA
60266,1,2019,1,0,cato,604,7262,7262,495,496,1,870,2,NA,1.4,NA,NA,NA,NA
60410,1,2019,1,0,fram,610,7397,7397,466,468,1,871,2,NA,1.4,NA,NA,NA,NA
60410,1,2019.01,1,0,fram,610,7397,7397,NA,468,1,951,2,NA,1.4,NA,NA,NA,NA
60414,1,2010.01,1,1,quru,611,7401,7401,916.1,912,1,46,2,NA,1.4,2,4,NA,NA
60456,1,2013.06,1,1,caca,614,7441,7441,NA,64.5,1,561,2,NA,1.44,NA,NA,NA,NA
60457,1,2013.06,1,1,caca,614,7442,7442,NA,99.5,1,562,2,NA,1.43,NA,NA,NA,NA
60458,1,2013.06,1,1,fagr,615,7443,7443,NA,269.5,1,563,2,NA,1.39,NA,NA,NA,NA
60458,1,2018.09,1,1,fagr,615,7443,7443,NA,269.5,1,834,2,NA,1.39,NA,NA,NA,NA
60459,1,2013.06,1,1,fagr,615,7444,7444,NA,99.7,1,564,2,NA,1.36,NA,NA,NA,NA
60459,1,2016.01,1,1,fagr,615,7444,7444,115,99.69999695,1,691,2,NA,1.36,4,2,NA,NA
60459,1,2017.07,1,1,fagr,615,7444,7444,NA,99.7,1,755,2,NA,1.36,NA,NA,NA,NA
60462,1,2013.06,1,1,fagr,615,7447,7447,NA,209.5,1,565,2,NA,1.43,NA,NA,NA,NA
60462,1,2016.02,1,1,fagr,615,7447,7447,NA,209.5,1,704,2,NA,1.43,NA,NA,NA,NA
60463,1,2013.06,1,1,juni,615,7448,7448,NA,468,1,566,2,NA,1.43,NA,NA,NA,NA
60463,1,2017.09,1,1,juni,615,7448,7448,NA,468,1,756,2,NA,1.43,NA,NA,NA,NA
60468,1,2013.06,1,1,caca,615,7453,7453,NA,67.3,1,567,2,NA,1.38,NA,NA,NA,NA
60468,1,2019.011,1,1,caca,615,7453,7453,74,74,1,926,2,NA,1.25,NA,NA,NA,NA
60469,1,2013.06,1,1,cofl,615,7454,7454,NA,70,1,568,2,NA,1.43,NA,NA,NA,NA
60562,1,2013.06,1,1,fagr,614,7541,7541,NA,124,1,569,2,NA,1.47,NA,NA,NA,NA
60562,1,2016.02,1,1,fagr,614,7541,7541,NA,124,1,705,2,NA,1.47,NA,NA,NA,NA
60562,1,2019.011,1,1,fagr,614,7541,7541,154,156,1,927,2,NA,1.4,NA,NA,NA,NA
60563,1,2013.06,1,1,caca,614,7542,7542,NA,87.5,1,570,2,NA,1.38,NA,NA,NA,NA
60563,1,2018.01,1,1,caca,614,7542,7542,NA,87.5,1,783,2,NA,1.38,NA,NA,NA,NA
60566,1,2013.06,1,1,fagr,614,7545,7545,NA,194.2,1,571,2,NA,1.44,NA,NA,NA,NA
60566,1,2017.01,1,1,fagr,614,7545,7545,NA,194.2,1,729,2,NA,1.44,4,4,NA,NA
60566,1,2022.15,1,1,fagr,614,7545,7545,228,219,1,1148,2,NA,1.45,NA,NA,NA,NA
60567,1,2013.06,1,1,litu,614,7546,7546,NA,536.8,1,572,2,NA,1.54,NA,NA,NA,NA
60567,1,2016.02,1,1,litu,614,7546,7546,NA,536.7999878,1,706,2,NA,1.54,NA,NA,NA,NA
60568,1,2013.06,1,1,caca,614,7547,7547,NA,90.3,1,573,2,NA,1.37,NA,NA,NA,NA
60568,1,2019.021,1,1,caca,614,7547,7547,95,96,1,953,2,NA,1.35,NA,NA,NA,NA
60569,1,2013.06,1,1,caca,614,7548,7548,NA,89.5,1,574,2,NA,1.32,NA,NA,NA,NA
60569,1,2019.051,1,1,caca,614,7548,7548,100,100,1,966,2,NA,1.4,NA,NA,NA,NA
60570,1,2013.06,1,1,caco,614,7549,7549,NA,396.1,1,575,2,NA,1.41,NA,NA,NA,NA
60570,1,2016.02,1,1,caco,614,7549,7549,NA,396.1000061,1,707,2,NA,1.41,NA,NA,NA,NA
60571,1,2013.06,1,1,caca,614,7550,7550,NA,116,1,576,2,NA,1.48,NA,NA,NA,NA
60573,1,2013.06,1,1,tiam,614,7552,7552,NA,258.5,1,577,2,NA,1.45,NA,NA,NA,NA
60573,1,2016.02,1,1,tiam,614,7552,7552,NA,258.5,1,708,2,NA,1.45,NA,NA,NA,NA
60576,1,2013.06,1,1,caca,615,7555,7555,NA,95.1,1,578,2,NA,1.37,NA,NA,NA,NA
60576,1,2016.02,1,1,caca,615,7555,7555,NA,95.09999847,1,709,2,NA,1.37,NA,NA,NA,NA
60577,1,2013.06,1,1,litu,615,7556,7556,NA,546.2,1,579,2,NA,1.5,NA,NA,NA,NA
60577,1,2018.01,1,1,litu,615,7556,7556,NA,546.2,1,784,2,NA,1.5,NA,NA,NA,NA
60578,1,2013.06,1,1,caca,615,7557,7557,NA,78.5,1,580,2,NA,1.36,NA,NA,NA,NA
60579,1,2013.06,1,1,caca,615,7558,7558,NA,76.1,1,581,2,NA,1.32,NA,NA,NA,NA
60581,1,2013.06,1,1,litu,615,7560,7560,NA,685.1,1,582,2,NA,1.54,NA,NA,NA,NA
60581,1,2018.01,1,1,litu,615,7560,7560,NA,685.1,1,861,2,NA,1.54,NA,NA,NA,NA
60582,1,2013.06,1,1,quru,615,7561,7561,NA,285.1,1,583,2,NA,1.37,NA,NA,NA,NA
60582,1,2022.15,1,1,quru,615,7561,7561,294,293,1,1149,2,NA,1.45,NA,NA,NA,NA
60586,1,2013.06,1,1,caca,615,7565,7565,NA,62.5,1,584,2,NA,1.38,NA,NA,NA,NA
60586,1,2019.1,1,1,caca,615,7565,7565,NA,62.5,1,992,2,NA,1.38,NA,NA,NA,NA
60587,1,2013.06,1,1,caca,615,7566,7566,NA,70.5,1,585,2,NA,1.35,NA,NA,NA,NA
60587,1,2019.011,1,1,caca,615,7566,7566,83,81,1,928,2,NA,1.35,NA,NA,NA,NA
60588,1,2013.06,1,1,caco,615,7567,7567,NA,292.3,1,586,2,NA,1.5,NA,NA,NA,NA
62114,1,2019,1,0,quve,619,7692,7692,306,306,1,872,2,NA,1.4,NA,NA,NA,NA
62121,1,2022.01,1,0,cato,619,7699,7699,11.4,114,1,1133,2,NA,1.4,NA,NA,NA,NA
62128,1,2022,1,1,quru,620,7706,7706,871,NA,1,1097,2,NA,1.4,NA,NA,NA,NA
62128,1,2010.01,1,1,quru,620,7706,7706,835.7,826,1,47,2,NA,1.4,3,4,NA,NA
62181,1,2010.01,1,0,quve,621,7759,7759,1122.5,1107,1,48,2,NA,1.25,2,4,NA,NA
62224,1,2010.01,1,1,litu,622,7801,7801,1029,1025.2,1,49,2,NA,1.3,3,4,NA,NA
62224,1,2017.07,1,1,litu,622,7801,7801,NA,1040.5,1,849,2,NA,1.3,NA,NA,NA,NA
62224,1,2021,NA,NA,litu,622,7801,7801,1067,1073,1,1002,2,NA,1.34,NA,NA,NA,NA
62241,1,2010.01,1,0,litu,623,7818,7818,926.4,914.9,1,50,2,NA,1.26,3,4,NA,NA
62241,1,2021,NA,NA,litu,623,7818,7818,941,970,1,1003,2,NA,1.8,NA,NA,NA,NA
62285,1,2019,1,0,quru,625,7862,7862,710,714,1,873,2,NA,1.4,NA,NA,NA,NA
62300,1,2019,1,0,quve,625,7877,7877,453,450,1,874,2,NA,1.4,NA,NA,NA,NA
62300,1,2019.01,1,0,quve,625,7877,7877,NA,450,1,950,2,NA,1.4,NA,NA,NA,NA
62312,1,2019,1,0,cato,626,7889,7889,127,129,1,875,2,NA,1.4,NA,NA,NA,NA
62417,1,2010.01,1,0,quve,630,7992,7992,932,933,1,51,2,NA,1.4,3,4,NA,NA
62449,1,2010.01,1,0,qual,632,8020,8020,906.5,880.1,1,52,2,NA,1.25,4,4,NA,NA
62449,1,2021,NA,NA,qual,632,8020,8020,895,908,1,1004,2,NA,1.65,NA,NA,NA,NA
62454,1,2010.01,1,0,quve,632,8025,8025,909,906,1,53,2,NA,1.39,2,4,NA,NA
62454,1,2021,NA,NA,quve,632,8025,8025,927,947,1,1005,2,NA,1.62,NA,NA,NA,NA
70096,1,2010.01,1,1,quru,704,8126,8126,849.2,843.8,1,54,2,NA,1.33,3,4,NA,NA
70096,1,2013.13,1,1,quru,704,8126,8126,NA,843.8,1,860,2,NA,1.33,NA,NA,NA,NA
70096,1,2018.06,1,1,quru,704,8126,8126,NA,866.9,1,835,2,NA,1.33,NA,NA,NA,NA
70096,1,2019,1,1,quru,704,8126,8126,881,893,1,901,2,NA,1.4,NA,NA,NA,NA
70126,1,2011.01,1,1,quru,705,8152,8152,799,789.4,1,247,2,NA,1.3,3,4,NA,NA
70126,1,2017.01,1,1,quru,705,8152,8152,NA,821,1,730,2,NA,1.3,3,4,NA,NA
70146,1,2019,1,0,quve,706,8166,8166,660,662,1,876,2,NA,1.4,NA,NA,NA,NA
70181,1,2010.01,1,0,litu,707,8200,8200,522,520,1,55,2,NA,1.37,4,4,NA,NA
70181,1,2017.01,1,0,litu,707,8200,8200,NA,536.3,1,731,2,NA,1.37,4,4,NA,NA
70216,1,2010.01,1,0,quve,701,8234,8234,910.7,907.6,1,56,2,NA,1.29,4,4,NA,NA
70216,1,2021,NA,NA,quve,701,8234,8234,960,962,1,1006,2,NA,1.34,NA,NA,NA,NA
70220,1,2010.01,1,1,qual,702,8238,8238,513.1,506.2,1,57,2,NA,1.4,4,4,NA,NA
70220,1,2019.061,1,1,qual,702,8238,8238,550,557,1,967,2,NA,1.4,NA,NA,NA,NA
70278,1,2010.01,1,0,qupr,704,8293,8293,665.5,654.1,1,58,2,NA,1.23,4,4,NA,NA
70278,1,2018.01,1,0,qupr,704,8293,8293,NA,679.8,1,803,2,NA,1.23,NA,NA,NA,NA
70292,1,2010.01,1,0,cagl,705,8303,8303,451,444.5,1,59,2,NA,1.2,4,4,NA,NA
70352,1,2010.01,1,0,litu,707,8357,8357,739,734,1,60,2,NA,1.24,4,4,NA,NA
70356,1,2010.01,1,0,caca,707,8361,8361,79.1,80.2,1,61,2,NA,1.13,3,2,NA,NA
70357,1,2010.01,1,0,cagl,708,8362,8362,114,113.1,1,62,2,NA,1.38,2,2,NA,NA
70358,1,2010.01,1,0,litu,708,8363,8363,355.1,348.5,1,63,2,NA,1.28,3,4,NA,NA
70358,1,2021,NA,NA,litu,708,8363,8363,390,390,1,1007,2,NA,1.2,NA,NA,NA,NA
70433,1,2010.01,1,0,litu,710,8436,8436,693.2,691.5,1,64,2,NA,1.3,4,4,NA,NA
70433,1,2021,NA,NA,litu,710,8436,8436,730,735,1,1008,2,NA,1.4,NA,NA,NA,NA
70492,1,2013.06,1,1,nysy,714,8495,8495,NA,200.1,1,587,2,NA,1.44,NA,NA,NA,NA
70492,1,2018.09,1,1,nysy,714,8495,8495,NA,198.6,1,836,2,NA,1.44,NA,NA,NA,NA
70493,1,2013.06,1,1,litu,714,8496,8496,NA,539.4,1,588,2,NA,1.44,NA,NA,NA,NA
70493,1,2018.09,1,1,litu,714,8496,8496,NA,539.2,1,837,2,NA,1.44,NA,NA,NA,NA
70493,1,2019.01,1,1,litu,714,8496,8496,NA,539.2,1,984,2,NA,1.44,NA,NA,NA,NA
70494,1,2013.06,1,1,caca,714,181,181,NA,59.6,1,589,2,NA,1.42,NA,NA,NA,NA
70494,2,2013.06,1,1,caca,714,31371,181,NA,59.6,1,590,2,NA,1.42,NA,NA,NA,NA
70494,2,2018.09,1,1,caca,714,31371,181,NA,60,1,838,2,NA,1.42,NA,NA,NA,NA
70494,2,2022.15,1,1,caca,714,31371,181,73,66,1,1150,2,NA,1.4,NA,NA,NA,NA
70495,1,2013.06,1,1,caca,714,8497,8497,NA,67.6,1,591,2,NA,1.43,NA,NA,NA,NA
70495,1,2019.021,1,1,caca,714,8497,8497,77,79,1,954,2,NA,1.4,NA,NA,NA,NA
70495,1,2022.15,1,1,caca,714,8497,8497,88,79,1,1151,2,NA,1.4,NA,NA,NA,NA
70519,1,2010.01,1,1,qual,711,8520,8520,539,534.4,1,65,2,NA,1.21,4,4,NA,NA
70536,1,2010.01,1,1,qual,711,8537,8537,574.4,564.5,1,66,2,NA,1.21,4,4,NA,NA
70536,1,2019.011,1,1,qual,711,8537,8537,596,599,1,929,2,NA,1.4,NA,NA,NA,NA
70579,1,2010.01,1,0,caco,714,8578,8578,234,232.2,1,67,2,NA,1.33,3,3,NA,NA
70581,1,2010.01,1,1,quru,714,8580,8580,594.1,579.5,1,68,2,NA,1.45,3,4,NA,NA
70581,1,2017.07,1,1,quru,714,8580,8580,NA,614.5,1,757,2,NA,1.45,NA,NA,NA,NA
70581,1,2018.11,1,1,quru,714,8580,8580,NA,614.5,1,839,2,NA,1.45,NA,NA,NA,NA
70588,1,2010.01,1,0,quve,714,8587,8587,510,517,1,69,2,NA,1.42,3,3,NA,NA
72024,1,2010.01,1,0,quve,717,8670,8670,460,447.6,1,70,2,NA,1.4,4,4,NA,NA
72024,1,2017.12,1,0,quve,717,8670,8670,NA,482.3,1,758,2,NA,1.4,NA,NA,NA,NA
72104,1,2019,1,0,qual,718,8749,8749,255,260,1,877,2,NA,1.4,NA,NA,NA,NA
72115,1,2010.01,1,0,litu,719,8760,8760,471,469.3,1,71,2,NA,1.51,4,4,NA,NA
72116,1,2010.01,1,1,litu,719,8761,8761,460.5,456.2,1,72,2,NA,1.39,4,4,NA,NA
72116,1,2019.071,1,1,litu,719,8761,8761,498,502,1,973,2,NA,1.4,NA,NA,NA,NA
72122,1,2010.01,1,0,caca,719,8767,8767,78.2,78.8,1,73,2,NA,1.48,4,4,NA,NA
72124,1,2010.01,1,1,quru,719,8769,8769,720.3,712,1,74,2,NA,1.54,3,4,NA,NA
72124,1,2015.03,1,1,quru,719,8769,8769,NA,747.2000122,1,663,2,NA,1.54,NA,NA,NA,NA
72124,1,2017.07,1,1,quru,719,8769,8769,NA,747.2,1,850,2,NA,1.54,NA,NA,NA,NA
72124,1,2021,NA,NA,quru,719,8769,8769,777,813,1,1009,2,NA,1.5,NA,NA,NA,NA
72149,1,2010.01,1,0,litu,720,8794,8794,540,542,1,75,2,NA,1.45,4,4,NA,NA
72149,1,2018.01,1,0,litu,720,8794,8794,NA,554.1,1,804,2,NA,1.45,NA,NA,NA,NA
72173,1,2019,1,0,qual,720,8818,8818,453,450,1,985,2,NA,1.4,NA,NA,NA,NA
72210,1,2010.01,1,1,qual,721,8853,8853,839.7,835,1,76,2,NA,1.33,2,4,NA,NA
72210,1,2019.091,1,1,qual,721,8853,8853,869,872,1,976,2,NA,1.4,NA,NA,NA,NA
72232,1,2010.01,1,0,qual,722,8875,8875,709,711.4,1,77,2,NA,1.45,3,4,NA,NA
72248,1,2010.01,1,0,caco,723,8890,8890,301.2,301.6,1,78,2,NA,1.39,4,4,NA,NA
72248,1,2021,NA,NA,caco,723,8890,8890,321,329,1,1010,2,NA,1.44,NA,NA,NA,NA
72308,1,2010.01,1,1,qual,725,8948,8948,649,652.9,1,79,2,NA,1.4,3,4,NA,NA
72322,1,2010.01,1,0,litu,726,8962,8962,248,246,1,80,2,NA,1.3,3,3,NA,NA
72324,1,2010.01,1,1,litu,726,8964,8964,648,644.8,1,81,2,NA,1.31,4,4,NA,NA
72324,1,2018.06,1,1,litu,726,8964,8964,NA,667.2,1,840,2,NA,1.31,NA,NA,NA,NA
72337,1,2010.01,1,1,quru,727,8977,8977,883,877.7,1,82,2,NA,1.36,4,4,NA,NA
72337,1,2017.07,1,1,quru,727,8977,8977,NA,905.8,1,759,2,NA,1.36,NA,NA,NA,NA
72348,1,2010.01,1,1,quru,727,8988,8988,919,915.9,1,83,2,NA,1.5,3,4,NA,NA
72348,1,2017.07,1,1,quru,727,8988,8988,NA,946.6,1,760,2,NA,1.5,NA,NA,NA,NA
72348,1,2019.011,1,1,quru,727,8988,8988,976,971,1,930,2,NA,1.4,NA,NA,NA,NA
72357,1,2010.01,1,1,quru,728,8997,8997,820,814.9,1,84,2,NA,1.4,4,4,NA,NA
72357,1,2013.01,1,1,quru,728,8997,8997,858.5,814.9,1,594,2,NA,1.4,4,4,NA,NA
72357,1,2017.02,1,1,quru,728,8997,8997,NA,881.3,1,761,2,NA,1.4,NA,NA,NA,NA
72357,1,2019.091,1,1,quru,728,8997,8997,926,938,1,977,2,NA,1.4,NA,NA,NA,NA
72375,1,2010.01,1,0,litu,728,9015,9015,665.4,669.8,1,85,2,NA,1.28,3,4,NA,NA
72377,1,2010.01,1,0,litu,728,9016,9016,732.5,725.8,1,86,2,NA,1.3,4,4,NA,NA
72377,1,2019.011,1,0,litu,728,9016,9016,783,768,1,931,2,NA,1.2,NA,NA,NA,NA
72408,1,2010.01,1,1,qual,730,9047,9047,944,949.1,1,87,2,NA,1.4,2,3,NA,NA
72427,1,2010.01,1,1,litu,730,9066,9066,1411,1365.2,1,88,2,NA,1.35,4,4,NA,NA
72427,1,2011.23,1,1,litu,730,9066,9066,NA,1365.2,1,534,2,NA,1.35,4,4,NA,NA
72427,1,2013.01,1,1,litu,730,9066,9066,1416.1,1365.2,1,595,2,NA,1.35,4,4,NA,NA
72427,1,2015.01,1,1,litu,730,9066,9066,1424,1422.300049,1,660,2,NA,1.35,4,4,NA,NA
72427,1,2015.05,1,1,litu,730,9066,9066,NA,1422.300049,1,664,2,NA,1.35,NA,NA,NA,NA
72447,1,2010.01,1,0,litu,732,9085,9085,570,562.1,1,89,2,NA,1.31,3,4,NA,NA
72447,1,2016.15,1,0,litu,732,9085,9085,NA,591.2999878,1,710,2,NA,1.31,NA,NA,NA,NA
72448,1,2010.01,1,0,litu,732,9086,9086,442.5,437.1,1,90,2,NA,1.34,1,4,NA,NA
72448,1,2015.01,1,0,litu,732,9086,9086,466.5,457.7999878,1,636,2,NA,1.34,1,4,NA,NA
72448,1,2019,1,0,litu,732,9086,9086,488,490,1,902,2,NA,1.35,NA,NA,NA,NA
72452,1,2010.01,1,0,quve,732,9090,9090,528,532,1,91,2,NA,1.33,1,3,NA,NA
72460,1,2012.01,1,0,quru,732,9098,9098,496,437.1,1,512,2,NA,1.3,NA,NA,NA,NA
80005,1,2010.01,1,0,fram,801,9107,9107,694.8,677.7,1,92,2,NA,1.2,3,4,NA,NA
80100,1,2010.01,1,0,litu,804,9197,9197,542,533.7,1,93,2,NA,1.39,4,3,NA,NA
80100,1,2019,1,0,litu,804,9197,9197,586,582,1,903,2,NA,1.4,NA,NA,NA,NA
80121,1,2019,1,0,quve,801,9215,9215,113,114,1,878,2,NA,1.4,NA,NA,NA,NA
80180,1,2010.01,1,0,cato,804,9268,9268,979.1,991.2,1,94,2,NA,1.26,3,4,NA,NA
80180,1,2019.011,1,0,cato,804,9268,9268,1011,1015,1,932,2,NA,1.4,NA,NA,NA,NA
80398,1,2010.01,1,0,caco,807,9474,9474,192,194.7,1,95,2,NA,1.29,3,3,NA,NA
80401,1,2010.01,1,0,caco,807,9477,9477,423.5,414.4,1,96,2,NA,1.34,3,4,NA,NA
80401,1,2019.011,1,0,caco,807,9477,9477,469,469,1,933,2,NA,1.35,NA,NA,NA,NA
80491,1,2010.01,1,0,quru,809,9567,9567,1376,1366.2,1,97,2,NA,1.25,4,4,NA,NA
80554,1,2022,1,0,caovl,813,9630,9630,534,529,1,1116,2,NA,1.5,NA,NA,NA,NA
80554,1,2010.01,1,0,caovl,813,9630,9630,459.3,456.8,1,98,2,NA,1.46,4,4,NA,NA
80554,1,2015.01,1,0,caovl,813,9630,9630,494,489.2000122,1,637,2,NA,1.46,4,4,NA,NA
80559,1,2010.01,1,0,nysy,813,9635,9635,437,432.3,1,99,2,NA,1.35,4,4,NA,NA
80614,1,2010.01,1,0,caco,810,9686,9686,144.4,104.9,1,100,2,NA,1.2,4,2,NA,NA
80615,1,2010.01,1,0,litu,810,9687,9687,642.1,679,1,101,2,NA,1.18,3,4,NA,NA
80615,1,2018.01,1,0,litu,810,9687,9687,NA,653.2,1,785,2,NA,1.18,NA,NA,NA,NA
80628,1,2010.01,1,1,quru,811,9700,9700,499.7,532.8,1,102,2,NA,1.24,3,3,NA,NA
80631,1,2010.01,1,0,litu,811,9703,9703,507.5,503.2,1,103,2,NA,1.27,3,4,NA,NA
80631,1,2021,NA,NA,litu,811,9703,9703,548,553,1,1011,2,NA,1.4,NA,NA,NA,NA
82091,1,2022,1,0,caovl,819,9938,9938,195,193,1,1098,2,NA,1.4,NA,NA,NA,NA
82117,1,2022,1,0,cato,819,9964,9964,156,155,1,1099,2,NA,1.4,NA,NA,NA,NA
82125,1,2010.01,1,0,cagl,819,9972,9972,144.8,143.7,1,104,2,NA,1.48,4,2,NA,NA
82138,1,2010.01,1,0,quru,820,9984,9984,580,586.8,1,105,2,NA,1.6,4,4,NA,NA
82138,1,2017.01,1,0,quru,820,9984,9984,NA,632.1,1,732,2,NA,1.6,4,4,NA,NA
82138,1,2021,NA,NA,quru,820,9984,9984,662,701,1,1012,2,NA,1.55,NA,NA,NA,NA
82203,1,2010.01,1,1,litu,822,10045,10045,610,611.3,1,106,2,NA,1.31,4,4,NA,NA
82203,1,2019.011,1,1,litu,822,10045,10045,648,654,1,934,2,NA,1.4,NA,NA,NA,NA
82219,1,2022,1,1,ceca,822,10061,10061,92,87,1,1100,2,NA,1.4,NA,NA,NA,NA
82223,1,2010.01,1,0,litu,822,10065,10065,383.8,374.8,1,107,2,NA,1.37,4,4,NA,NA
82223,1,2019.011,1,0,litu,822,10065,10065,424,427,1,935,2,NA,1.35,NA,NA,NA,NA
82226,1,2010.01,1,0,litu,823,10068,10068,248.1,245,1,108,2,NA,1.39,4,4,NA,NA
82284,1,2010.01,1,0,quve,825,10124,10124,798.9,793.3,1,109,2,NA,1.27,3,4,NA,NA
82292,1,2010.01,1,0,litu,826,10132,10132,472,463,1,110,2,NA,1.27,2,4,NA,NA
82292,1,2019.011,1,0,litu,826,10132,10132,503,504,1,936,2,NA,1.4,NA,NA,NA,NA
82298,1,2010.01,1,0,litu,826,10138,10138,543,533.3,1,111,2,NA,1.3,3,4,NA,NA
82298,1,2018.01,1,0,litu,826,10138,10138,NA,561.7,1,805,2,NA,1.3,NA,NA,NA,NA
82326,1,2010.01,1,0,quve,827,10165,10165,833,824.2,1,112,2,NA,1.41,3,4,NA,NA
82326,1,2021,NA,NA,quve,827,10165,10165,854,876,1,1013,2,NA,1.5,NA,NA,NA,NA
82357,1,2010.01,1,0,litu,828,10196,10196,501,490.5,1,113,2,NA,1.37,4,4,NA,NA
82357,1,2018.01,1,0,litu,828,10196,10196,NA,518.4,1,806,2,NA,1.37,NA,NA,NA,NA
82360,1,2010.01,1,1,litu,829,10198,10198,594,583.5,1,114,2,NA,1.23,3,4,NA,NA
82360,1,2018.06,1,1,litu,829,10198,10198,NA,604.5,1,841,2,NA,1.23,NA,NA,NA,NA
82365,1,2010.01,1,1,qual,829,10203,10203,432,428,1,115,2,NA,1.21,3,4,NA,NA
82368,1,2010.01,1,0,litu,829,10206,10206,981,975.5,1,116,2,NA,1.42,3,4,NA,NA
82419,1,2010.01,1,0,litu,831,10257,10257,782,771,1,117,2,NA,1.24,2,4,NA,NA
82419,1,2018.01,1,0,litu,831,10257,10257,NA,804.5,1,807,2,NA,1.24,NA,NA,NA,NA
82421,1,2010.01,1,0,litu,831,10259,10259,544,538.4,1,118,2,NA,1.19,2,4,NA,NA
82421,1,2021,NA,NA,litu,831,10259,10259,587,591,1,1014,2,NA,1.3,NA,NA,NA,NA
82422,1,2010.01,1,1,litu,831,10260,10260,541.2,541.3,1,119,2,NA,1.24,NA,4,NA,NA
82434,1,2010.01,1,0,quve,832,10272,10272,810,805.9,1,120,2,NA,1.33,3,4,NA,NA
82434,1,2021,NA,NA,quve,832,10272,10272,860,853,1,1015,2,NA,1.5,NA,NA,NA,NA
90043,1,2010.01,1,0,quve,901,10315,10315,1394.5,1392.8,1,121,2,NA,1.26,4,5,NA,NA
90043,1,2015.13,1,0,quve,901,10315,10315,NA,1437.599976,1,665,2,NA,1.26,NA,NA,NA,NA
90043,1,2019,1,0,quve,901,10315,10315,1481,1483,1,904,2,NA,1.4,NA,NA,NA,NA
90084,1,2010.01,1,0,quve,902,10351,10351,1092.5,1092.1,1,122,2,NA,1.48,4,4,NA,NA
90084,1,2017.12,1,0,quve,902,10351,10351,NA,1117.1,1,762,2,NA,1.4,NA,NA,NA,NA
90162,1,2011.01,1,0,litu,904,10426,10426,645,640.8,1,498,2,NA,1.3,4,4,NA,NA
90162,1,2013.01,1,0,litu,904,10426,10426,652.5,640.8,1,596,2,NA,1.35,4,4,NA,NA
90236,1,2022.01,1,0,ulru,902,10496,10496,156,155,1,1136,2,NA,1.4,NA,NA,NA,NA
90311,1,2012.01,1,0,cagl,905,10565,10565,170,640.8,1,513,2,NA,1.3,NA,NA,NA,NA
90354,1,2011.01,1,0,litu,905,10607,10607,660,664.9,1,248,2,NA,1.3,4,4,NA,NA
90354,1,2021,NA,NA,litu,905,10607,10607,680,713,1,1016,2,NA,1.65,NA,NA,NA,NA
90413,3,2011.01,1,0,litu,904,36586,221,1263,667.1,1,249,2,NA,1.3,NA,3,NA,NA
90446,1,2011.01,1,0,ulru,905,10695,10695,105,102.6,1,250,2,NA,1.3,3,4,NA,NA
90530,1,2011.01,1,0,litu,910,10776,10776,625,622,1,251,2,NA,1.3,3,4,NA,NA
90530,1,2021,NA,NA,litu,910,10776,10776,688,694,1,1017,2,NA,1.4,NA,NA,NA,NA
90533,1,2011.01,1,0,cagl,911,10779,10779,487,482.7,1,252,2,NA,1.3,3,4,NA,NA
90612,1,2011.01,1,1,quru,910,10857,10857,538,523.7,1,253,2,NA,1.3,3,3,NA,NA
90612,1,2021,NA,NA,quru,910,10857,10857,581,587,1,1018,2,NA,1.4,NA,NA,NA,NA
90660,1,2022,1,1,quru,913,10904,10904,1020,988,1,1117,2,NA,1.55,NA,NA,NA,NA
90660,1,2010.01,1,1,quru,913,10904,10904,922.1,911.9,1,123,2,NA,1.22,3,4,NA,NA
90660,1,2017.07,1,1,quru,913,10904,10904,NA,947.4,1,763,2,NA,1.22,NA,NA,NA,NA
90684,1,2022,1,0,ploc,915,10927,10927,463,446,1,1118,2,NA,1.2,NA,NA,NA,NA
90752,1,2011.01,1,1,qual,916,10963,10963,501,484.7,1,254,2,NA,1.3,4,4,NA,NA
90752,1,2015.01,1,1,qual,916,10963,10963,514,510.1000061,1,642,2,NA,1.3,4,4,NA,NA
91435,1,2012.01,1,0,litu,907,11102,11102,231,484.7,1,514,2,NA,1.3,NA,NA,NA,NA
91451,1,2011.01,1,0,litu,907,11118,11118,542,532.9,1,255,2,NA,1.3,4,4,NA,NA
91451,1,2021,NA,NA,litu,907,11118,11118,593,595,1,1019,2,NA,1.4,NA,NA,NA,NA
91474,1,2011.01,1,0,litu,908,11140,11140,431,421.3,1,256,2,NA,1.3,3,4,NA,NA
91474,1,2017.01,1,0,litu,908,11140,11140,NA,438.2,1,733,2,NA,1.33,3,4,NA,NA
91476,1,2011.01,1,0,litu,908,11142,11142,516,598.7,1,257,2,NA,1.3,3,3,NA,NA
91477,1,2011.01,1,1,litu,908,11143,11143,213,208.5,1,258,2,NA,1.3,4,3,NA,NA
91486,1,2011.01,1,0,cagl,908,11152,11152,562,554.8,1,259,2,NA,1.3,3,4,NA,NA
91486,1,2016.15,1,0,cagl,908,11152,11152,NA,570.9000244,1,711,2,NA,1.3,NA,NA,NA,NA
92006,1,2011.01,1,0,litu,917,11172,11172,537,536,1,260,2,NA,1.3,3,4,NA,NA
92018,1,2011.01,1,0,acru,917,11184,11184,514,509,1,261,2,NA,1.3,4,4,NA,NA
92112,1,2011.01,1,0,litu,919,11276,11276,479,457.8,1,262,2,NA,1.3,4,4,NA,NA
92112,1,2013.01,1,0,litu,919,11276,11276,489,457.8,1,597,2,NA,1.3,4,4,NA,NA
92112,1,2021,NA,NA,litu,919,11276,11276,533,536,1,1020,2,NA,1.4,NA,NA,NA,NA
92115,1,2022,1,0,acru,919,11279,11279,156,153,1,1101,2,NA,1.4,NA,NA,NA,NA
92139,1,2011.01,1,1,quru,920,11303,11303,113,111,1,263,2,NA,1.3,4,2,NA,NA
92140,1,2012.01,1,0,cato,920,11304,11304,54,111,1,515,2,NA,1.3,NA,NA,NA,NA
92140,1,2016.01,1,0,cato,920,11304,11304,59,55.09999847,1,692,2,NA,1.4,2,4,NA,NA
92141,1,2011.01,1,0,cagl,920,11305,11305,54,72.8,1,264,2,NA,1.3,4,2,NA,NA
92141,1,2012.01,1,0,cagl,920,11305,11305,NA,72.8,1,535,2,NA,1.3,4,2,NA,NA
92141,1,2021,NA,NA,cagl,920,11305,11305,89,92,1,1021,2,NA,1.4,NA,NA,NA,NA
92234,1,2011.01,1,1,qual,922,11394,11394,200,193.1,1,265,2,NA,1.34,0,1,NA,NA
92237,1,2011.01,1,0,nysy,922,11397,11397,219,215.5,1,266,2,NA,1.3,4,3,NA,NA
92238,1,2011.01,1,0,quve,922,11398,11398,749,740,1,267,2,NA,1.3,3,4,NA,NA
92269,1,2011.01,1,0,ceca,923,11428,11428,75,75.3,1,268,2,NA,1.3,0,1,NA,NA
92280,1,2011.01,1,0,quve,923,11438,11438,635,630.9,1,269,2,NA,1.3,3,4,NA,NA
92280,1,2021,NA,NA,quve,923,11438,11438,685,692,1,1022,2,NA,1.35,NA,NA,NA,NA
92347,1,2019,1,0,quru,923,11498,11498,570,576,1,879,2,NA,1.4,NA,NA,NA,NA
92393,1,2011.01,1,0,cagl,925,11540,11540,611,603,1,270,2,NA,1.3,4,4,NA,NA
92414,1,2011.01,1,0,litu,926,11561,11561,426,424.6,1,271,2,NA,1.3,4,4,NA,NA
92414,1,2019.011,1,0,litu,926,11561,11561,439,440,1,937,2,NA,1.4,NA,NA,NA,NA
92466,1,2010.01,1,0,litu,927,11610,11610,826,818.3,1,124,2,NA,1.38,4,4,NA,NA
92466,1,2021,NA,NA,litu,927,11610,11610,863,871,1,1023,2,NA,1.4,NA,NA,NA,NA
92487,1,2011.01,1,0,quve,928,11631,11631,647,628.4,1,500,2,NA,1.3,3,4,NA,NA
92487,1,2021,NA,NA,quve,928,11631,11631,685,700,1,1024,2,NA,1.25,NA,NA,NA,NA
92488,1,2011.01,1,0,litu,928,11632,11632,665,644.6,1,272,2,NA,1.3,4,4,NA,NA
92488,1,2016.15,1,0,litu,928,11632,11632,NA,674,1,712,2,NA,1.3,NA,NA,NA,NA
92545,1,2011.01,1,0,litu,931,11689,11689,575,566,1,273,2,NA,1.3,4,4,NA,NA
92546,1,2011.01,1,0,litu,931,11690,11690,637,625.9,1,501,2,NA,1.3,4,4,NA,NA
92546,1,2016.15,1,0,litu,931,11690,11690,NA,647.2000122,1,713,2,NA,1.3,NA,NA,NA,NA
92547,1,2011.01,1,0,litu,931,11691,11691,635,627.5,1,274,2,NA,1.3,4,4,NA,NA
100011,1,2010.01,1,0,fram,1001,11716,11716,947,941.9,1,125,2,NA,1.3,4,4,NA,NA
100011,1,2019.01,1,0,fram,1001,11716,11716,NA,960.5,1,986,2,NA,1.3,NA,NA,NA,NA
100498,1,2022,1,0,caco,1003,12165,12165,153,152,1,1119,2,NA,1.4,NA,NA,NA,NA
100516,1,2010.01,1,0,litu,1004,12180,12180,1005,1005.7,1,126,2,NA,1.42,4,4,NA,NA
100516,1,2015.01,1,0,litu,1004,12180,12180,1040,1036.099976,1,638,2,NA,1.42,4,4,NA,NA
100562,1,2011.01,1,0,litu,1004,12224,12224,615,608,1,275,2,NA,1.3,4,4,NA,NA
100562,1,2021,NA,NA,litu,1004,12224,12224,658,663,1,1025,2,NA,1.4,NA,NA,NA,NA
100612,1,2010.01,1,0,litu,1003,12269,12269,1174.2,1173.2,1,127,2,NA,1.38,4,4,NA,NA
100612,1,2016.15,1,0,litu,1003,12269,12269,NA,1200.900024,1,714,2,NA,1.38,NA,NA,NA,NA
100612,1,2021.01,NA,NA,litu,1003,12269,12269,1258,1258,1,1026,2,NA,1.32,NA,NA,NA,NA
100720,1,2011.01,1,0,litu,1004,33734,12372,662,388.6,1,276,2,NA,1.3,NA,4,NA,NA
100754,1,2011.01,1,1,quru,1005,12406,12406,421,411.7,1,277,2,NA,1.3,4,4,NA,NA
100754,1,2017.02,1,1,quru,1005,12406,12406,NA,430.2,1,764,2,NA,1.35,NA,NA,NA,NA
100771,1,2010.01,1,1,quru,1005,12422,12422,882.4,876.5,1,128,2,NA,1.34,4,4,NA,NA
100771,1,2015.03,1,1,quru,1005,12422,12422,NA,921.0999756,1,666,2,NA,1.4,NA,NA,NA,NA
100771,1,2019.041,1,1,quru,1005,12422,12422,966,968,1,960,2,NA,1.4,NA,NA,NA,NA
100905,1,2011.01,1,1,litu,1008,12529,12529,646,640.5,1,278,2,NA,1.3,4,4,NA,NA
100905,1,2019.061,1,1,litu,1008,12529,12529,677,680,1,968,2,NA,1.4,NA,NA,NA,NA
100906,1,2011.01,1,0,litu,1008,12530,12530,491,488.9,1,502,2,NA,1.3,4,4,NA,NA
100906,1,2013.01,1,0,litu,1008,12530,12530,494,488.9,1,598,2,NA,1.3,4,4,NA,NA
100955,1,2019,1,0,quru,1010,12578,12578,304,321,1,880,2,NA,1.4,NA,NA,NA,NA
100955,1,2019.01,1,0,quru,1010,12578,12578,NA,321,1,987,2,NA,1.4,NA,NA,NA,NA
100960,1,2011.01,1,1,quru,1010,12583,12583,536,514,1,279,2,NA,1.3,4,4,NA,NA
100960,1,2017.02,1,1,quru,1010,12583,12583,NA,563.5,1,765,2,NA,1.5,NA,NA,NA,NA
100963,1,2022,1,0,caovl,1010,12586,12586,206,204,1,1121,2,NA,1.4,NA,NA,NA,NA
101008,1,2022,1,1,tiam,1006,12628,12628,186,177,1,1120,2,NA,1.4,NA,NA,NA,NA
101082,1,2011.01,1,0,litu,1009,12702,12702,806,798.9,1,280,2,NA,1.3,NA,4,NA,NA
101111,1,2011.01,1,0,litu,1011,12730,12730,100,95.2,1,281,2,NA,1.3,4,2,NA,NA
101118,1,2011.01,1,0,litu,1011,12737,12737,184,173.1,1,282,2,NA,1.3,4,3,NA,NA
101118,1,2015.01,1,0,litu,1011,12737,12737,200,190.6999969,1,643,2,NA,1.4,4,3,NA,NA
101118,1,2021,NA,NA,litu,1011,12737,12737,228,230,1,1027,2,NA,1.4,NA,NA,NA,NA
101223,1,2019,1,0,qupr,1013,12841,12841,673,679,1,881,2,NA,1.4,NA,NA,NA,NA
101244,1,2010.01,1,0,quve,1014,12861,12861,810,808.2,1,129,2,NA,1.28,3,4,NA,NA
101310,1,2011.01,1,0,fram,1016,12923,12923,458,476.5,1,283,2,NA,1.3,3,4,NA,NA
101312,1,2011.01,1,0,fram,1016,12925,12925,372,368.5,1,284,2,NA,1.3,3,4,NA,NA
102001,1,2011.01,1,0,fram,1017,12939,12939,280,278.8,1,285,2,NA,1.3,4,3,NA,NA
102148,1,2011.01,1,0,cato,1019,13086,13086,250,252.8,1,286,2,NA,1.3,4,3,NA,NA
102149,1,2011.01,1,0,cagl,1020,13087,13087,69,65.7,1,287,2,NA,1.3,4,2,NA,NA
102150,1,2011.01,1,0,qual,1020,13088,13088,473,469.2,1,503,2,NA,1.3,4,4,NA,NA
102150,1,2013.01,1,0,qual,1020,13088,13088,477.4,469.2,1,599,2,NA,1.3,4,4,NA,NA
102154,1,2011.01,1,0,qual,1020,13092,13092,500,504.4,1,288,2,NA,1.55,4,4,NA,NA
102154,1,2021,NA,NA,qual,1020,13092,13092,513,521,1,1028,2,NA,1.15,NA,NA,NA,NA
102163,1,2022,1,0,cato,1020,13101,13101,101,101,1,1102,2,NA,1.4,NA,NA,NA,NA
102177,1,2022,1,1,qual,1020,13115,13115,731,720,1,1103,2,NA,1.4,NA,NA,NA,NA
102177,1,2011.01,1,1,qual,1020,13115,13115,698,685,1,289,2,NA,1.3,4,4,NA,NA
102177,1,2019.05,1,1,qual,1020,13115,13115,NA,702.8,1,965,2,NA,1.3,NA,NA,NA,NA
102199,1,2019,1,0,cagl,1021,13136,13136,444,449,1,882,2,NA,1.4,NA,NA,NA,NA
102258,1,2011.01,1,1,qual,1022,13195,13195,421,418.2,1,290,2,NA,1.3,4,4,NA,NA
102258,1,2019.011,1,1,qual,1022,13195,13195,430,430,1,938,2,NA,1.35,NA,NA,NA,NA
102261,1,2011.01,1,1,qual,1022,13198,13198,637,638.5,1,291,2,NA,1.3,4,4,NA,NA
102261,1,2019.061,1,1,qual,1022,13198,13198,666,675,1,969,2,NA,1.4,NA,NA,NA,NA
102262,1,2011.01,1,1,qual,1022,13199,13199,529,516.1,1,292,2,NA,1.3,4,4,NA,NA
102264,1,2011.01,1,1,qual,1022,13201,13201,440,385.2,1,293,2,NA,1.3,3,4,NA,NA
102303,1,2010.01,1,0,quve,1024,13239,13239,856.8,857,1,130,2,NA,1.44,4,4,NA,NA
102303,1,2019.011,1,0,quve,1024,13239,13239,896,909,1,939,2,NA,1.4,NA,NA,NA,NA
102303,1,2022.15,1,0,quve,1024,13239,13239,916,904,1,1152,2,NA,1.4,NA,NA,NA,NA
102348,1,2010.01,1,1,qual,1025,13284,13284,839,839.8,1,131,2,NA,1.41,4,4,NA,NA
102348,1,2016.12,1,1,qual,1025,13284,13284,NA,862.7000122,1,700,2,NA,1.41,NA,NA,NA,NA
102348,1,2019.061,1,1,qual,1025,13284,13284,876,888,1,970,2,NA,1.4,NA,NA,NA,NA
102364,1,2022,1,1,qual,1025,13300,13300,659,649,1,1104,2,NA,1.4,NA,NA,NA,NA
102364,1,2011.01,1,1,qual,1025,13300,13300,631,610,1,294,2,NA,1.3,4,4,NA,NA
102365,1,2011.01,1,0,litu,1025,13301,13301,232,219.5,1,295,2,NA,1.3,4,3,NA,NA
102371,1,2011.01,1,0,qual,1026,13307,13307,773,767.3,1,296,2,NA,1.3,4,4,NA,NA
102438,1,2013.01,1,0,litu,1028,13374,13374,460.9,452,1,600,2,NA,1.34,4,NA,NA,NA
102438,2,2011.01,1,0,litu,1028,33848,13374,861,452,1,297,2,NA,1.34,NA,4,NA,NA
102438,2,2013.01,1,0,litu,1028,33848,13374,465,443,1,601,2,NA,1.34,4,NA,NA,NA
102439,1,2011.01,1,0,litu,1028,13375,13375,222,218.8,1,298,2,NA,1.3,4,3,NA,NA
102441,1,2011.01,1,0,litu,1029,13377,13377,479,465.9,1,299,2,NA,1.3,4,4,NA,NA
102441,1,2015.13,1,0,litu,1029,13377,13377,NA,484,1,667,2,NA,1.3,NA,NA,NA,NA
102442,1,2011.01,1,0,litu,1029,13378,13378,566,551,1,300,2,NA,1.3,4,4,NA,NA
102443,1,2011.01,1,0,litu,1029,13379,13379,508,506,1,301,2,NA,1.3,4,4,NA,NA
102444,1,2011.01,1,0,litu,1029,13380,13380,615,598.7,1,302,2,NA,1.3,4,4,NA,NA
102444,1,2018.01,1,0,litu,1029,13380,13380,NA,630,1,808,2,NA,1.3,NA,NA,NA,NA
102446,1,2013.01,1,0,litu,1029,13382,13382,483.2,472,1,602,2,NA,1.3,4,NA,NA,NA
102446,2,2011.01,1,0,litu,1029,33849,13382,679,472,1,303,2,NA,1.3,NA,4,NA,NA
102446,2,2013.01,1,0,litu,1029,33849,13382,271.1,270,1,603,2,NA,1.3,4,NA,NA,NA
102475,1,2012.01,1,0,litu,1030,13411,13411,NA,472,1,516,2,NA,1.3,NA,NA,NA,NA
102475,1,2021,NA,NA,litu,1030,13411,13411,845,853,1,1029,2,NA,1.15,NA,NA,NA,NA
102501,1,2011.01,1,0,litu,1031,13437,13437,629,615.5,1,304,2,NA,1.3,4,4,NA,NA
102501,1,2021,NA,NA,litu,1031,13437,13437,645,654,1,1030,2,NA,1.25,NA,NA,NA,NA
102502,1,2011.01,1,0,ulru,1031,13438,13438,121,120,1,305,2,NA,1.3,4,2,NA,NA
102505,1,2011.01,1,0,ceca,1032,13441,13441,NA,60,1,306,2,NA,1.3,4,2,NA,NA
102509,1,2010.01,1,0,quve,1032,13445,13445,851,833,1,132,2,NA,1.4,2,4,NA,NA
102509,1,2017.12,1,0,quve,1032,13445,13445,NA,859.2,1,766,2,NA,1.4,NA,NA,NA,NA
110061,1,2010.01,1,1,litu,1101,13507,13507,1176.3,1173.8,1,133,2,NA,1.27,3,4,NA,NA
110061,1,2019,1,1,litu,1101,13507,13507,1210,1205,1,905,2,NA,1.4,NA,NA,NA,NA
110526,1,2022,1,0,ceca,1103,13927,13927,140,143,1,1122,2,NA,1.6,NA,NA,NA,NA
110680,1,2013.01,1,0,litu,1104,14057,14057,670.9,683.3,1,604,2,NA,1.3,NA,NA,NA,NA
110680,1,2021,NA,NA,litu,1104,14057,14057,705,706,1,1031,2,NA,1.4,NA,NA,NA,NA
110788,1,2022,1,1,litu,1104,14155,14155,665,656,1,1123,2,NA,1.45,NA,NA,NA,NA
110788,1,2011.01,1,1,litu,1104,14155,14155,625,620.9,1,307,2,NA,1.3,4,4,NA,NA
110791,1,2011.01,1,1,litu,1104,14158,14158,640,634.6,1,308,2,NA,1.3,4,4,NA,NA
110791,1,2019.041,1,1,litu,1104,14158,14158,655,660,1,961,2,NA,1.4,NA,NA,NA,NA
110798,1,2011.01,1,0,qupr,1104,14165,14165,683,683.6,1,309,2,NA,1.3,4,4,NA,NA
110901,1,2011.01,1,1,litu,1105,14265,14265,526,508,1,310,2,NA,1.3,4,4,NA,NA
110901,1,2015.03,1,1,litu,1105,14265,14265,NA,524.0999756,1,668,2,NA,1.35,NA,NA,NA,NA
110901,1,2019.021,1,1,litu,1105,14265,14265,NA,524.1,1,955,2,NA,1.35,NA,NA,NA,NA
110904,1,2010.01,1,0,quve,1105,14268,14268,838,845.8,1,134,2,NA,1.48,2,4,NA,NA
111014,1,2011.01,1,0,litu,1107,14365,14365,658,549.9,1,311,2,NA,1.3,4,4,NA,NA
111014,1,2021,NA,NA,litu,1107,14365,14365,695,699,1,1032,2,NA,1.4,NA,NA,NA,NA
111029,1,2011.01,1,0,litu,1107,14379,14379,126,122,1,312,2,NA,1.3,4,3,NA,NA
111030,1,2011.01,1,1,litu,1107,14380,14380,601,581.5,1,313,2,NA,1.3,4,4,NA,NA
111032,1,2013.01,1,0,litu,1107,14382,14382,596.5,585,1,605,2,NA,1.3,4,NA,NA,NA
111032,2,2011.01,1,0,litu,1107,34073,14382,607,585,1,314,2,NA,1.3,NA,4,NA,NA
111032,2,2013.01,1,0,litu,1107,34073,14382,421.5,414,1,606,2,NA,1.3,4,NA,NA,NA
111039,1,2011.01,1,0,litu,1108,14388,14388,444,436,1,315,2,NA,1.3,4,3,NA,NA
111039,1,2019.011,1,0,litu,1108,14388,14388,460,463,1,940,2,NA,1.4,NA,NA,NA,NA
111041,1,2010.01,1,0,quru,1108,14390,14390,973.1,965.8,1,135,2,NA,1.27,4,4,NA,NA
111041,1,2015.13,1,0,quru,1108,14390,14390,NA,1004.299988,1,669,2,NA,1.27,NA,NA,NA,NA
111041,1,2021,NA,NA,quru,1108,14390,14390,1023,1085,1,1033,2,NA,1.8,NA,NA,NA,NA
111092,1,2011.01,1,0,litu,1110,14441,14441,534,514.2,1,316,2,NA,1.3,4,4,NA,NA
111092,1,2013.01,1,0,litu,1110,14441,14441,540,514.2,1,607,2,NA,1.3,4,4,NA,NA
111092,1,2021,NA,NA,litu,1110,14441,14441,583,587,1,1034,2,NA,1.4,NA,NA,NA,NA
111093,1,2011.01,1,0,litu,1110,14442,14442,450,434.1,1,317,2,NA,1.3,4,4,NA,NA
111093,1,2016.15,1,0,litu,1110,14442,14442,NA,460.5,1,715,2,NA,1.4,NA,NA,NA,NA
111292,1,2011.01,1,0,fram,1116,14635,14635,691,690.1,1,318,2,NA,1.3,3,4,NA,NA
111305,1,2022,1,0,caovl,1113,14647,14647,229,229,1,1124,2,NA,1.4,NA,NA,NA,NA
112014,1,2011.01,1,0,cagl,1117,14747,14747,457,451.8,1,319,2,NA,1.3,4,4,NA,NA
112014,1,2015.01,1,0,cagl,1117,14747,14747,473,480.3999939,1,644,2,NA,1.3,4,4,NA,NA
112057,1,2011.01,1,0,acru,1117,14787,14787,693,692.1,1,320,2,NA,1.3,4,4,NA,NA
112060,1,2010.01,1,0,fram,1117,14789,14789,811.3,818.7,1,136,2,NA,1.35,4,4,NA,NA
112118,1,2011.01,1,0,quru,1119,14845,14845,576,569.8,1,321,2,NA,1.3,1,2,NA,NA
112130,1,2011.01,1,0,qual,1119,14857,14857,152,144.8,1,322,2,NA,1.3,3,3,NA,NA
112130,1,2013.01,1,0,qual,1119,14857,14857,153.3,144.8,1,608,2,NA,1.3,3,3,NA,NA
112136,1,2011.01,1,0,pist,1120,14862,14862,269,262.2,1,323,2,NA,1.3,4,3,NA,NA
112136,1,2018.01,1,0,pist,1120,14862,14862,NA,274.1,1,809,2,NA,1.3,NA,NA,NA,NA
112137,1,2011.01,1,1,qual,1120,14863,14863,511,548.5,1,324,2,NA,1.3,3,4,NA,NA
112137,1,2013.01,1,1,qual,1120,14863,14863,568.1,548.5,1,609,2,NA,1.3,3,4,NA,NA
112137,1,2015.03,1,1,qual,1120,14863,14863,NA,572,1,670,2,NA,1.45,NA,NA,NA,NA
112137,1,2018.01,1,1,qual,1120,14863,14863,NA,572,1,810,2,NA,1.45,NA,NA,NA,NA
112142,1,2011.01,1,0,qual,1120,14868,14868,378,367.1,1,325,2,NA,1.3,4,4,NA,NA
112142,1,2018.01,1,0,qual,1120,14868,14868,NA,385.6,1,811,2,NA,1.3,NA,NA,NA,NA
112143,1,2011.01,1,0,quru,1120,14869,14869,585,564.6,1,326,2,NA,1.3,4,4,NA,NA
112250,1,2011.01,1,0,pist,1122,14967,14967,383,364.6,1,327,2,NA,1.3,4,4,NA,NA
112250,1,2015.01,1,0,pist,1122,14967,14967,406,392.1000061,1,645,2,NA,1.3,4,4,NA,NA
112250,1,2019.011,1,0,pist,1122,14967,14967,431,436,1,941,2,NA,1.4,NA,NA,NA,NA
112252,1,2011.01,1,0,litu,1122,14969,14969,442,431.2,1,328,2,NA,1.3,4,4,NA,NA
112252,1,2015.01,1,0,litu,1122,14969,14969,456,451,1,646,2,NA,1.4,4,4,NA,NA
112252,1,2019.01,1,0,litu,1122,14969,14969,NA,451,1,988,2,NA,1.4,NA,NA,NA,NA
112262,1,2011.01,1,1,quru,1123,14979,14979,120,116.4,1,329,2,NA,1.3,4,3,NA,NA
112316,1,2010.01,1,0,quve,1125,15032,15032,813.5,813.8,1,137,2,NA,1.45,4,4,NA,NA
112336,1,2011.01,1,1,qual,1125,15051,15051,519,505.9,1,330,2,NA,1.3,4,4,NA,NA
112336,1,2017.07,1,1,qual,1125,15051,15051,NA,516,1,767,2,NA,1.3,NA,NA,NA,NA
112340,1,2011.01,1,0,ceca,1125,15053,15053,61,55.8,1,331,2,NA,1.3,4,2,NA,NA
112340,1,2013.01,1,0,ceca,1125,15053,15053,65,55.8,1,626,2,NA,1.3,4,2,NA,NA
112340,1,2015.01,1,0,ceca,1125,15053,15053,57.5,59.09999847,1,661,2,NA,1.3,4,2,NA,NA
112342,1,2011.01,1,0,nysy,1125,15055,15055,202,197.1,1,332,2,NA,1.3,4,3,NA,NA
112350,1,2011.01,1,0,cagl,1126,15063,15063,595,593.9,1,333,2,NA,1.3,4,4,NA,NA
112354,1,2011.01,1,0,qual,1126,15067,15067,437,469.8,1,504,2,NA,1.3,4,4,NA,NA
112354,1,2013.01,1,0,qual,1126,15067,15067,493,469.8,1,610,2,NA,1.3,4,4,NA,NA
112462,1,2011.01,1,0,litu,1128,15170,15170,543,534.5,1,334,2,NA,1.3,4,4,NA,NA
112466,1,2012.01,1,0,cato,1129,15174,15174,235,534.5,1,517,2,NA,1.3,NA,NA,NA,NA
112467,1,2011.01,1,0,litu,1129,15175,15175,475,476.9,1,335,2,NA,1.3,4,4,NA,NA
112480,1,2011.01,1,0,litu,1131,15187,15187,610,598.3,1,336,2,NA,1.3,4,4,NA,NA
112481,1,2011.01,1,0,litu,1131,15188,15188,461,452.1,1,337,2,NA,1.3,4,4,NA,NA
112482,1,2011.01,1,1,litu,1131,15189,15189,262,260.8,1,338,2,NA,1.3,4,3,NA,NA
112482,1,2016.02,1,1,litu,1131,15189,15189,NA,263.2000122,1,855,2,NA,1.3,NA,NA,NA,NA
112482,1,2018.06,1,1,litu,1131,15189,15189,NA,263.2,1,842,2,NA,1.3,NA,NA,NA,NA
112485,1,2011.01,1,0,quve,1132,15192,15192,664,645.6,1,339,2,NA,1.3,3,4,NA,NA
112698,1,2011.01,1,0,ulru,1128,15205,15205,104,100,1,340,2,NA,1.3,4,2,NA,NA
120278,1,2010.01,1,0,litu,1201,15464,15464,809,801,1,138,2,NA,1.25,4,0,NA,NA
120278,1,2015.13,1,0,litu,1201,15464,15464,NA,830,1,671,2,NA,1.25,NA,NA,NA,NA
120278,1,2021,NA,NA,litu,1201,15464,15464,861,868,1,1035,2,NA,1.5,NA,NA,NA,NA
120755,1,2011.01,1,0,litu,1204,15892,15892,650,652.8,1,341,2,NA,1.3,4,4,NA,NA
120755,1,2021,NA,NA,litu,1204,15892,15892,684,697,1,1036,2,NA,1.5,NA,NA,NA,NA
120777,1,2011.01,1,0,litu,1205,15911,15911,516,512.1,1,342,2,NA,1.3,3,4,NA,NA
120781,1,2011.01,1,1,litu,1205,15914,15914,602,589.7,1,343,2,NA,1.3,4,4,NA,NA
120790,1,2011.01,1,0,litu,1205,15923,15923,444,437.9,1,344,2,NA,1.3,4,4,NA,NA
120790,1,2021,NA,NA,litu,1205,15923,15923,470,471,1,1037,2,NA,1.4,NA,NA,NA,NA
121195,1,2010.01,1,1,quru,1211,16293,16293,889.1,876,1,139,2,NA,1.22,4,4,NA,NA
121195,1,2016.02,1,1,quru,1211,16293,16293,NA,914.7000122,1,716,2,NA,1.22,NA,NA,NA,NA
121212,1,2010.01,1,0,litu,1207,16309,16309,819.2,816.2,1,140,2,NA,1.31,4,4,NA,NA
121212,1,2015.01,1,0,litu,1207,16309,16309,856,851.0999756,1,639,2,NA,1.4,4,4,NA,NA
121221,1,2011.01,1,1,litu,1207,16317,16317,117,114.3,1,345,2,NA,1.3,4,3,NA,NA
121221,1,2017.09,1,1,litu,1207,16317,16317,NA,117.2,1,768,2,NA,1.3,NA,NA,NA,NA
121274,1,2011.01,1,0,cato,1209,16369,16369,294,294,1,346,2,NA,1.3,1,0,NA,NA
121275,1,2012.01,1,0,qupr,1210,16370,16370,261,294,1,518,2,NA,1.33,NA,NA,NA,NA
121291,1,2022,1,0,qupr,1210,16386,16386,467,460,1,1125,2,NA,1.35,NA,NA,NA,NA
121291,1,2011.01,1,0,qupr,1210,16386,16386,423,418.3,1,347,2,NA,1.3,4,4,NA,NA
121291,1,2013.01,1,0,qupr,1210,16386,16386,433,418.3,1,611,2,NA,1.4,4,4,NA,NA
121298,1,2011.01,1,0,nysy,1211,16393,16393,576,575.1,1,348,2,NA,1.3,2,3,NA,NA
121301,1,2011.01,1,0,caovl,1211,16396,16396,236,230.8,1,349,2,NA,1.3,4,3,NA,NA
121301,1,2021,NA,NA,caovl,1211,16396,16396,250,252,1,1038,2,NA,1.4,NA,NA,NA,NA
121305,1,2011.01,1,1,quru,1211,16400,16400,744,729.8,1,350,2,NA,1.3,4,4,NA,NA
121305,1,2021,NA,NA,quru,1211,16400,16400,782,814,1,1039,2,NA,1.65,NA,NA,NA,NA
121358,1,2010.01,1,0,fram,1216,16451,16451,1023.9,993.2,1,141,2,NA,1.42,3,5,NA,NA
121358,1,2019,1,0,fram,1216,16451,16451,1033,1058,1,906,2,NA,1.4,NA,NA,NA,NA
121367,1,2012.01,1,0,nysy,1216,16460,16460,252,993.2,1,519,2,NA,1.31,NA,NA,NA,NA
121374,1,2011.01,1,0,juni,216,16466,16466,288.4,288.4,1,531,2,NA,NA,NA,NA,NA,NA
121374,1,2011.23,1,0,juni,216,16466,16466,NA,288.4,1,495,2,NA,NA,NA,NA,NA,NA
121374,1,2017.12,1,0,juni,1216,16466,16466,NA,310.4,1,769,2,NA,1.4,NA,NA,NA,NA
121374,1,2022.15,1,0,juni,1216,16466,16466,371,,1,1153,2,NA,1.4,NA,NA,NA,NA
121438,1,2019,1,0,caco,1215,16509,16509,391,393,1,883,2,NA,1.4,NA,NA,NA,NA
121438,1,2019.01,1,0,caco,1215,16509,16509,NA,393,1,989,2,NA,1.4,NA,NA,NA,NA
122005,1,2011.01,1,0,fram,1217,16542,16542,596,570,1,351,2,NA,1.3,3,4,NA,NA
122006,1,2011.01,1,0,acru,1217,16543,16543,418,394.8,1,352,2,NA,1.3,4,4,NA,NA
122006,1,2021,1,0,acru,1217,16543,16543,426,427,1,1040,2,NA,1.32,NA,NA,NA,NA
122006,1,2022.15,1,0,acru,1217,16543,16543,430,427,1,1154,2,NA,1.5,NA,NA,NA,NA
122009,1,2011.01,1,0,acru,1217,16546,16546,271,266.9,1,353,2,NA,1.3,3,3,NA,NA
122009,1,2021,NA,NA,acru,1217,16546,16546,292,297,1,1041,2,NA,1.4,NA,NA,NA,NA
122120,1,2011.01,1,0,qual,1220,16654,16654,304,296.3,1,354,2,NA,1.3,4,4,NA,NA
122120,1,2021,NA,NA,qual,1220,16654,16654,328,331,1,1042,2,NA,1.35,NA,NA,NA,NA
122121,1,2011.01,1,0,pist,1220,16655,16655,268,257.2,1,355,2,NA,1.3,4,3,NA,NA
122121,1,2018.01,1,0,pist,1220,16655,16655,NA,271.5,1,812,2,NA,1.3,NA,NA,NA,NA
122130,1,2011.01,1,1,qual,1219,16660,16660,554,639.1,1,356,2,NA,1.3,4,4,NA,NA
122136,1,2011.01,1,1,quru,1220,16665,16665,581,561.8,1,357,2,NA,1.3,4,4,NA,NA
122136,1,2018.06,1,1,quru,1220,16665,16665,NA,587.7,1,843,2,NA,1.3,NA,NA,NA,NA
122150,1,2022,1,0,pist,1221,16679,16679,340,340,1,1105,2,NA,1.4,NA,NA,NA,NA
122154,1,2022,1,0,pist,1221,16683,16683,146,148,1,1106,2,NA,1.4,NA,NA,NA,NA
122184,1,2011.01,1,0,pist,1222,16710,16710,210,206.3,1,358,2,NA,1.3,4,3,NA,NA
122185,1,2012.01,1,0,pist,1222,16711,16711,150,206.3,1,520,2,NA,1.35,NA,NA,NA,NA
122185,1,2013.01,1,0,pist,1222,16711,16711,153.3,148.7,1,612,2,NA,1.35,NA,NA,NA,NA
122189,1,2011.01,1,1,qual,1222,16715,16715,656,629.1,1,359,2,NA,1.3,4,4,NA,NA
122248,1,2012.01,1,0,qual,1222,16767,16767,560,629.1,1,521,2,NA,1.32,NA,NA,NA,NA
122248,1,2019.01,1,0,qual,1222,16767,16767,NA,559,1,990,2,NA,1.25,NA,NA,NA,NA
122303,1,2011.01,1,1,qual,1223,16814,16814,616,607.8,1,360,2,NA,1.3,4,4,NA,NA
122343,1,2022,1,1,qual,1225,16851,16851,651,638,1,1107,2,NA,1.4,NA,NA,NA,NA
122343,1,2011.01,1,1,qual,1225,16851,16851,607,603.8,1,361,2,NA,1.3,4,4,NA,NA
122347,1,2011.01,1,0,ulru,1225,16852,16852,123,138.1,1,362,2,NA,1.3,0,1,NA,NA
122427,1,2010.01,1,1,qual,1227,16878,16878,816,810.2,1,142,2,NA,1.23,4,4,NA,NA
122427,1,2014.14,1,1,qual,1227,16878,16878,NA,832.7000122,1,851,2,NA,1.23,NA,NA,NA,NA
122427,1,2016.14,1,1,qual,1227,16878,16878,NA,832.7000122,1,856,2,NA,1.23,NA,NA,NA,NA
122427,1,2016.15,1,1,qual,1227,16878,16878,NA,832.7000122,1,857,2,NA,1.23,NA,NA,NA,NA
122427,1,2018.06,1,1,qual,1227,16878,16878,NA,832.7,1,844,2,NA,1.23,NA,NA,NA,NA
122439,1,2012.01,1,0,cagl,1228,16889,16889,198,810.2,1,522,2,NA,1.3,NA,NA,NA,NA
122450,1,2011.01,1,0,ulru,1225,44444,31862,243,241.6,1,542,2,NA,1.3,NA,NA,NA,NA
122452,1,2011.01,1,0,fram,1226,16901,16901,508,507.7,1,363,2,NA,1.3,NA,NA,NA,NA
122455,1,2011.01,1,0,qual,1226,16904,16904,624,613.8,1,364,2,NA,1.3,NA,NA,NA,NA
122458,1,2011.01,1,0,cagl,1226,16907,16907,243,227,1,365,2,NA,1.3,NA,NA,NA,NA
122458,1,2012.01,1,0,cagl,1226,16907,16907,NA,227,1,536,2,NA,1.3,4,4,NA,NA
122458,1,2019.011,1,0,cagl,1226,16907,16907,235,233,1,942,2,NA,1.2,NA,NA,NA,NA
122482,1,2011.01,1,1,litu,1228,16931,16931,548,537.7,1,366,2,NA,1.3,NA,NA,NA,NA
122482,1,2013.01,1,1,litu,1228,16931,16931,554.4,537.7,1,613,2,NA,1.3,4,4,NA,NA
122486,1,2011.01,1,0,litu,1228,16935,16935,607,596.2,1,367,2,NA,1.3,NA,NA,NA,NA
122486,1,2021,NA,NA,litu,1228,16935,16935,645,649,1,1043,2,NA,1.3,NA,NA,NA,NA
122489,1,2011.01,1,0,cagl,1229,16938,16938,273,274.4,1,368,2,NA,1.3,NA,NA,NA,NA
122490,1,2011.01,1,0,quru,1229,16939,16939,470,468.1,1,505,2,NA,1.3,NA,NA,NA,NA
122490,1,2013.01,1,0,quru,1229,16939,16939,469.1,468.1,1,614,2,NA,1.3,3,4,NA,NA
122492,1,2011.01,1,0,litu,1229,16941,16941,490,478.6,1,369,2,NA,1.3,NA,NA,NA,NA
122492,1,2015.01,1,0,litu,1229,16941,16941,514,502.7999878,1,647,2,NA,1.3,4,4,NA,NA
122492,1,2021,NA,NA,litu,1229,16941,16941,498,551,1,1044,2,NA,1.2,NA,NA,NA,NA
122522,1,2012.01,1,0,litu,1232,16969,16969,424,478.6,1,523,2,NA,1.34,NA,NA,NA,NA
122561,1,2011.01,1,0,litu,1231,16983,16983,664,641,1,370,2,NA,1.3,NA,NA,NA,NA
122561,1,2021,NA,NA,litu,1231,16983,16983,690,696,1,1045,2,NA,1.3,NA,NA,NA,NA
122563,2,2011.01,1,0,litu,1232,34435,16985,895,484.3,1,371,2,NA,1.3,NA,NA,NA,NA
130348,1,2010.01,1,0,litu,1302,17329,17329,NA,542.1,1,143,2,NA,1.49,NA,NA,NA,NA
130348,1,2015.01,1,0,litu,1302,17329,17329,576.5,578.2999878,1,640,2,NA,1.45,4,5,NA,NA
130348,1,2021,NA,NA,litu,1302,17329,17329,611,615,1,1046,2,NA,1.4,NA,NA,NA,NA
130718,1,2010.01,1,0,litu,1306,17666,17666,985,988.2,1,144,2,NA,1.3,4,4,NA,NA
130718,1,2019,1,0,litu,1306,17666,17666,1023,1032,1,907,2,NA,1.4,NA,NA,NA,NA
130838,1,2010.01,1,1,litu,1305,17779,17779,633,623.4,1,145,2,NA,1.29,4,4,NA,NA
130838,1,2018.06,1,1,litu,1305,17779,17779,NA,652.4,1,845,2,NA,1.36,NA,NA,NA,NA
131009,1,2010.01,1,0,quve,1308,17936,17936,729.9,736.5,1,146,2,NA,1.31,3,4,NA,NA
131009,1,2018.01,1,0,quve,1308,17936,17936,NA,757.6,1,813,2,NA,1.35,NA,NA,NA,NA
131086,1,2010.01,1,0,quru,1310,18012,18012,576.2,573.6,1,147,2,NA,1.35,4,4,NA,NA
131086,1,2017.01,1,0,quru,1310,18012,18012,NA,582,1,734,2,NA,1.35,4,4,NA,NA
131087,1,2010.01,1,1,quru,1310,18013,18013,639.9,630.1,1,148,2,NA,1.21,3,4,NA,NA
131087,1,2017.02,1,1,quru,1310,18013,18013,NA,665,1,770,2,NA,1.21,NA,NA,NA,NA
131092,1,2010.01,1,0,litu,1311,18018,18018,443,435.2,1,149,2,NA,1.27,3,4,NA,NA
131092,1,2018.01,1,0,litu,1311,18018,18018,NA,472.9,1,786,2,NA,1.3,NA,NA,NA,NA
131096,1,2010.01,1,0,litu,1311,18022,18022,283.3,282.9,1,150,2,NA,1.22,3,3,NA,NA
131188,1,2010.01,1,0,litu,1313,18113,18113,562.1,554.7,1,151,2,NA,1.35,4,4,NA,NA
131188,1,2018.01,1,0,litu,1313,18113,18113,NA,586.3,1,814,2,NA,1.35,NA,NA,NA,NA
131227,1,2010.01,1,0,litu,1313,18152,18152,498.8,491.2,1,152,2,NA,1.42,4,4,NA,NA
131227,1,2016.15,1,0,litu,1313,18152,18152,NA,525.2999878,1,717,2,NA,1.42,NA,NA,NA,NA
131232,1,2010.01,1,0,litu,1313,18157,18157,413.5,409.5,1,153,2,NA,1.32,4,4,NA,NA
131233,1,2010.01,1,0,litu,1313,18158,18158,291,289.1,1,154,2,NA,1.31,4,4,NA,NA
131238,1,2010.01,1,0,caco,1314,18163,18163,457.5,463.1,1,155,2,NA,1.51,3,3,NA,NA
131239,1,2010.01,1,1,quru,1314,18164,18164,556,559.4,1,156,2,NA,1.47,4,4,NA,NA
131239,1,2017.01,1,1,quru,1314,18164,18164,NA,587.1,1,735,2,NA,1.47,4,4,NA,NA
131239,1,2021,NA,NA,quru,1314,18164,18164,628,632,1,1047,2,NA,1.4,NA,NA,NA,NA
131272,1,2010.01,1,0,fram,1315,18195,18195,899,911.8,1,157,2,NA,1.47,4,4,NA,NA
131352,1,2010.01,1,0,fram,1316,18274,40284,978.6,979.4,1,158,2,NA,1.32,4,4,NA,NA
131364,1,2010.01,1,0,acru,1316,18286,18286,402.9,397.8,1,159,2,NA,1.42,4,4,NA,NA
131364,1,2019.011,1,0,acru,1316,18286,18286,452,460,1,943,2,NA,1.5,NA,NA,NA,NA
131422,1,2022,1,0,caco,1316,18325,18325,154,139,1,1108,2,NA,1.4,NA,NA,NA,NA
132028,1,2010.01,1,0,fram,1317,18369,18369,587.9,585.8,1,160,2,NA,1.4,3,4,NA,NA
132077,1,2010.01,1,1,qual,1319,18414,18414,557.5,558.9,1,161,2,NA,1.45,4,4,NA,NA
132077,1,2017.02,1,1,qual,1319,18414,18414,NA,592.4,1,771,2,NA,1.45,NA,NA,NA,NA
132171,1,2010.01,1,0,litu,1320,18501,18501,498.5,496.6,1,162,2,NA,1.39,4,4,NA,NA
132171,1,2017.12,1,0,litu,1320,18501,18501,NA,522.3,1,772,2,NA,1.39,NA,NA,NA,NA
132280,1,2019,1,0,fram,1324,18603,18603,102,106,1,884,2,NA,1.4,NA,NA,NA,NA
132302,1,2010.01,1,0,quru,1321,18624,18624,899.9,906.8,1,163,2,NA,1.31,4,4,NA,NA
132302,1,2012.01,1,0,quru,1321,18624,18624,NA,906.8,1,537,2,NA,1.31,4,4,NA,NA
132302,1,2017.01,1,0,quru,1321,18624,18624,NA,907.9,1,736,2,NA,1.31,4,4,NA,NA
132302,1,2018.01,1,0,quru,1321,18624,18624,NA,907.9,1,787,2,NA,1.31,NA,NA,NA,NA
132302,1,2019,1,0,quru,1321,18624,18624,916,948,1,908,2,NA,1.4,NA,NA,NA,NA
132311,1,2010.01,1,0,qual,1322,18633,18633,517.8,516.3,1,164,2,NA,1.47,4,4,NA,NA
132311,1,2017.01,1,0,qual,1322,18633,18633,NA,536.5,1,737,2,NA,1.47,4,4,NA,NA
132311,1,2021,NA,NA,qual,1322,18633,18633,560,560,1,1048,2,NA,1.4,NA,NA,NA,NA
132321,1,2010.01,1,0,quru,1323,18643,18643,616.1,619,1,165,2,NA,1.38,4,4,NA,NA
132371,1,2010.01,1,0,quru,1325,18692,18692,668.7,667,1,166,2,NA,NA,NA,NA,NA,NA
132371,1,2013.01,1,0,quru,1325,18692,18692,700.9,667,1,615,2,NA,1.4,NA,NA,NA,NA
132371,1,2019,1,0,quru,1325,18692,18692,739,752,1,909,2,NA,1.4,NA,NA,NA,NA
132508,1,2010.01,1,0,quve,1328,18801,18801,415,410.3,1,167,2,NA,1.3,1,3,NA,NA
132512,1,2010.01,1,0,juni,1328,18805,18805,529,532.2,1,168,2,NA,1.32,2,4,NA,NA
132524,1,2010.01,1,0,litu,1329,18817,18817,234,233.6,1,169,2,NA,1.24,1,2,NA,NA
132524,1,2021,NA,NA,litu,1329,18817,18817,252,253,1,1049,2,NA,1.3,NA,NA,NA,NA
132525,1,2010.01,1,0,fram,1329,18818,18818,515,514,1,170,2,NA,1.25,3,4,NA,NA
132529,1,2010.01,1,0,litu,1329,18822,18822,866,838.8,1,171,2,NA,1.29,4,4,NA,NA
132529,1,2015.13,1,0,litu,1329,18822,18822,NA,872.5,1,672,2,NA,1.29,NA,NA,NA,NA
132529,1,2016.15,1,0,litu,1329,18822,18822,NA,872.5,1,718,2,NA,1.29,NA,NA,NA,NA
132529,1,2021,NA,NA,litu,1329,18822,18822,921,949,1,1050,2,NA,1.15,NA,NA,NA,NA
132539,1,2010.01,1,1,litu,1331,18832,18832,588.5,583,1,172,2,NA,1.37,4,4,NA,NA
132539,1,2017.07,1,1,litu,1331,18832,18832,NA,604.5,1,773,2,NA,1.37,NA,NA,NA,NA
132542,1,2010.01,1,0,quve,1332,18835,18835,704,705,1,173,2,NA,1.37,3,3,NA,NA
132542,1,2021,NA,NA,quve,1332,18835,18835,731,748,1,1051,2,NA,1.35,NA,NA,NA,NA
132545,1,2010.01,1,0,litu,1332,18838,18838,430,426.8,1,174,2,NA,1.29,4,4,NA,NA
132545,1,2021,NA,NA,litu,1332,18838,18838,460,462,1,1052,2,NA,1.25,NA,NA,NA,NA
140270,1,2010.01,1,0,ulru,1401,19102,19102,143,142.4,1,175,2,NA,1.3,4,2,NA,NA
140467,1,2010.01,1,0,quve,1404,19280,19280,1514.9,1502.4,1,176,2,NA,1.3,3,0,NA,NA
140609,1,2010.01,1,0,litu,1403,19411,19411,1055,1054,1,177,2,NA,1.2,4,4,NA,NA
140609,1,2018.01,1,0,litu,1403,19411,19411,NA,1081.9,1,815,2,NA,1.2,NA,NA,NA,NA
140609,1,2021,NA,NA,litu,1403,19411,19411,1120,1119,1,1053,2,NA,1.4,NA,NA,NA,NA
140646,1,2010.01,1,0,litu,1405,19443,19443,694.8,690.9,1,178,2,NA,1.32,4,4,NA,NA
140646,1,2016.15,1,0,litu,1405,19443,19443,NA,716.7999878,1,719,2,NA,1.32,NA,NA,NA,NA
140736,1,2010.01,1,0,quve,1407,19530,19530,618,618.4,1,179,2,NA,1.49,4,4,NA,NA
140736,1,2019,1,0,quve,1407,19530,19530,671,684,1,910,2,NA,1.5,NA,NA,NA,NA
140751,1,2022,1,1,quru,1408,19542,19542,720,NA,1,1126,2,NA,1.4,NA,NA,NA,NA
140751,1,2010.01,1,1,quru,1408,19542,19542,657.8,646.6,1,180,2,NA,1.37,3,4,NA,NA
140751,1,2018.01,1,1,quru,1408,19542,19542,NA,677.1,1,816,2,NA,1.4,NA,NA,NA,NA
140756,1,2010.01,1,0,quve,1408,19547,19547,691,694.9,1,181,2,NA,1.47,3,4,NA,NA
140813,1,2010.01,1,0,litu,1410,19601,19601,681,678.5,1,182,2,NA,1.28,4,4,NA,NA
140813,1,2015.01,1,0,litu,1410,19601,19601,706,700.5999756,1,641,2,NA,1.28,4,4,NA,NA
140818,1,2010.01,1,0,litu,1410,19606,19606,499,490.5,1,183,2,NA,1.28,3,4,NA,NA
140818,1,2017.01,1,0,litu,1410,19606,19606,NA,521.9,1,738,2,NA,1.28,3,4,NA,NA
140819,1,2010.01,1,0,litu,1411,19607,19607,205.4,206.7,1,184,2,NA,1.23,2,3,NA,NA
140820,1,2010.01,1,0,litu,1411,19608,19608,185.9,183.3,1,185,2,NA,1.24,2,3,NA,NA
140821,1,2010.01,1,0,litu,1411,19609,19609,519.6,513.1,1,186,2,NA,1.14,4,4,NA,NA
140821,1,2018.01,1,0,litu,1411,19609,19609,NA,531.4,1,817,2,NA,1.14,NA,NA,NA,NA
140825,1,2010.01,1,1,litu,1411,19613,19613,495,490.8,1,187,2,NA,1.23,4,4,NA,NA
140825,1,2019.021,1,1,litu,1411,19613,19613,523,523,1,956,2,NA,1.25,NA,NA,NA,NA
140829,1,2010.01,1,0,litu,1411,19617,19617,603,598.3,1,188,2,NA,1.3,4,4,NA,NA
140829,1,2019.011,1,0,litu,1411,19617,19617,640,642,1,944,2,NA,1.35,NA,NA,NA,NA
140833,1,2010.01,1,0,litu,1411,19621,19621,548.1,646.9,1,189,2,NA,1.31,3,4,NA,NA
140833,1,2021,NA,NA,litu,1411,19621,19621,589,590,1,1054,2,NA,1.4,NA,NA,NA,NA
140872,1,2010.01,1,0,litu,1413,19659,19659,569.1,564.1,1,190,2,NA,1.44,4,4,NA,NA
140872,1,2017.12,1,0,litu,1413,19659,19659,NA,599.8,1,774,2,NA,1.44,NA,NA,NA,NA
140872,1,2018.01,1,0,litu,1413,19659,19659,NA,599.8,1,788,2,NA,1.44,NA,NA,NA,NA
141088,1,2019,1,0,fram,1415,19860,19860,765,770,1,885,2,NA,1.4,NA,NA,NA,NA
141146,1,2010.01,1,0,caco,1416,19910,19910,346,344.6,1,191,2,NA,1.41,4,4,NA,NA
141216,1,2019,1,0,caco,1415,19931,19931,144,147,1,886,2,NA,1.4,NA,NA,NA,NA
142113,1,2010.01,1,0,cagl,1417,20076,20076,470.4,479.4,1,192,2,NA,1.39,4,4,NA,NA
142206,1,2010.01,1,0,fram,1419,20160,20160,838.1,851.4,1,193,2,NA,1.38,4,4,NA,NA
142380,1,2010.01,1,1,qual,1425,20329,20329,554,545.7,1,194,2,NA,1.33,4,5,NA,NA
142380,1,2016.12,1,1,qual,1425,20329,20329,NA,574.9000244,1,858,2,NA,1.33,NA,NA,NA,NA
142380,1,2019.061,1,1,qual,1425,20329,20329,588,593,1,971,2,NA,1.4,NA,NA,NA,NA
142399,1,2019,1,0,qual,1427,20345,20345,624,628,1,887,2,NA,1.4,NA,NA,NA,NA
142521,1,2010.01,1,0,pist,1422,20457,20457,426.1,418,1,195,2,NA,1.42,4,4,NA,NA
142521,1,2017.01,1,0,pist,1422,20457,20457,NA,452,1,739,2,NA,1.42,4,4,NA,NA
142527,1,2010.01,1,0,cagl,1422,20461,20461,151.9,151.6,1,196,2,NA,1.35,4,2,NA,NA
142548,1,2019,1,0,qual,1424,20482,20482,613,613,1,888,2,NA,1.4,NA,NA,NA,NA
142568,1,2010.01,1,0,quve,1425,20501,20501,439.1,441,1,197,2,NA,1.33,4,4,NA,NA
142575,1,2010.01,1,0,quve,1426,20508,20508,463.2,457,1,198,2,NA,1.26,4,5,NA,NA
142575,1,2018.01,1,0,quve,1426,20508,20508,NA,499.5,1,789,2,NA,1.26,NA,NA,NA,NA
142650,1,2022.01,1,0,ceca,1430,20574,20574,119,115,1,1134,2,NA,1.4,NA,NA,NA,NA
142656,1,2010.01,1,0,litu,1431,20580,20580,416,416.2,1,199,2,NA,1.4,4,4,NA,NA
142708,1,2010.01,1,0,juni,1429,20599,20599,428,421,1,200,2,NA,1.12,1,4,NA,NA
142727,1,2010.01,1,0,litu,1431,20618,20618,914.9,911.2,1,201,2,NA,1.4,4,5,NA,NA
142727,1,2021,NA,NA,litu,1431,20618,20618,941,962,1,1055,2,NA,1.25,NA,NA,NA,NA
142729,1,2010.01,1,1,litu,1431,20620,20620,467.7,463.5,1,202,2,NA,1.28,4,4,NA,NA
142730,1,2010.01,1,0,litu,1431,20621,20621,650.3,639.8,1,203,2,NA,1.24,4,4,NA,NA
142730,1,2018.01,1,0,litu,1431,20621,20621,NA,670,1,818,2,NA,1.24,NA,NA,NA,NA
142731,1,2010.01,1,0,litu,1432,20622,20622,521.1,518,1,204,2,NA,1.35,4,3,NA,NA
142732,1,2010.01,1,0,cagl,1432,20623,20623,210.4,209.5,1,205,2,NA,1.3,4,2,NA,NA
142733,1,2010.01,1,0,litu,1432,20624,20624,587.3,584.3,1,206,2,NA,1.34,4,4,NA,NA
142733,1,2018.01,1,0,litu,1432,20624,20624,NA,608.5,1,790,2,NA,1.34,NA,NA,NA,NA
142735,1,2010.01,1,0,quve,1432,20626,20626,629.9,628.1,1,207,2,NA,1.3,3,4,NA,NA
143707,1,2013.16,1,0,cagl,1426,46862,33781,144.5,144.5,1,630,2,NA,1.3,NA,NA,NA,NA
150756,1,2010.01,1,0,quve,1503,21310,21310,945.6,931,1,208,2,NA,1.29,4,4,NA,NA
150781,1,2022.15,1,0,ulru,1504,21327,21327,120,126,1,1127,2,NA,1.4,NA,NA,NA,NA
150830,1,2010.01,1,0,litu,1508,21374,21374,912.5,901.2,1,209,2,NA,1.24,4,4,NA,NA
151618,1,2022,1,0,ulru,1516,21740,21740,138,151,1,1109,2,NA,1.4,NA,NA,NA,NA
152153,1,2010.01,1,0,ploc,1520,21906,21906,936.1,929.5,1,210,2,NA,1.46,4,5,NA,NA
152153,1,2017.12,1,0,ploc,1520,21906,21906,NA,961.6,1,775,2,NA,1.46,NA,NA,NA,NA
152513,1,2019,1,0,qupr,1525,22252,22252,612,615,1,889,2,NA,1.4,NA,NA,NA,NA
152673,1,2010.01,1,0,litu,1530,22390,22390,891.9,892.3,1,211,2,NA,1.23,4,4,NA,NA
152673,1,2017.12,1,0,litu,1530,22390,22390,NA,932.7,1,776,2,NA,1.23,NA,NA,NA,NA
152701,1,2010.01,1,0,litu,1531,22417,22417,890.5,893.2,1,212,2,NA,1.41,4,5,NA,NA
152701,1,2017.12,1,0,litu,1531,22417,22417,NA,951,1,777,2,NA,1.41,NA,NA,NA,NA
160713,1,2011.01,1,0,litu,1603,23030,23030,800,785.7,1,372,2,NA,1.3,NA,NA,NA,NA
160713,1,2012.01,1,0,litu,1603,23030,23030,NA,785.7,1,507,2,NA,1.5,3,4,NA,NA
160713,1,2015.13,1,0,litu,1603,23030,23030,NA,838,1,673,2,NA,1.5,NA,NA,NA,NA
160713,1,2021,NA,NA,litu,1603,23030,23030,913,913,1,1056,2,NA,1.35,NA,NA,NA,NA
160742,1,2010.01,1,0,litu,1605,23054,23054,821.2,810.9,1,213,2,NA,1.34,4,4,NA,NA
160742,1,2016.15,1,0,litu,1605,23054,23054,NA,860,1,720,2,NA,1.34,NA,NA,NA,NA
160814,1,2019,1,0,cato,1611,23125,23125,438,441,1,890,2,NA,1.4,NA,NA,NA,NA
160862,1,2010.01,1,0,ploc,1614,23171,23171,811,805.1,1,214,2,NA,1.27,4,5,NA,NA
160862,1,2018.01,1,0,ploc,1614,23171,23171,NA,834,1,791,2,NA,1.27,NA,NA,NA,NA
160910,1,2022,1,1,litu,1607,23183,23183,1020,996,1,1132,2,NA,1.53,NA,NA,NA,NA
160910,1,2010.01,1,1,litu,1607,23183,23183,930.2,916.2,1,215,2,NA,1.31,4,4,NA,NA
160910,1,2015.03,1,1,litu,1607,23183,23183,NA,973,1,674,2,NA,1.31,NA,NA,NA,NA
160985,1,2010.01,1,1,litu,1612,23254,23254,832.9,829.9,1,216,2,NA,1.26,4,4,NA,NA
160985,1,2019.091,1,1,litu,1612,23254,23254,868,873,1,978,2,NA,1.25,NA,NA,NA,NA
161578,1,2019,1,0,qual,1616,23356,23356,231,228,1,891,2,NA,1.4,NA,NA,NA,NA
162293,1,2010.01,1,0,qual,1623,23639,23639,858.5,859.1,1,217,2,NA,1.34,4,4,NA,NA
162439,1,2010.01,1,1,quru,1627,23778,23778,808.1,817.5,1,218,2,NA,1.37,4,5,NA,NA
162439,1,2018.06,1,1,quru,1627,23778,23778,NA,832.5,1,846,2,NA,1.37,NA,NA,NA,NA
162446,1,2019,1,0,quru,1630,23785,23785,799,803,1,892,2,NA,1.4,NA,NA,NA,NA
162503,1,2010.01,1,0,quve,1624,23838,23838,881.6,874.8,1,219,2,NA,1.24,4,4,NA,NA
162503,1,2021,NA,NA,quve,1624,23838,23838,922,924,1,1057,2,NA,1.42,NA,NA,NA,NA
162541,1,2019,1,0,qupr,1627,23876,23876,408,409,1,893,2,NA,1.4,NA,NA,NA,NA
162543,1,2010.01,1,1,qual,1627,23878,23878,878,870.3,1,220,2,NA,1.42,4,4,NA,NA
162581,1,2022,1,1,ceca,1629,23912,23912,75,93,1,1110,2,NA,1.4,NA,NA,NA,NA
170175,1,2010.01,1,0,litu,1702,24116,24116,872.1,848.2,1,221,2,NA,1.3,3,5,NA,NA
170175,1,2013.01,1,0,litu,1702,24116,24116,892,848.2,1,616,2,NA,1.3,3,5,NA,NA
170175,1,2017.12,1,0,litu,1702,24116,24116,NA,885,1,778,2,NA,1.3,NA,NA,NA,NA
170175,1,2021,NA,NA,litu,1702,24116,24116,955,964,1,1058,2,NA,1.5,NA,NA,NA,NA
170992,1,2011.01,1,0,litu,1704,24845,24845,667,667,1,373,2,NA,1.3,NA,NA,NA,NA
170992,1,2015.13,1,0,litu,1704,24845,24845,NA,686.7000122,1,675,2,NA,1.4,NA,NA,NA,NA
170994,1,2011.01,1,0,litu,1704,24846,24846,542,542,1,374,2,NA,1.3,NA,NA,NA,NA
170994,1,2021,NA,NA,litu,1704,24846,24846,584,584,1,1059,2,NA,1.35,NA,NA,NA,NA
171000,1,2011.01,1,0,rops,1705,24851,24851,461,461,1,375,2,NA,1.3,NA,NA,NA,NA
171000,1,2015.13,1,0,rops,1705,24851,24851,NA,460.2000122,1,676,2,NA,1.3,NA,NA,NA,NA
171127,1,2011.01,1,0,litu,1705,24962,24962,718,718,1,376,2,NA,1.4,NA,NA,NA,NA
171127,1,2015.13,1,0,litu,1705,24962,24962,NA,737.2000122,1,677,2,NA,1.3,NA,NA,NA,NA
171127,1,2021,NA,NA,litu,1705,24962,24962,779,811,1,1060,2,NA,1.7,NA,NA,NA,NA
171245,1,2022,1,0,ulru,1707,25071,25071,135,133,1,1128,2,NA,1.35,NA,NA,NA,NA
171247,1,2011.01,1,0,saal,1707,25073,25073,451,451,1,377,2,NA,1.3,NA,NA,NA,NA
171254,1,2011.01,1,0,litu,1708,25080,25080,727,727,1,378,2,NA,1.3,NA,NA,NA,NA
171254,1,2019,1,0,litu,1708,25080,25080,764,765,1,911,2,NA,1.4,NA,NA,NA,NA
171257,1,2011.01,1,0,litu,1708,25083,25083,610,610,1,379,2,NA,1.3,NA,NA,NA,NA
171262,1,2011.01,1,0,litu,1708,25088,25088,603,603,1,380,2,NA,1.3,NA,NA,NA,NA
171262,1,2021,NA,NA,litu,1708,25088,25088,645,648,1,1061,2,NA,1.35,NA,NA,NA,NA
171314,1,2010.01,1,0,quru,1712,25139,25139,839.8,865.2,1,222,2,NA,1.5,4,4,NA,NA
171348,1,2011.01,1,0,ceca,1714,25171,25171,145,139.1,1,381,2,NA,1.3,NA,NA,NA,NA
171348,1,2022.15,1,1,ceca,1714,25171,25171,166,155.4,1,1140,2,NA,1.35,NA,NA,NA,NA
171358,1,2010.01,1,0,fram,1714,25179,25179,899.1,887.8,1,223,2,NA,1.33,3,5,NA,NA
171358,1,2018.01,1,0,fram,1714,25179,25179,NA,920,1,792,2,NA,1.33,NA,NA,NA,NA
171454,1,2019,1,0,caco,1714,25271,25271,117,118,1,894,2,NA,1.4,NA,NA,NA,NA
171456,1,2013.01,1,0,acru,1714,25273,25273,705.8,699.5,1,617,2,NA,1.35,NA,NA,NA,NA
171456,1,2021,NA,NA,acru,1714,25273,25273,746,754,1,1062,2,NA,1.25,NA,NA,NA,NA
171462,1,2011.01,1,0,qual,1715,25278,25278,803,796,1,382,2,NA,1.3,NA,NA,NA,NA
171462,1,2019,1,0,qual,1715,25278,25278,841,845,1,912,2,NA,1.32,NA,NA,NA,NA
171505,1,2011.01,1,0,litu,1716,25303,25303,441,424.3,1,383,2,NA,1.3,NA,NA,NA,NA
171505,1,2015.01,1,0,litu,1716,25303,25303,456.5,452,1,648,2,NA,1.3,4,4,NA,NA
171506,1,2011.01,1,0,litu,1716,25304,25304,478,456.2,1,384,2,NA,1.3,NA,NA,NA,NA
171506,1,2013.01,1,0,litu,1716,25304,25304,476.7,456.2,1,618,2,NA,1.3,4,4,NA,NA
171506,1,2021,NA,NA,litu,1716,25304,25304,522,524,1,1063,2,NA,1.4,NA,NA,NA,NA
172154,1,2010.01,1,0,fram,1723,25460,25460,878.8,877.8,1,224,2,NA,1.45,3,4,NA,NA
172201,1,2011.01,1,0,cagl,1717,25503,25503,65,64.6,1,385,2,NA,1.3,NA,NA,NA,NA
172201,1,2019,1,0,cagl,1717,25503,25503,66,68,1,913,2,NA,1.4,NA,NA,NA,NA
172202,1,2011.01,1,1,quru,1717,25504,25504,546,538.8,1,386,2,NA,1.3,NA,NA,NA,NA
172202,1,2015.01,1,1,quru,1717,25504,25504,554.5,555.0999756,1,649,2,NA,1.3,4,4,NA,NA
172203,1,2011.01,1,1,qual,1717,25505,25505,361,321.5,1,387,2,NA,1.3,NA,NA,NA,NA
172203,1,2014.14,1,1,qual,1717,25505,25505,NA,852,1,678,2,NA,1.3,NA,NA,NA,NA
172203,1,2015.04,1,1,qual,1717,25505,25505,NA,368.5,1,852,2,NA,1.3,NA,NA,NA,NA
172205,1,2011.01,1,0,qual,1717,25507,25507,495,477.8,1,388,2,NA,1.3,NA,NA,NA,NA
172205,1,2021,NA,NA,qual,1717,25507,25507,508,509,1,1064,2,NA,1.4,NA,NA,NA,NA
172248,1,2011.01,1,0,cato,1719,25549,25549,275,270.7,1,389,2,NA,1.3,NA,NA,NA,NA
172255,1,2011.01,1,1,qual,1720,25555,25555,643,622.8,1,390,2,NA,1.3,NA,NA,NA,NA
172260,1,2011.01,1,0,qupr,1720,25559,25559,657,639,1,391,2,NA,1.3,NA,NA,NA,NA
172365,1,2011.01,1,0,ulru,1722,25659,25659,153,147.2,1,392,2,NA,1.3,NA,NA,NA,NA
172372,1,2011.01,1,0,ulru,1723,25665,25665,408,390.8,1,393,2,NA,1.3,NA,NA,NA,NA
172382,1,2012.01,1,0,juni,1723,25675,25675,457,390.8,1,524,2,NA,1.3,NA,NA,NA,NA
172382,1,2015.01,1,0,juni,1723,25675,25675,459,459.2000122,1,657,2,NA,1.3,3,4,NA,NA
172416,1,2011.01,1,0,nysy,1725,25708,25708,202,199.9,1,394,2,NA,1.3,NA,NA,NA,NA
172416,1,2019,1,0,nysy,1725,25708,25708,204,206,1,914,2,NA,1.35,NA,NA,NA,NA
172417,1,2011.01,1,0,nysy,1725,25709,25709,100,96.7,1,395,2,NA,1.3,NA,NA,NA,NA
172418,1,2011.01,1,0,nysy,1725,25710,25710,297,295,1,396,2,NA,1.3,NA,NA,NA,NA
172421,1,2011.01,1,0,cagl,1725,25712,25712,222,217.7,1,397,2,NA,1.3,NA,NA,NA,NA
172421,1,2019.011,1,0,cagl,1725,25712,25712,242,245,1,945,2,NA,1.4,NA,NA,NA,NA
172423,1,2011.01,1,0,litu,1726,25714,25714,293,262.8,1,398,2,NA,1.3,NA,NA,NA,NA
172423,1,2015.13,1,0,litu,1726,25714,25714,NA,322,1,679,2,NA,1.25,NA,NA,NA,NA
172423,1,2019.011,1,0,litu,1726,25714,25714,368,367,1,946,2,NA,1.2,NA,NA,NA,NA
172470,1,2011.01,1,1,quru,1728,25755,25755,695,667,1,399,2,NA,1.3,NA,NA,NA,NA
172470,1,2016.02,1,1,quru,1728,25755,25755,NA,710,1,721,2,NA,1.25,NA,NA,NA,NA
172470,1,2021,NA,NA,quru,1728,25755,25755,770,777,1,1065,2,NA,1.4,NA,NA,NA,NA
172472,1,2011.01,1,0,fram,1728,25757,25757,150,147.8,1,400,2,NA,1.3,NA,NA,NA,NA
172499,1,2010.01,1,1,qual,1730,25783,25783,1034.1,1017.5,1,225,2,NA,1.32,4,4,NA,NA
172499,1,2019.021,1,1,qual,1730,25783,25783,1061,1056,1,957,2,NA,1.35,NA,NA,NA,NA
172499,1,2021,NA,NA,qual,1730,25783,25783,NA,NA,1,1066,2,NA,NA,NA,NA,NA,NA
172509,1,2010.01,1,0,quru,1726,25793,25793,1127.8,1142.9,1,226,2,NA,1.48,1,0,NA,NA
172556,1,2011.01,1,0,litu,1729,25837,25837,820,780.7,1,401,2,NA,1.3,NA,NA,NA,NA
172556,1,2018.01,1,0,litu,1729,25837,25837,NA,817.5,1,819,2,NA,1.2,NA,NA,NA,NA
172587,1,2011.01,1,0,fram,1731,25867,25867,434,425.3,1,402,2,NA,1.3,NA,NA,NA,NA
172624,1,2011.01,1,0,litu,1731,25900,25900,462,449,1,403,2,NA,1.3,NA,NA,NA,NA
172624,1,2018.01,1,0,litu,1731,25900,25900,NA,464.5,1,793,2,NA,1.45,NA,NA,NA,NA
172626,1,2011.01,1,0,fram,1731,25902,25902,484,470.6,1,508,2,NA,1.3,NA,NA,NA,NA
172626,1,2013.01,1,0,fram,1731,25902,25902,487.8,470.6,1,619,2,NA,1.3,4,5,NA,NA
180235,1,2010.01,1,0,litu,1802,26127,26127,943.3,936.8,1,227,2,NA,1.32,3,5,NA,NA
180235,1,2013.01,1,0,litu,1802,26127,26127,979.5,936.8,1,620,2,NA,1.32,3,5,NA,NA
180235,1,2018.01,1,0,litu,1802,26127,26127,NA,979.5,1,820,2,NA,1.32,NA,NA,NA,NA
180235,1,2019.011,1,0,litu,1802,26127,26127,1035,1035,1,947,2,NA,1.4,NA,NA,NA,NA
180648,1,2022.01,1,0,juni,1804,26480,26480,293,299,1,1137,2,NA,1.2,NA,NA,NA,NA
180654,1,2011.01,1,0,litu,1805,26485,26485,315,295,1,404,2,NA,1.3,NA,NA,NA,NA
180654,1,2017.01,1,0,litu,1805,26485,26485,NA,332.2,1,740,2,NA,1.3,4,4,NA,NA
180654,1,2021,NA,NA,litu,1805,26485,26485,379,380,1,1067,2,NA,1.2,NA,NA,NA,NA
180691,1,2011.01,1,0,litu,1807,26520,26520,700,684.1,1,405,2,NA,1.3,NA,NA,NA,NA
180691,1,2018.01,1,0,litu,1807,26520,26520,NA,716,1,821,2,NA,1.35,NA,NA,NA,NA
180728,1,2011.01,1,0,litu,1804,26552,26552,406,398.7,1,406,2,NA,1.3,NA,NA,NA,NA
180728,1,2021,NA,NA,litu,1804,26552,26552,419,420,1,1068,2,NA,1.35,NA,NA,NA,NA
180791,1,2019,1,0,cagl,1811,26609,26609,396,396,1,895,2,NA,1.4,NA,NA,NA,NA
180791,1,2019.011,1,0,cagl,1811,26609,26609,396,396,1,948,2,NA,1.4,NA,NA,NA,NA
180903,1,2011.01,1,0,litu,1808,26694,26694,313,305.4,1,407,2,NA,1.3,NA,NA,NA,NA
180903,1,2019.021,1,0,litu,1808,26694,26694,326,327,1,958,2,NA,1.35,NA,NA,NA,NA
180904,1,2012.01,1,0,litu,1808,26695,26695,366,305.4,1,525,2,NA,1.3,NA,NA,NA,NA
180904,1,2017.12,1,0,litu,1808,26695,26695,NA,372.2,1,779,2,NA,1.2,NA,NA,NA,NA
180984,1,2010.01,1,0,litu,1813,26774,26774,906,901.7,1,228,2,NA,1.21,4,5,NA,NA
180984,1,2018.01,1,0,litu,1813,26774,26774,NA,923.5,1,822,2,NA,1.21,NA,NA,NA,NA
180988,3,2011.01,1,0,acru,1813,38155,26777,706,NA,1,408,2,NA,1.3,NA,NA,NA,NA
180991,1,2010.01,1,0,ploc,1814,26779,26779,933.9,922.9,1,229,2,NA,1.3,4,5,NA,NA
180991,1,2021,NA,NA,ploc,1814,26779,26779,965,981,1,1069,2,NA,1.4,NA,NA,NA,NA
181030,1,2011.01,1,1,qual,1816,26817,26817,755,744,1,409,2,NA,1.3,NA,NA,NA,NA
181030,1,2019.041,1,1,qual,1816,26817,26817,771,779,1,962,2,NA,1.4,NA,NA,NA,NA
181033,1,2011.01,1,0,litu,1816,26820,26820,501,489.5,1,410,2,NA,1.3,NA,NA,NA,NA
181033,1,2021,NA,NA,litu,1816,26820,26820,557,560,1,1070,2,NA,1.4,NA,NA,NA,NA
182161,1,2010.01,1,0,fram,1822,27072,27072,1046,1053.4,1,230,2,NA,1.57,3,4,NA,NA
182161,1,2019,1,0,fram,1822,27072,27072,1074,1087,1,915,2,NA,1.4,NA,NA,NA,NA
182207,1,2011.01,1,0,qual,1817,27118,27118,553,540.5,1,411,2,NA,1.3,NA,NA,NA,NA
182208,1,2011.01,1,0,quru,1817,27119,27119,491,498,1,412,2,NA,1.3,NA,NA,NA,NA
182208,1,2015.01,1,0,quru,1817,27119,27119,515,513,1,650,2,NA,1.3,4,3,NA,NA
182248,1,2011.01,1,0,nysy,1820,27159,27159,43.3,44.3,1,413,2,NA,1.3,NA,NA,NA,NA
182376,1,2011.01,1,0,ploc,1823,27286,27286,599,570.1,1,414,2,NA,1.3,NA,NA,NA,NA
182376,1,2015.01,1,0,ploc,1823,27286,27286,615,608.5,1,651,2,NA,1.3,4,4,NA,NA
182376,1,2018.01,1,0,ploc,1823,27286,27286,NA,608.5,1,823,2,NA,1.3,NA,NA,NA,NA
182398,1,2022,1,0,ceca,1825,27308,27308,111,110,1,1111,2,NA,1.4,NA,NA,NA,NA
182451,1,2011.01,1,0,fram,1829,27358,27358,348,342.3,1,415,2,NA,1.3,NA,NA,NA,NA
182451,1,2018.01,1,0,fram,1829,27358,27358,NA,355.6,1,794,2,NA,1.3,NA,NA,NA,NA
182471,1,2022.01,1,1,ceca,1829,27378,27378,86,78,1,1135,2,NA,1.4,NA,NA,NA,NA
182491,1,2011.01,1,0,litu,1831,27397,27397,407,395.5,1,416,2,NA,1.3,NA,NA,NA,NA
182491,1,2017.01,1,0,litu,1831,27397,27397,NA,410,1,741,2,NA,1.35,4,4,NA,NA
182498,1,2011.01,1,0,fram,1831,27403,27403,148,142,1,417,2,NA,1.3,NA,NA,NA,NA
182570,1,2011.01,1,0,juni,1822,27471,27471,514.6,514.6,1,509,2,NA,NA,NA,NA,NA,NA
182681,1,2011.01,1,0,litu,1829,27575,27575,577,565.5,1,418,2,NA,1.3,NA,NA,NA,NA
182681,1,2021,NA,NA,litu,1829,27575,27575,621,625,1,1071,2,NA,1.4,NA,NA,NA,NA
182693,1,2011.01,1,0,litu,1830,27584,27584,810,798.7,1,419,2,NA,1.3,NA,NA,NA,NA
182693,1,2015.01,1,0,litu,1830,27584,27584,843,821.0999756,1,652,2,NA,1.15,4,4,NA,NA
182693,1,2019.061,1,0,litu,1830,27584,27584,677,680,1,972,2,NA,1.4,NA,NA,NA,NA
190065,1,2011.01,1,0,litu,1902,27684,27684,535,525.6,1,420,2,NA,1.3,NA,NA,NA,NA
190065,1,2021,NA,NA,litu,1902,27684,27684,556,560,1,1072,2,NA,1.4,NA,NA,NA,NA
190067,1,2011.01,1,1,litu,1902,27685,27685,700,690.8,1,421,2,NA,1.3,NA,NA,NA,NA
190067,1,2019.071,1,1,litu,1902,27685,27685,734,739,1,974,2,NA,1.4,NA,NA,NA,NA
190071,1,2011.01,1,0,litu,1902,27689,27689,208,202.1,1,422,2,NA,1.3,NA,NA,NA,NA
190071,1,2018.01,1,0,litu,1902,27689,27689,NA,211.6,1,795,2,NA,1.3,NA,NA,NA,NA
190115,1,2010.01,1,0,litu,1902,27723,27723,889.6,876,1,231,2,NA,1.23,3,4,NA,NA
190115,1,2015.13,1,0,litu,1902,27723,27723,NA,923.5,1,680,2,NA,1.25,NA,NA,NA,NA
190115,1,2022.15,1,0,litu,1902,27723,27723,NA,944,1,1141,2,NA,1.4,NA,NA,NA,NA
190413,1,2010.01,1,1,litu,1904,28001,28001,979.5,965.3,1,232,2,NA,1.3,4,4,NA,NA
190413,1,2015.03,1,1,litu,1904,28001,28001,NA,1001.599976,1,681,2,NA,1.2,NA,NA,NA,NA
190426,1,2010.01,1,0,litu,1904,28014,28014,981.2,974.3,1,233,2,NA,1.4,4,5,NA,NA
190426,1,2013.01,1,0,litu,1904,28014,28014,1006.3,974.3,1,621,2,NA,1.4,4,5,NA,NA
190426,1,2018.01,1,0,litu,1904,28014,28014,NA,1016.2,1,824,2,NA,1.4,NA,NA,NA,NA
190429,1,2011.01,1,0,litu,1904,28017,28017,720,709.8,1,423,2,NA,1.3,NA,NA,NA,NA
190568,1,2010.01,1,0,juni,1912,28141,28141,870.5,854,1,234,2,NA,1.3,2,4,NA,NA
190568,1,2013.01,1,0,juni,1912,28141,28141,885,854,1,622,2,NA,1.3,2,4,NA,NA
190568,1,2021,NA,NA,juni,1912,28141,28141,933,940,1,1073,2,NA,1.4,NA,NA,NA,NA
190655,1,2011.01,1,0,litu,1907,28220,28220,564,518.4,1,424,2,NA,1.3,NA,NA,NA,NA
190655,1,2015.13,1,0,litu,1907,28220,28220,NA,545.5999756,1,682,2,NA,1.15,NA,NA,NA,NA
190658,1,2011.01,1,0,litu,1907,28222,28222,468,458.4,1,425,2,NA,1.3,NA,NA,NA,NA
190658,1,2013.01,1,0,litu,1907,28222,28222,472.1,458.4,1,623,2,NA,1.3,4,3,NA,NA
190670,1,2011.01,1,0,litu,1908,28234,28234,534,531.3,1,426,2,NA,1.3,NA,NA,NA,NA
190694,1,2010.01,1,1,quru,1909,28251,28251,1237.5,1272.5,1,235,2,NA,1.42,3,4,NA,NA
190694,1,2016.02,1,1,quru,1909,28251,28251,NA,1265.5,1,859,2,NA,1.42,NA,NA,NA,NA
190694,1,2021,NA,NA,quru,1909,28251,28251,1302,1303,1,1074,2,NA,1.2,NA,NA,NA,NA
190704,1,2022,1,0,caco,1910,28260,28260,211,209,1,1129,2,NA,1.4,NA,NA,NA,NA
190793,1,2011.01,1,0,litu,1914,28335,28335,590,577.8,1,427,2,NA,1.3,NA,NA,NA,NA
190793,1,2021,NA,NA,litu,1914,28335,28335,625,629,1,1075,2,NA,1.4,NA,NA,NA,NA
190794,1,2011.01,1,0,quru,1914,28336,28336,635,615,1,428,2,NA,1.3,NA,NA,NA,NA
190794,1,2021,NA,NA,quru,1914,28336,28336,671,678,1,1076,2,NA,1.4,NA,NA,NA,NA
190798,1,2012.01,1,0,cagl,1914,28340,28340,273,615,1,526,2,NA,1.32,NA,NA,NA,NA
190798,1,2018.01,1,0,cagl,1914,28340,28340,NA,269.3,1,796,2,NA,1.32,NA,NA,NA,NA
190834,1,2011.01,1,0,quve,1916,28374,28374,261,261,1,429,2,NA,1.3,NA,NA,NA,NA
190835,1,2011.01,1,0,litu,1916,28375,28375,405,387.1,1,430,2,NA,1.3,NA,NA,NA,NA
190835,1,2017.01,1,0,litu,1916,28375,28375,NA,409.3,1,742,2,NA,1.3,4,4,NA,NA
190838,1,2011.01,1,1,quru,1916,28377,28377,531,522.5,1,431,2,NA,1.3,NA,NA,NA,NA
190838,1,2017.01,1,1,quru,1916,28377,28377,NA,553.5,1,743,2,NA,1.3,4,4,NA,NA
190840,1,2012.01,1,0,litu,1916,28379,28379,165,522.5,1,527,2,NA,1.3,NA,NA,NA,NA
190840,1,2016.15,1,0,litu,1916,28379,28379,NA,164.8999939,1,722,2,NA,1.3,NA,NA,NA,NA
190840,1,2021,NA,NA,litu,1916,28379,28379,195,195,1,1077,2,NA,1.4,NA,NA,NA,NA
190935,1,2012.01,1,0,quru,1916,28426,28426,222,522.5,1,528,2,NA,1.32,NA,NA,NA,NA
190935,1,2017.01,1,0,quru,1916,28426,28426,NA,228.2,1,744,2,NA,1.32,4,3,NA,NA
192008,1,2011.01,1,0,qual,1917,28434,28434,642,635,1,432,2,NA,1.3,NA,NA,NA,NA
192008,1,2021,NA,NA,qual,1917,28434,28434,674,685,1,1078,2,NA,1.4,NA,NA,NA,NA
192055,1,2011.01,1,0,qual,1919,28478,28478,586,575,1,433,2,NA,1.3,NA,NA,NA,NA
192062,1,2011.01,1,0,qupr,1920,28485,28485,502,494.2,1,434,2,NA,1.3,NA,NA,NA,NA
192064,1,2011.01,1,0,qupr,1920,28487,28487,506,500,1,435,2,NA,1.3,NA,NA,NA,NA
192110,1,2011.01,1,0,cato,1922,28531,28531,389,426,1,436,2,NA,1.3,NA,NA,NA,NA
192133,1,2011.01,1,0,caovl,1923,28553,28553,542,547,1,437,2,NA,1.3,NA,NA,NA,NA
192133,1,2019.011,1,0,caovl,1923,28553,28553,556,565,1,949,2,NA,1.4,NA,NA,NA,NA
192244,1,2011.01,1,1,qual,1919,28661,28661,436,423,1,438,2,NA,1.3,NA,NA,NA,NA
192244,1,2017.02,1,1,qual,1919,28661,28661,NA,443.5,1,780,2,NA,1.3,NA,NA,NA,NA
192437,1,2011.01,1,1,litu,1925,28848,28848,420,409,1,439,2,NA,1.3,NA,NA,NA,NA
192437,1,2015.01,1,1,litu,1925,28848,28848,439.5,436.8999939,1,653,2,NA,1.3,4,4,NA,NA
192437,1,2018.01,1,1,litu,1925,28848,28848,NA,436.9,1,853,2,NA,1.3,NA,NA,NA,NA
192466,1,2011.01,1,1,quru,1926,28877,28877,793,780,1,440,2,NA,1.3,NA,NA,NA,NA
192466,1,2016.02,1,1,quru,1926,28877,28877,NA,809,1,723,2,NA,1.4,NA,NA,NA,NA
192484,1,2011.01,1,1,quru,1926,28895,28895,401,395.9,1,441,2,NA,1.3,NA,NA,NA,NA
192484,1,2015.03,1,1,quru,1926,28895,28895,NA,422.5,1,683,2,NA,1.4,NA,NA,NA,NA
192527,1,2012.01,1,0,litu,1928,28934,28934,500,395.9,1,529,2,NA,1.32,NA,NA,NA,NA
192528,1,2011.01,1,0,litu,1928,28935,28935,556,645.2,1,442,2,NA,1.3,NA,NA,NA,NA
192528,1,2021,NA,NA,litu,1928,28935,28935,593,597,1,1079,2,NA,1.4,NA,NA,NA,NA
192532,1,2011.01,1,0,fagr,1928,28939,28939,165,151.4,1,443,2,NA,1.3,NA,NA,NA,NA
192532,1,2017.01,1,0,fagr,1928,28939,28939,NA,175.9,1,745,2,NA,1.3,4,2,NA,NA
192533,1,2011.01,1,0,litu,1928,28940,28940,394,381,1,444,2,NA,1.3,NA,NA,NA,NA
192533,1,2018.01,1,0,litu,1928,28940,28940,NA,403.2,1,825,2,NA,1.3,NA,NA,NA,NA
192534,1,2011.01,1,0,litu,1928,28941,28941,546,537.3,1,445,2,NA,1.3,NA,NA,NA,NA
192542,1,2011.01,1,1,litu,1929,28948,28948,311,304.2,1,446,2,NA,1.3,NA,NA,NA,NA
192542,1,2019.041,1,1,litu,1929,28948,28948,326,326,1,963,2,NA,1.4,NA,NA,NA,NA
192543,1,2011.01,1,0,litu,1929,28949,28949,439,426.1,1,447,2,NA,1.3,NA,NA,NA,NA
192543,1,2017.01,1,0,litu,1929,28949,28949,NA,445.5,1,746,2,NA,1.3,4,4,NA,NA
192544,1,2011.01,1,1,litu,1929,28950,28950,340,332.9,1,448,2,NA,1.3,NA,NA,NA,NA
192544,1,2019.041,1,1,litu,1929,28950,28950,349,349,1,964,2,NA,1.4,NA,NA,NA,NA
192546,1,2011.01,1,0,litu,1929,28952,28952,526,515.3,1,449,2,NA,1.3,NA,NA,NA,NA
192548,1,2011.01,1,0,litu,1929,28954,28954,468,451.1,1,450,2,NA,1.3,NA,NA,NA,NA
192560,1,2010.01,1,1,qual,1930,28965,28965,924.1,900,1,236,2,NA,1.36,4,4,NA,NA
192560,1,2021,NA,NA,qual,1930,28965,28965,969,967,1,1080,2,NA,1.35,NA,NA,NA,NA
192570,1,2011.01,1,0,fram,1931,28974,28974,460,451.5,1,451,2,NA,1.3,NA,NA,NA,NA
192570,1,2019,1,0,fram,1931,28974,28974,476,481,1,916,2,NA,1.4,NA,NA,NA,NA
192619,1,2011.01,1,1,quru,1926,29017,29017,765,749.5,1,452,2,NA,1.3,NA,NA,NA,NA
192619,1,2018.06,1,1,quru,1926,29017,29017,NA,787,1,847,2,NA,1.4,NA,NA,NA,NA
192674,1,2011.01,1,0,litu,1929,29069,29069,460,448.4,1,453,2,NA,1.3,NA,NA,NA,NA
192674,1,2018.01,1,0,litu,1929,29069,29069,NA,467,1,797,2,NA,1.3,NA,NA,NA,NA
200038,1,2010.01,1,0,litu,2001,29145,29145,1349.2,914.2,1,237,2,NA,1.35,3,4,NA,NA
200038,1,2013.01,1,0,litu,2001,29145,29145,943.8,914,1,631,2,NA,1.3,3,NA,NA,NA
200038,1,2019,1,0,litu,2001,29145,29145,973,981,1,917,2,NA,1.7,NA,NA,NA,NA
200038,2,2010.01,1,0,litu,2001,36227,29145,NA,819.5,1,238,2,NA,NA,NA,5,NA,NA
200038,2,2013.01,1,0,litu,2001,36227,29145,842.5,815,1,629,2,NA,1.3,3,NA,NA,NA
200038,2,2019,1,0,litu,2001,36227,29145,864,865,1,918,2,NA,1.7,NA,NA,NA,NA
200142,1,2011.01,1,1,litu,2002,29241,29241,596,582.7,1,454,2,NA,1.3,NA,NA,NA,NA
200142,1,2021,NA,NA,litu,2002,29241,29241,625,630,1,1081,2,NA,1.35,NA,NA,NA,NA
200151,1,2011.01,1,0,litu,2002,29250,29250,661,634.1,1,455,2,NA,1.3,NA,NA,NA,NA
200151,1,2018.01,1,0,litu,2002,29250,29250,NA,669.3,1,826,2,NA,1.4,NA,NA,NA,NA
200547,1,2011.01,1,0,litu,2005,29606,29606,643,622.1,1,456,2,NA,1.3,NA,NA,NA,NA
200547,1,2021,NA,NA,litu,2005,29606,29606,676,679,1,1082,2,NA,1.45,NA,NA,NA,NA
200551,1,2011.01,1,1,litu,2005,29610,29610,568,560,1,457,2,NA,1.3,NA,NA,NA,NA
200551,1,2022.15,1,1,litu,2005,29610,29610,NA,576,1,1142,2,NA,1.4,NA,NA,NA,NA
200553,1,2011.01,1,0,litu,2005,29612,29612,548,535.8,1,458,2,NA,1.3,NA,NA,NA,NA
200577,1,2011.01,1,0,juni,2007,29636,29636,535,535.2,1,459,2,NA,1.3,NA,NA,NA,NA
200577,1,2022.15,1,0,juni,2007,29636,29636,530,548,1,1143,2,NA,1.4,NA,NA,NA,NA
200586,1,2022.01,1,0,juni,2007,29644,29644,443,453,1,1138,2,NA,1.45,NA,NA,NA,NA
200586,1,2011.01,1,0,juni,2007,29644,29644,431,426.1,1,460,2,NA,1.3,NA,NA,NA,NA
200613,1,2010.01,1,0,litu,2004,29668,29668,828.5,834,1,239,2,NA,1.19,3,4,NA,NA
200613,1,2015.13,1,0,litu,2004,29668,29668,NA,851.5999756,1,684,2,NA,1.15,NA,NA,NA,NA
200676,1,2010.01,1,0,litu,2008,29730,29730,853,847.1,1,240,2,NA,1.28,3,4,NA,NA
200676,1,2013.01,1,0,litu,2008,29730,29730,865.2,847.1,1,625,2,NA,1.28,3,4,NA,NA
200676,1,2021,NA,NA,litu,2008,29730,29730,895,897,1,1083,2,NA,1.25,NA,NA,NA,NA
200812,1,2011.01,1,0,juni,2008,29859,29859,549,540.7,1,461,2,NA,1.3,NA,NA,NA,NA
200818,1,2011.01,1,0,litu,2008,29865,29865,341,339.2,1,462,2,NA,1.3,NA,NA,NA,NA
200818,1,2022.15,1,0,litu,2008,29865,29865,350,348,1,1144,2,NA,1.45,NA,NA,NA,NA
200822,1,2011.01,1,0,litu,2008,29869,29869,800,786.8,1,463,2,NA,1.3,NA,NA,NA,NA
200822,1,2015.13,1,0,litu,2008,29869,29869,NA,820,1,685,2,NA,1.3,NA,NA,NA,NA
200822,1,2022.15,1,0,litu,2008,29869,29869,871,854,1,1145,2,NA,1.35,NA,NA,NA,NA
201171,1,2022,1,0,ceca,2011,30195,30195,119,116,1,1130,2,NA,1.33,NA,NA,NA,NA
201180,1,2022,1,0,caco,2011,30201,30201,128,125,1,1131,2,NA,1.2,NA,NA,NA,NA
201207,1,2010.01,1,0,litu,2011,30211,30211,1281.1,1279.8,1,241,2,NA,1.38,3,5,NA,NA
201207,1,2011.23,1,0,litu,2011,30211,30211,NA,1279.8,1,538,2,NA,1.38,3,5,NA,NA
201207,1,2015.01,1,0,litu,2012,30211,30211,1315,1310.5,1,658,2,NA,1.35,3,5,NA,NA
201207,1,2018.01,1,0,litu,2012,30211,30211,NA,1310.5,1,827,2,NA,1.35,NA,NA,NA,NA
201207,1,2022.15,1,0,litu,2012,30211,30211,1360,1332,1,1146,2,NA,1.2,NA,NA,NA,NA
201208,1,2010.01,1,0,fram,2011,30212,30212,960,959.6,1,242,2,NA,1.4,1,4,NA,NA
201248,1,2010.01,1,0,fram,2013,30243,30243,945.7,930,1,243,2,NA,1.05,1,4,NA,NA
201252,1,2011.01,1,0,caco,2013,30247,30247,444,442.3,1,464,2,NA,1.3,NA,NA,NA,NA
201252,1,2012.01,1,0,caco,2013,30247,30247,NA,442.3,1,539,2,NA,1.3,3,3,NA,NA
201261,1,2011.01,1,0,juni,2013,30255,30255,465,454.1,1,510,2,NA,1.3,NA,NA,NA,NA
201261,1,2012.01,1,0,juni,2013,30255,30255,NA,454.1,1,540,2,NA,1.3,4,4,NA,NA
201261,1,2019,1,0,juni,2013,30255,30255,478,492,1,919,2,NA,1.4,NA,NA,NA,NA
201263,1,2012.01,1,0,ulru,2013,30257,30257,152,454.1,1,530,2,NA,1.3,NA,NA,NA,NA
201264,1,2011.01,1,0,litu,2014,30258,30258,415,401.2,1,465,2,NA,1.3,NA,NA,NA,NA
201264,1,2015.01,1,0,litu,2014,30258,30258,425,419.1000061,1,654,2,NA,1.4,4,4,NA,NA
201274,1,2011.01,1,0,litu,2014,30267,30267,630,582.7,1,466,2,NA,1.3,NA,NA,NA,NA
201274,1,2021,NA,NA,litu,2014,30267,30267,622,627,1,1084,2,NA,1.4,NA,NA,NA,NA
201278,1,2011.01,1,0,litu,2014,30270,30270,654,621.2,1,467,2,NA,1.3,NA,NA,NA,NA
201278,1,2021,NA,NA,litu,2014,30270,30270,670,672,1,1085,2,NA,1.4,NA,NA,NA,NA
201279,1,2011.01,1,0,quru,2014,30271,30271,462,413.7,1,468,2,NA,1.3,NA,NA,NA,NA
201279,1,2016.01,1,0,quru,2014,30271,30271,460,446.2999878,1,693,2,NA,1.3,4,3,NA,NA
201279,1,2022.15,1,0,quru,2014,30271,30271,495,475,1,1147,2,NA,1.4,NA,NA,NA,NA
201331,1,2019,1,0,qupr,2015,30322,30322,427,432,1,896,2,NA,1.4,NA,NA,NA,NA
201432,1,2011.01,1,0,quve,2016,30376,30376,422,411.8,1,469,2,NA,1.3,NA,NA,NA,NA
201432,1,2017.01,1,0,quve,2016,30376,30376,NA,429,1,747,2,NA,1.3,2,4,NA,NA
201441,1,2011.01,1,0,litu,2016,30385,30385,767,732.3,1,470,2,NA,1.3,NA,NA,NA,NA
201441,1,2017.12,1,0,litu,2016,30385,30385,NA,763,1,781,2,NA,1.3,NA,NA,NA,NA
201441,1,2021,NA,NA,litu,2016,30385,30385,832,832,1,1086,2,NA,1.4,NA,NA,NA,NA
202050,1,2011.01,1,0,qual,2019,30435,30435,467,464.7,1,471,2,NA,1.3,NA,NA,NA,NA
202050,1,2016.01,1,0,qual,2019,30435,30435,483,480.5,1,694,2,NA,1.3,4,4,NA,NA
202072,1,2011.01,1,1,qual,2020,30457,30457,702,692.2,1,472,2,NA,1.3,NA,NA,NA,NA
202072,1,2018.06,1,1,qual,2020,30457,30457,NA,710.1,1,848,2,NA,1.3,NA,NA,NA,NA
202118,1,2011.01,1,0,quve,2023,30503,30503,683,679.7,1,473,2,NA,1.3,NA,NA,NA,NA
202201,1,2011.01,1,0,cato,2017,30581,30581,129,127.7,1,474,2,NA,1.3,NA,NA,NA,NA
202201,1,2016.15,1,0,cato,2017,30581,30581,NA,131,1,724,2,NA,1.3,NA,NA,NA,NA
202203,1,2011.01,1,0,quru,2017,30583,30583,471,452,1,511,2,NA,1.3,NA,NA,NA,NA
202203,1,2013.01,1,0,quru,2017,30583,30583,480.6,452,1,628,2,NA,1.3,4,4,NA,NA
202203,1,2018.01,1,0,quru,2017,30583,30583,NA,479.9,1,798,2,NA,1.3,NA,NA,NA,NA
202212,1,2011.01,1,0,quve,2017,30592,30592,593,585.8,1,475,2,NA,1.3,NA,NA,NA,NA
202212,1,2012.01,1,0,quve,2017,30592,30592,NA,585.8,1,541,2,NA,1.3,3,4,NA,NA
202215,1,2011.01,1,1,qual,2017,30595,30595,542,535,1,476,2,NA,1.3,NA,NA,NA,NA
202276,1,2022,1,0,caovl,2019,30649,30649,275,264,1,1112,2,NA,1.4,NA,NA,NA,NA
202283,1,2011.01,1,0,litu,2020,30656,30656,248,230,1,477,2,NA,1.3,NA,NA,NA,NA
202283,1,2017.01,1,0,litu,2020,30656,30656,NA,258.1,1,748,2,NA,1.3,4,5,NA,NA
202283,1,2021,NA,NA,litu,2020,30656,30656,312,313,1,1087,2,NA,1.4,NA,NA,NA,NA
202336,1,2011.01,1,0,cagl,2022,30709,30709,413,403,1,478,2,NA,1.3,NA,NA,NA,NA
202336,1,2015.01,1,0,cagl,2022,30709,30709,430,430,1,655,2,NA,1.3,4,5,NA,NA
202337,1,2011.01,1,0,cagl,2023,30710,30710,402,388.1,1,479,2,NA,1.3,NA,NA,NA,NA
202337,1,2015.01,1,0,cagl,2023,30710,30710,421,417.2000122,1,656,2,NA,1.3,4,4,NA,NA
202444,1,2011.01,1,0,litu,2025,30813,30813,634,614.7,1,480,2,NA,1.3,NA,NA,NA,NA
202444,1,2013.01,1,0,litu,2025,30813,30813,644.4,614.7,1,624,2,NA,1.3,4,4,NA,NA
202444,1,2021,NA,NA,litu,2025,30813,30813,694,699,1,1088,2,NA,1.4,NA,NA,NA,NA
202449,1,2011.01,1,0,litu,2026,30818,30818,602,583,1,481,2,NA,1.3,NA,NA,NA,NA
202449,1,2021,NA,NA,litu,2026,30818,30818,631,635,1,1089,2,NA,1.4,NA,NA,NA,NA
202536,1,2011.01,1,0,fram,2028,30898,30898,429,419.5,1,482,2,NA,1.3,NA,NA,NA,NA
202536,1,2017.01,1,0,fram,2028,30898,30898,NA,438.5,1,749,2,NA,1.25,4,5,NA,NA
202541,1,2011.01,1,0,fram,2028,30903,30903,451,455.3,1,483,2,NA,1.3,NA,NA,NA,NA
202541,1,2019,1,0,fram,2028,30903,30903,461,461,1,920,2,NA,1.34,NA,NA,NA,NA
202543,1,2011.01,1,0,litu,2028,30905,30905,211,188,1,484,2,NA,1.3,NA,NA,NA,NA
202543,1,2019,1,0,litu,2028,30905,30905,230,238,1,921,2,NA,1.4,NA,NA,NA,NA
202545,1,2011.01,1,0,litu,2029,30907,30907,318,298.7,1,485,2,NA,1.3,NA,NA,NA,NA
202545,1,2018.01,1,0,litu,2029,30907,30907,NA,330.4,1,828,2,NA,1.3,NA,NA,NA,NA
202545,1,2019,1,0,litu,2029,30907,30907,368,368,1,922,2,NA,1.35,NA,NA,NA,NA
202550,1,2011.01,1,0,litu,2029,30912,30912,559,546.5,1,486,2,NA,1.3,NA,NA,NA,NA
202550,1,2021,NA,NA,litu,2029,30912,30912,596,596,1,1090,2,NA,1.4,NA,NA,NA,NA
202581,1,2011.01,1,0,fram,2031,30938,30938,259,253.2,1,487,2,NA,1.3,NA,NA,NA,NA
202584,1,2011.01,1,0,fram,2031,30940,30940,162,159,1,488,2,NA,1.3,NA,NA,NA,NA
202585,1,2011.01,1,0,juni,2032,30941,30941,411,405,1,489,2,NA,1.3,NA,NA,NA,NA
202585,1,2015.13,1,0,juni,2032,30941,30941,NA,420.2999878,1,686,2,NA,1.3,NA,NA,NA,NA
202586,1,2011.01,1,0,fram,2032,30942,30942,423,407.7,1,490,2,NA,1.3,NA,NA,NA,NA
202586,1,2015.13,1,0,fram,2032,30942,30942,NA,438.8999939,1,687,2,NA,1.3,NA,NA,NA,NA
202671,1,2011.01,1,0,litu,2025,31024,31024,184,176,1,491,2,NA,1.3,NA,NA,NA,NA
202971,1,2011.01,1,0,fram,2032,31191,31191,451,443.2,1,492,2,NA,1.3,NA,NA,NA,NA
202971,1,2018.01,1,0,fram,2032,31191,31191,NA,455,1,829,2,NA,1.35,NA,NA,NA,NA
