tag,stemtag,sp,dbh,quadrat,lx,ly,area,location,previous_measure,measure,measure_verified,crown.condition,crown.illum,new.band,codes,notes,survey.ID,year,month,day,field.recorders,data.enter
10469,1,litu,838.8,109,9.7,1,3,South,71.72,,,,,,,,2022.01,2022,,,,
10587,1,litu,985,113,2.6,13,3,South,79.14,,,,,,,,2022.01,2022,,,,
10609,1,cagl,439,111,19.5,2.9,3,South,95.04,,,,,,,,2022.01,2022,,,,
10671,1,quru,851,114,6.2,14.5,3,South,93.13,,,,,,,,2022.01,2022,,,,
12025,1,quru,832.5,117,15,16.3,4,North,92.63,,,,,,,,2022.01,2022,,,,
12259,1,litu,1018.8,125,16.3,1.5,4,North,31.32,,,,,,,,2022.01,2022,,,,
12270,1,tiam,280.7,125,19.4,19.6,4,North,NA,,,,,,,,2022.01,2022,,,,
12416,1,cato,126,129,17.1,16.1,4,North,13.17,,,,,,,,2022.01,2022,,,,
12508,1,litu,920,131,10.7,10.4,4,North,53.81,,,,,,,,2022.01,2022,,,,
20587,1,litu,1207.3,208,14.8,1.3,3,South,39.54,,,,,,,,2022.01,2022,,,,
20603,1,fram,840.8,208,6,12.8,3,South,123.43,,,,,,,,2022.01,2022,,,,
20617,1,litu,851,209,6.9,7.6,3,South,62.43,,,,,,,,2022.01,2022,,,,
20712,1,litu,896.2,212,1.5,8.3,3,South,86.62,,,,,,,,2022.01,2022,,,,
22004,1,litu,896.2,217,11.4,1.7,4,North,57.5,,,,,,,,2022.01,2022,,,,
22041,1,litu,817,217,1.8,19,4,North,66.04,,,,,,,,2022.01,2022,,,,
22170,1,litu,1128,221,7.9,13.8,4,North,46.49,,,,,,,,2022.01,2022,,,,
22315,1,caco,550,225,11,4,4,North,19.58,,,,,,,,2022.01,2022,,,,
22333,1,fram,550,226,11,4,4,North,41.68,,,,,,,,2022.01,2022,,,,
30225,1,qual,301,306,20,3.1,3,South,35.27,,,,,,,,2022.01,2022,,,,
30233,1,fagr,1072,306,15.6,16.2,3,South,63.57,,,,,,,,2022.01,2022,,,,
30234,1,fagr,81,306,15.3,18.5,3,South,15.94,,,,,,,,2022.01,2022,,,,
30331,1,cagl,216,306,8.3,19.5,3,South,52.27,,,,,,,,2022.01,2022,,,,
30333,1,fagr,222,306,14,19.3,3,South,79.94,,,,,,,,2022.01,2022,,,,
30339,1,litu,153.1,307,8.6,4.1,3,South,108.94,,,,,,,,2022.01,2022,,,,
30339,2,litu,153.1,307,8.6,4.1,3,South,116.12,,,,,,,,2022.01,2022,,,,
30339,3,litu,153.1,307,8.6,4.1,3,South,48.59,,,,,,,,2022.01,2022,,,,
30462,1,litu,492,313,16.2,19,3,South,13.04,,,,,,,,2022.01,2022,,,,
30467,1,litu,608,314,17.3,3,3,South,117.25,,,,,,,,2022.01,2022,,,,
30512,1,quru,845.5,313,2.9,14.3,3,South,53.09,,,,,,,,2022.01,2022,,,,
30584,1,quve,873.5,316,2.2,14.4,4,North,80.23,,,,,,,,2022.01,2022,,,,
32097,1,litu,651,320,17.9,3,4,North,45.63,,,,,,,,2022.01,2022,,,,
32126,1,litu,995.5,321,9.6,5,4,North,116.76,,,,,,,,2022.01,2022,,,,
32381,1,qupr,834,327,4.6,12.8,4,North,98.09,,,,,,,,2022.01,2022,,,,
32423,1,litu,914,329,17.6,13.1,4,North,97.69,,,,,,,,2022.01,2022,,,,
32540,1,qupr,841.8,332,19.9,15.6,4,North,120.11,,,,,,,,2022.01,2022,,,,
40465,1,qupr,451,404,8.2,12.5,2,South,52.43,,,,,,,,2022.01,2022,,,,
40562,1,fagr,86,406,6.3,16.2,3,South,11.09,,,,,,,,2022.01,2022,,,,
40563,1,fagr,365,406,3.6,17.8,3,South,76.06,,,,,,,,2022.01,2022,,,,
40564,1,fagr,57.8,406,2.4,12.4,3,South,NA,,,,,,,,2022.01,2022,,,,
40565,1,cagl,184,406,1.9,10.1,3,South,4.54,,,,,,,,2022.01,2022,,,,
40566,1,cagl,270.2,406,1.1,9.4,3,South,31.12,,,,,,,,2022.01,2022,,,,
40567,1,fagr,93.3,406,1.6,7.2,3,South,20.63,,,,,,,,2022.01,2022,,,,
40568,1,fagr,206,406,0.1,5.2,3,South,43.32,,,,,,,,2022.01,2022,,,,
40569,1,litu,280,407,5.6,1.7,3,South,117.89,,,,,,,,2022.01,2022,,,,
40635,1,cagl,258.7,408,18.7,1,3,South,57.63,,,,,,,,2022.01,2022,,,,
40941,1,litu,653,414,6,15.4,3,South,24.07,,,,,,,,2022.01,2022,,,,
40942,1,acru,395.9,414,2.2,2,3,South,114.57,,,,,,,,2022.01,2022,,,,
40972,1,litu,847,415,7.2,9.6,3,North,48.98,,,,,,,,2022.01,2022,,,,
42009,1,ploc,576.8,417,4.1,19.2,4,North,124.75,,,,,,,,2022.01,2022,,,,
42397,1,quru,1531,428,10.4,5.5,4,North,112.02,,,,,,,,2022.01,2022,,,,
50160,1,fram,1531,502,10.4,5.5,3,South,14.67,,,,,,,,2022.01,2022,,,,
50288,1,quru,877.7,505,10.8,10.6,2,South,57.96,,,,,,,,2022.01,2022,,,,
50364,1,qual,661.9,507,4.2,18.1,2,South,16.18,,,,,,,,2022.01,2022,,,,
50525,1,qual,514,512,8.3,7.4,3,South,37.18,,,,,,,,2022.01,2022,,,,
50562,1,quru,695,514,6.9,12.5,3,South,38.25,,,,,,,,2022.01,2022,,,,
50622,1,qual,650,513,16.8,9.4,3,South,29.51,,,,,,,,2022.01,2022,,,,
50646,1,quru,351,514,19.6,9.4,3,South,34.43,,,,,,,,2022.01,2022,,,,
50650,1,litu,184.3,514,19.5,14.9,3,South,24.16,,,,,,,,2022.01,2022,,,,
50654,1,litu,717.2,514,17.2,19.1,3,South,70.27,,,,,,,,2022.01,2022,,,,
52087,1,quru,1451,519,1.1,11.1,4,North,34.94,,,,,,,,2022.01,2022,,,,
52190,1,quru,968.5,522,16.4,3.4,4,North,56.98,,,,,,,,2022.01,2022,,,,
52344,1,cagl,269,528,14.3,5.9,4,North,8.27,,,,,,,,2022.01,2022,,,,
60161,1,qupr,867,608,17.5,14.1,2,South,104.71,,,,,,,,2022.01,2022,,,,
60266,1,cato,496,604,5.5,9.2,2,South,18.06,,,,,,,,2022.01,2022,,,,
60410,1,fram,468,610,7.3,15.7,3,South,40.15,,,,,,,,2022.01,2022,,,,
60456,1,caca,64.5,614,5.3,15,3,South,10.01,,,,,,,,2022.01,2022,,,,
60457,1,caca,99.5,614,4,15.2,3,South,15.23,,,,,,,,2022.01,2022,,,,
60458,1,fagr,269.5,615,1.9,0,3,South,46.34,,,,,,,,2022.01,2022,,,,
60459,1,fagr,99.7,615,2,3,3,South,24.44,,,,,,,,2022.01,2022,,,,
60462,1,fagr,209.5,615,5.6,7.6,3,South,96.97,,,,,,,,2022.01,2022,,,,
60463,1,juni,468,615,7.2,8,3,South,75.8,,,,,,,,2022.01,2022,,,,
60468,1,caca,74,615,5.4,9.6,3,South,11.94,,,,,,,,2022.01,2022,,,,
60469,1,cofl,70,615,6.8,9.8,3,South,10.55,,,,,,,,2022.01,2022,,,,
60562,1,fagr,70,614,6.8,9.8,3,South,5.63,,,,,,,,2022.01,2022,,,,
60563,1,caca,87.5,614,14.2,13.2,3,South,28.26,,,,,,,,2022.01,2022,,,,
60566,1,fagr,194.2,614,10,11,3,South,116.01,,,,,,,,2022.01,2022,,,,
60567,1,litu,536.8,614,11.6,11.2,3,South,76.96,,,,,,,,2022.01,2022,,,,
60568,1,caca,96,614,15.5,15.6,3,South,9.47,,,,,,,,2022.01,2022,,,,
60569,1,caca,100,614,19.4,16.2,3,South,5.12,,,,,,,,2022.01,2022,,,,
60571,1,caca,116,614,12,17.4,3,South,NA,,,,,,,,2022.01,2022,,,,
60573,1,tiam,258.5,614,8.5,16.3,3,South,45.86,,,,,,,,2022.01,2022,,,,
60576,1,caca,95.1,615,17.1,1,3,South,23.34,,,,,,,,2022.01,2022,,,,
60577,1,litu,546.2,615,12.7,1.4,3,South,42.82,,,,,,,,2022.01,2022,,,,
60578,1,caca,78.5,615,13.2,9.9,3,South,26.44,,,,,,,,2022.01,2022,,,,
60581,1,litu,685.1,615,19.8,9.3,3,South,38.44,,,,,,,,2022.01,2022,,,,
60582,1,quru,285.1,615,20,10.2,3,South,39.18,,,,,,,,2022.01,2022,,,,
60586,1,caca,62.5,615,16.2,9.3,3,South,12.22,,,,,,,,2022.01,2022,,,,
60587,1,caca,81,615,14,9.8,3,South,22.02,,,,,,,,2022.01,2022,,,,
60588,1,caco,292.3,615,13.4,7.3,3,South,53.33,,,,,,,,2022.01,2022,,,,
62114,1,quve,306,619,18.7,12.6,4,North,32.4,,,,,,,,2022.01,2022,,,,
62128,1,quru,831,620,8,0.8,4,North,131.4,,,,,,,,2022.01,2022,,,,
62181,1,quve,1118.5,621,8.8,13.5,4,North,129.29,,,,,,,,2022.01,2022,,,,
62224,1,litu,1040.5,622,3.2,17.3,4,North,28.61,,,,,,,,2022.01,2022,,,,
62241,1,litu,928.5,623,13.9,0.7,4,North,32.88,,,,,,,,2022.01,2022,,,,
62285,1,quru,714,625,4.8,2,7,North,58.1,,,,,,,,2022.01,2022,,,,
62300,1,quve,450,625,13.8,17.5,7,North,32.73,,,,,,,,2022.01,2022,,,,
62312,1,cato,129,626,14.3,0.4,7,North,6.74,,,,,,,,2022.01,2022,,,,
62417,1,quve,944,630,8.9,17,7,North,85.38,,,,,,,,2022.01,2022,,,,
62449,1,qual,891,632,18.7,3.9,7,North,15.37,,,,,,,,2022.01,2022,,,,
62454,1,quve,926.1,632,14.7,18.8,7,North,2.65,,,,,,,,2022.01,2022,,,,
70096,1,quru,893,704,3.3,12.7,2,South,38.79,,,,,,,,2022.01,2022,,,,
70126,1,quru,821,705,9.3,12.5,2,South,109.53,,,,,,,,2022.01,2022,,,,
70146,1,quve,662,706,8.8,7.2,2,South,16.1,,,,,,,,2022.01,2022,,,,
70181,1,litu,536.3,707,13.3,17.2,2,South,110.54,,,,,,,,2022.01,2022,,,,
70216,1,quve,930.2,701,18.7,11.6,3,South,24.27,,,,,,,,2022.01,2022,,,,
70220,1,qual,557,702,18.3,0.8,3,South,39.84,,,,,,,,2022.01,2022,,,,
70278,1,qupr,679.8,704,15.6,15.4,2,South,61.52,,,,,,,,2022.01,2022,,,,
70292,1,cagl,456.3,705,14.6,2.1,2,South,78.02,,,,,,,,2022.01,2022,,,,
70352,1,litu,751.1,707,20,11,2,South,110.13,,,,,,,,2022.01,2022,,,,
70357,1,cagl,115.8,708,7.6,18.4,2,South,NA,,,,,,,,2022.01,2022,,,,
70358,1,litu,363.8,708,18.1,2.3,2,South,17.92,,,,,,,,2022.01,2022,,,,
70433,1,litu,716.9,710,11.4,13.8,2,South,20.76,,,,,,,,2022.01,2022,,,,
70492,1,nysy,198.6,714,0.1,11.2,3,South,22.32,,,,,,,,2022.01,2022,,,,
70493,1,litu,539.2,714,0.3,15.2,3,South,26.2,,,,,,,,2022.01,2022,,,,
70494,1,caca,60,714,0.4,15.7,3,South,38.98,,,,,,,,2022.01,2022,,,,
70494,2,caca,60,714,0.4,15.7,3,South,22.89,,,,,,,,2022.01,2022,,,,
70495,1,caca,79,714,1.7,18.6,3,South,14.51,,,,,,,,2022.01,2022,,,,
70519,1,qual,544.8,711,15.5,3.3,2,South,95.9,,,,,,,,2022.01,2022,,,,
70536,1,qual,599,711,11.9,7.4,2,South,27.68,,,,,,,,2022.01,2022,,,,
70579,1,caco,236.1,714,19.2,4.3,2,South,45.7,,,,,,,,2022.01,2022,,,,
70581,1,quru,614.5,714,13.7,1.2,3,South,35.48,,,,,,,,2022.01,2022,,,,
72024,1,quve,482.3,717,20,9.6,4,North,59.43,,,,,,,,2022.01,2022,,,,
72104,1,qual,260,718,6.2,17.8,4,North,15.68,,,,,,,,2022.01,2022,,,,
72115,1,litu,479.9,719,11.2,10.7,4,North,102.42,,,,,,,,2022.01,2022,,,,
72116,1,litu,502,719,14.4,10.8,4,North,45.1,,,,,,,,2022.01,2022,,,,
72122,1,caca,83.3,719,19.9,19,4,North,18.04,,,,,,,,2022.01,2022,,,,
72124,1,quru,747.2,719,12.5,19.4,4,North,43.35,,,,,,,,2022.01,2022,,,,
72149,1,litu,554.1,720,13.8,0.7,4,North,41.44,,,,,,,,2022.01,2022,,,,
72173,1,qual,450,720,6,10.2,4,North,21.56,,,,,,,,2022.01,2022,,,,
72210,1,qual,872,721,5.2,11.5,4,North,31.39,,,,,,,,2022.01,2022,,,,
72232,1,qual,728.5,722,14.5,12.6,4,North,124.3,,,,,,,,2022.01,2022,,,,
72248,1,caco,313.2,723,15,0.3,4,North,70.29,,,,,,,,2022.01,2022,,,,
72308,1,qual,654.2,725,15.2,13.3,7,North,67.43,,,,,,,,2022.01,2022,,,,
72322,1,litu,247.8,726,18.1,0.3,7,North,30.24,,,,,,,,2022.01,2022,,,,
72324,1,litu,667.2,726,14.4,6.6,7,North,60.04,,,,,,,,2022.01,2022,,,,
72337,1,quru,905.8,727,7.9,2.6,7,North,65.5,,,,,,,,2022.01,2022,,,,
72348,1,quru,971,727,12,15.1,7,North,38.53,,,,,,,,2022.01,2022,,,,
72357,1,quru,938,728,1.7,2,7,North,100.35,,,,,,,,2022.01,2022,,,,
72375,1,litu,669.1,728,13.7,17.1,7,North,101.59,,,,,,,,2022.01,2022,,,,
72377,1,litu,768,728,10.6,16.1,7,North,49.84,,,,,,,,2022.01,2022,,,,
72427,1,litu,1422.3,730,3.6,19.4,7,North,80.84,,,,,,,,2022.01,2022,,,,
72447,1,litu,591.3,732,14.9,4.1,7,North,93.33,,,,,,,,2022.01,2022,,,,
72448,1,litu,490,732,18.9,4.7,7,North,46.91,,,,,,,,2022.01,2022,,,,
80005,1,fram,490,801,18.9,4.7,3,South,21.14,,,,,,,,2022.01,2022,,,,
80100,1,litu,582,804,3.4,12.6,2,South,55.42,,,,,,,,2022.01,2022,,,,
80121,1,quve,114,801,8.8,19.2,3,South,10.96,,,,,,,,2022.01,2022,,,,
80180,1,cato,1015,804,11.6,5.6,2,South,46.67,,,,,,,,2022.01,2022,,,,
80398,1,caco,1015,807,1.8,19.6,2,South,NA,,,,,,,,2022.01,2022,,,,
80401,1,caco,469,807,7.4,19.4,2,South,39.99,,,,,,,,2022.01,2022,,,,
80554,1,caovl,489.2,813,6.9,11.2,2,South,130.96,,,,,,,,2022.01,2022,,,,
80559,1,nysy,434.6,813,8.9,17.8,2,South,6.45,,,,,,,,2022.01,2022,,,,
80615,1,litu,653.2,810,4.4,16.8,2,South,58.31,,,,,,,,2022.01,2022,,,,
80628,1,quru,544.5,811,7.5,3,2,South,51.75,,,,,,,,2022.01,2022,,,,
80631,1,litu,521.4,811,0.2,6.1,2,South,24.78,,,,,,,,2022.01,2022,,,,
82125,1,cagl,145.9,819,1.6,14.3,4,North,33.55,,,,,,,,2022.01,2022,,,,
82138,1,quru,632.1,820,1.1,2.7,4,North,56.95,,,,,,,,2022.01,2022,,,,
82203,1,litu,654,822,8,9.4,4,North,53.63,,,,,,,,2022.01,2022,,,,
82223,1,litu,427,822,0.5,17.7,4,North,50.41,,,,,,,,2022.01,2022,,,,
82226,1,litu,253.3,823,2,4,4,North,62.6,,,,,,,,2022.01,2022,,,,
82284,1,quve,801.8,825,1.3,12,7,North,79.21,,,,,,,,2022.01,2022,,,,
82292,1,litu,504,826,1.8,0.4,7,North,39.12,,,,,,,,2022.01,2022,,,,
82298,1,litu,561.7,826,0.3,5.1,7,North,63.03,,,,,,,,2022.01,2022,,,,
82326,1,quve,842.7,827,14.6,8.3,7,North,16.55,,,,,,,,2022.01,2022,,,,
82357,1,litu,518.4,828,4,13.8,7,North,60.79,,,,,,,,2022.01,2022,,,,
82360,1,litu,604.5,829,2.3,0.7,7,North,47.54,,,,,,,,2022.01,2022,,,,
82365,1,qual,438.1,829,4.9,4.7,7,North,63.19,,,,,,,,2022.01,2022,,,,
82368,1,litu,993.9,829,16.8,3.4,7,North,118.01,,,,,,,,2022.01,2022,,,,
82419,1,litu,804.5,831,3.3,10,7,North,57.42,,,,,,,,2022.01,2022,,,,
82421,1,litu,561,831,5.6,14.7,7,North,13.81,,,,,,,,2022.01,2022,,,,
82422,1,litu,546.5,831,6.9,19.5,7,North,95.29,,,,,,,,2022.01,2022,,,,
82434,1,quve,826.8,832,6,15.6,7,North,22.55,,,,,,,,2022.01,2022,,,,
90043,1,quve,1483,901,12.5,17.6,2,South,102.74,,,,,,,,2022.01,2022,,,,
90084,1,quve,1117.1,902,16.2,19.3,2,South,94.98,,,,,,,,2022.01,2022,,,,
90162,1,litu,655.9,904,16.9,11.1,2,South,107.23,,,,,,,,2022.01,2022,,,,
90311,1,cagl,167.8,904,17.5,15.8,2,South,21.84,,,,,,,,2022.01,2022,,,,
90354,1,litu,670.9,905,10.6,5,2,South,19.77,,,,,,,,2022.01,2022,,,,
90530,1,litu,647.5,910,10.2,17.8,2,South,26.78,,,,,,,,2022.01,2022,,,,
90612,1,quru,552,910,10.7,14,2,South,19.24,,,,,,,,2022.01,2022,,,,
90660,1,quru,947.4,913,4.9,7.9,2,South,142.02,,,,,,,,2022.01,2022,,,,
90752,1,qual,510.1,916,12.4,7.4,5,North,90.45,,,,,,,,2022.01,2022,,,,
91435,1,litu,510.1,907,13.6,12.2,2,South,NA,,,,,,,,2022.01,2022,,,,
91451,1,litu,555.1,907,18.7,17.6,2,South,37.92,,,,,,,,2022.01,2022,,,,
91474,1,litu,438.2,908,14.5,4.7,2,South,69.02,,,,,,,,2022.01,2022,,,,
91476,1,litu,505.4,908,18.4,2.4,2,South,108.55,,,,,,,,2022.01,2022,,,,
91477,1,litu,210,908,19.3,3.5,2,South,53.05,,,,,,,,2022.01,2022,,,,
91486,1,cagl,570.9,908,17.5,9.2,2,South,61.01,,,,,,,,2022.01,2022,,,,
92018,1,acru,519.5,917,16.2,5.6,5,North,106.36,,,,,,,,2022.01,2022,,,,
92112,1,litu,489.1,919,14.4,18.8,5,North,21.06,,,,,,,,2022.01,2022,,,,
92139,1,quru,489.1,920,14.4,18.8,5,North,37.91,,,,,,,,2022.01,2022,,,,
92140,1,cato,55.1,920,18.7,0.7,5,North,NA,,,,,,,,2022.01,2022,,,,
92141,1,cagl,84.3,920,19.4,4.7,5,North,5.78,,,,,,,,2022.01,2022,,,,
92237,1,nysy,218.1,922,14.7,19.5,5,North,18.29,,,,,,,,2022.01,2022,,,,
92238,1,quve,756.3,922,10.8,18.3,5,North,140.73,,,,,,,,2022.01,2022,,,,
92280,1,quve,650.3,923,15,7.9,5,North,23.32,,,,,,,,2022.01,2022,,,,
92347,1,quru,576,923,1.4,14.5,5,North,16.36,,,,,,,,2022.01,2022,,,,
92393,1,cagl,617,925,19.8,7.7,7,North,113.66,,,,,,,,2022.01,2022,,,,
92414,1,litu,440,926,11.2,0.9,7,North,23.59,,,,,,,,2022.01,2022,,,,
92466,1,litu,834.5,927,0.6,16.3,7,North,39.02,,,,,,,,2022.01,2022,,,,
92487,1,quve,659,928,9.8,15,7,North,29.34,,,,,,,,2022.01,2022,,,,
92488,1,litu,674,928,12.7,13.5,7,North,120.81,,,,,,,,2022.01,2022,,,,
92545,1,litu,577.3,931,15.3,15.6,7,North,70.43,,,,,,,,2022.01,2022,,,,
92546,1,litu,647.2,931,16.5,16.7,7,North,70.24,,,,,,,,2022.01,2022,,,,
92547,1,litu,638.8,931,11.7,13.9,7,North,96.85,,,,,,,,2022.01,2022,,,,
100011,1,fram,960.5,1001,0.7,8,3,South,96.73,,,,,,,,2022.01,2022,,,,
100516,1,litu,1036.1,1004,17.9,2.3,2,South,96.02,,,,,,,,2022.01,2022,,,,
100562,1,litu,628.2,1004,9.1,19.2,2,South,24.11,,,,,,,,2022.01,2022,,,,
100612,1,litu,1200.9,1003,12,4.4,2,South,31.33,,,,,,,,2022.01,2022,,,,
100754,1,quru,430.2,1005,3.8,6.8,2,South,43.83,,,,,,,,2022.01,2022,,,,
100771,1,quru,968,1005,8.5,17,2,South,76.31,,,,,,,,2022.01,2022,,,,
100905,1,litu,680,1008,10,1.6,2,South,31.56,,,,,,,,2022.01,2022,,,,
100906,1,litu,497,1008,9.3,1.1,2,South,33.19,,,,,,,,2022.01,2022,,,,
100955,1,quru,321,1010,16.7,6.8,2,South,18.21,,,,,,,,2022.01,2022,,,,
100960,1,quru,563.5,1010,13.8,10.5,2,South,100.68,,,,,,,,2022.01,2022,,,,
101111,1,litu,96.2,1011,0.1,1.3,2,South,36.16,,,,,,,,2022.01,2022,,,,
101118,1,litu,190.7,1011,0.3,3,2,South,24.9,,,,,,,,2022.01,2022,,,,
101223,1,qupr,679,1013,9.4,17.8,3,South,50.54,,,,,,,,2022.01,2022,,,,
101244,1,quve,815.3,1014,9,9.2,3,South,89.29,,,,,,,,2022.01,2022,,,,
101310,1,fram,490.1,1016,8,14.1,5,North,89.37,,,,,,,,2022.01,2022,,,,
101312,1,fram,377,1016,2.6,16.8,5,North,NA,,,,,,,,2022.01,2022,,,,
102148,1,cato,251.2,1019,2,15.4,5,North,27.21,,,,,,,,2022.01,2022,,,,
102149,1,cagl,70.1,1020,1.4,0.2,5,North,46.15,,,,,,,,2022.01,2022,,,,
102150,1,qual,479,1020,4.3,2.1,5,North,81.94,,,,,,,,2022.01,2022,,,,
102154,1,qual,512.5,1020,5.4,8.5,5,North,20.59,,,,,,,,2022.01,2022,,,,
102177,1,qual,702.8,1020,3.4,11.7,5,North,130.93,,,,,,,,2022.01,2022,,,,
102199,1,cagl,449,1021,1.3,8,5,North,79.38,,,,,,,,2022.01,2022,,,,
102258,1,qual,430,1022,10.3,17.4,5,North,12.52,,,,,,,,2022.01,2022,,,,
102261,1,qual,675,1022,5.3,20.1,5,North,37.4,,,,,,,,2022.01,2022,,,,
102262,1,qual,532.8,1022,1.8,20,5,North,100.06,,,,,,,,2022.01,2022,,,,
102264,1,qual,464.4,1022,1.5,14.2,5,North,49.53,,,,,,,,2022.01,2022,,,,
102303,1,quve,909,1024,8.2,0.9,5,North,57.85,,,,,,,,2022.01,2022,,,,
102348,1,qual,888,1025,16.5,11.5,7,North,37.21,,,,,,,,2022.01,2022,,,,
102364,1,qual,630.5,1025,2.1,18,7,North,115.04,,,,,,,,2022.01,2022,,,,
102365,1,litu,230.3,1025,1.1,13.4,7,North,73.05,,,,,,,,2022.01,2022,,,,
102371,1,qual,783,1026,1.6,6.6,7,North,92.39,,,,,,,,2022.01,2022,,,,
102438,1,litu,468.2,1028,8.5,16.6,7,North,97.07,,,,,,,,2022.01,2022,,,,
102438,2,litu,462.6,1028,8.5,16.6,7,North,87.56,,,,,,,,2022.01,2022,,,,
102439,1,litu,224,1028,4.3,19.6,7,North,20.54,,,,,,,,2022.01,2022,,,,
102441,1,litu,484,1029,1.3,3,7,North,81.78,,,,,,,,2022.01,2022,,,,
102442,1,litu,577.1,1029,8.4,1.9,7,North,130.41,,,,,,,,2022.01,2022,,,,
102443,1,litu,512.5,1029,4.1,7,7,North,76.85,,,,,,,,2022.01,2022,,,,
102444,1,litu,630,1029,4.3,5.3,7,North,71.01,,,,,,,,2022.01,2022,,,,
102446,1,litu,494,1029,0.5,3.7,7,North,60.14,,,,,,,,2022.01,2022,,,,
102446,2,litu,273.2,1029,0.5,3.7,7,North,30.4,,,,,,,,2022.01,2022,,,,
102475,1,litu,881.1,1030,20,14.3,8,North,16.28,,,,,,,,2022.01,2022,,,,
102501,1,litu,634.2,1031,9.8,17.3,7,North,10.76,,,,,,,,2022.01,2022,,,,
102502,1,ulru,126,1031,0.1,18.6,7,North,61,,,,,,,,2022.01,2022,,,,
102509,1,quve,859.2,1032,9.6,0.9,7,North,118.67,,,,,,,,2022.01,2022,,,,
110061,1,litu,1205,1101,17,10,2,South,28.94,,,,,,,,2022.01,2022,,,,
110680,1,litu,683.9,1104,2,6.5,2,South,23.12,,,,,,,,2022.01,2022,,,,
110788,1,litu,638.3,1104,19.9,11.7,2,South,132.6,,,,,,,,2022.01,2022,,,,
110791,1,litu,660,1104,11.3,10,2,South,20.31,,,,,,,,2022.01,2022,,,,
110798,1,qupr,712.3,1104,16,15.5,2,South,55.9,,,,,,,,2022.01,2022,,,,
110901,1,litu,524.1,1105,20,4.1,2,South,97.3,,,,,,,,2022.01,2022,,,,
111014,1,litu,671.3,1107,13.9,12.2,2,South,19.14,,,,,,,,2022.01,2022,,,,
111029,1,litu,671.3,1107,13.9,12.2,2,South,NA,,,,,,,,2022.01,2022,,,,
111030,1,litu,600.5,1107,15.1,19.9,2,South,102.94,,,,,,,,2022.01,2022,,,,
111032,1,litu,600,1107,10.3,19,2,South,65.27,,,,,,,,2022.01,2022,,,,
111032,2,litu,424.3,1107,10.3,19,2,South,58.53,,,,,,,,2022.01,2022,,,,
111039,1,litu,463,1108,19.7,4.1,2,South,23.18,,,,,,,,2022.01,2022,,,,
111041,1,quru,1004.3,1108,16.5,5.7,2,South,32.84,,,,,,,,2022.01,2022,,,,
111092,1,litu,543.6,1110,18.3,17.7,2,South,39.57,,,,,,,,2022.01,2022,,,,
111093,1,litu,460.5,1110,13.4,16.4,2,South,91.69,,,,,,,,2022.01,2022,,,,
111292,1,fram,706.5,1116,12.8,10.4,5,North,75.16,,,,,,,,2022.01,2022,,,,
112014,1,cagl,480.4,1117,14.3,11.2,5,North,97.39,,,,,,,,2022.01,2022,,,,
112057,1,acru,700.2,1117,8.8,4.2,5,North,97,,,,,,,,2022.01,2022,,,,
112060,1,fram,700.2,1117,8.8,4.2,5,North,95.3,,,,,,,,2022.01,2022,,,,
112118,1,quru,700.2,1119,8.8,4.2,5,North,64.75,,,,,,,,2022.01,2022,,,,
112130,1,qual,147.8,1119,17.2,18.3,5,North,12.15,,,,,,,,2022.01,2022,,,,
112136,1,pist,274.1,1120,13.9,2.5,5,North,45.84,,,,,,,,2022.01,2022,,,,
112137,1,qual,572,1120,13.4,3.9,5,North,51.39,,,,,,,,2022.01,2022,,,,
112142,1,qual,385.6,1120,16,3.5,5,North,34.03,,,,,,,,2022.01,2022,,,,
112250,1,pist,436,1122,10.8,18.4,5,North,69.87,,,,,,,,2022.01,2022,,,,
112252,1,litu,451,1122,13.6,19.4,5,North,103.87,,,,,,,,2022.01,2022,,,,
112262,1,quru,123,1123,17.5,1.5,5,North,59.56,,,,,,,,2022.01,2022,,,,
112316,1,quve,822.8,1125,8.7,1,8,North,126.63,,,,,,,,2022.01,2022,,,,
112336,1,qual,516,1125,17,13.8,8,North,15.25,,,,,,,,2022.01,2022,,,,
112342,1,nysy,196.7,1125,14.2,16.7,8,North,3.34,,,,,,,,2022.01,2022,,,,
112350,1,cagl,602,1126,11.7,5.6,8,North,78.11,,,,,,,,2022.01,2022,,,,
112354,1,qual,496.8,1126,14,9.8,8,North,134.02,,,,,,,,2022.01,2022,,,,
112462,1,litu,551.7,1128,14,18.8,8,North,132.16,,,,,,,,2022.01,2022,,,,
112466,1,cato,234.6,1129,17.5,7.1,8,North,24.4,,,,,,,,2022.01,2022,,,,
112467,1,litu,479,1129,19.6,12.5,8,North,87.45,,,,,,,,2022.01,2022,,,,
112480,1,litu,611.3,1131,14.4,10.9,8,North,86.63,,,,,,,,2022.01,2022,,,,
112481,1,litu,460.1,1131,14.9,14.4,8,North,75.4,,,,,,,,2022.01,2022,,,,
112482,1,litu,263.2,1131,17.8,15.9,8,North,13.46,,,,,,,,2022.01,2022,,,,
112698,1,ulru,106.5,1128,17.9,18.2,8,North,35.04,,,,,,,,2022.01,2022,,,,
120278,1,litu,830,1201,5,8.6,2,South,28.69,,,,,,,,2022.01,2022,,,,
120755,1,litu,639,1204,6.8,10,2,South,29.97,,,,,,,,2022.01,2022,,,,
120777,1,litu,527,1205,3.8,0.2,2,South,125.12,,,,,,,,2022.01,2022,,,,
120781,1,litu,605.9,1205,3,2.2,2,South,116.7,,,,,,,,2022.01,2022,,,,
120790,1,litu,452.5,1205,7.3,6.2,2,South,20.93,,,,,,,,2022.01,2022,,,,
121195,1,quru,914.7,1211,12.4,0.4,2,South,111.55,,,,,,,,2022.01,2022,,,,
121212,1,litu,851.1,1207,12.7,12.5,2,South,130.48,,,,,,,,2022.01,2022,,,,
121221,1,litu,117.2,1207,1.7,19.3,2,South,8.08,,,,,,,,2022.01,2022,,,,
121275,1,qupr,256,1209,1.7,16.9,2,South,27.16,,,,,,,,2022.01,2022,,,,
121291,1,qupr,439.2,1210,2.8,9.4,2,South,116.2,,,,,,,,2022.01,2022,,,,
121301,1,caovl,241.3,1211,1.2,2.5,2,South,118.62,,,,,,,,2022.01,2022,,,,
121305,1,quru,753.8,1211,1.1,11.2,2,South,16.2,,,,,,,,2022.01,2022,,,,
121358,1,fram,1058,1216,10.9,12,5,North,9.55,,,,,,,,2022.01,2022,,,,
121367,1,nysy,255.6,1216,4.6,10.8,5,North,76.45,,,,,,,,2022.01,2022,,,,
121374,1,juni,310.4,1216,0.7,18.5,5,North,123.44,,,,,,,,2022.01,2022,,,,
121438,1,caco,393,1215,19.1,6.5,3,South,34.73,,,,,,,,2022.01,2022,,,,
122005,1,fram,393,1217,19.1,6.5,5,North,105.65,,,,,,,,2022.01,2022,,,,
122006,1,acru,395.9,1217,9.9,8.3,5,North,41.48,,,,,,,,2022.01,2022,,,,
122009,1,acru,277,1217,1.2,4.1,5,North,19.49,,,,,,,,2022.01,2022,,,,
122120,1,qual,305.8,1220,2.6,0.6,5,North,27.61,,,,,,,,2022.01,2022,,,,
122121,1,pist,271.5,1220,1.6,2.3,5,North,32.68,,,,,,,,2022.01,2022,,,,
122136,1,quru,587.7,1220,5.5,7.6,5,North,97.7,,,,,,,,2022.01,2022,,,,
122184,1,pist,217.8,1222,2.9,13.9,5,North,14.67,,,,,,,,2022.01,2022,,,,
122185,1,pist,149.3,1222,5.6,14.9,5,North,31.18,,,,,,,,2022.01,2022,,,,
122189,1,qual,665.1,1222,5.5,19.5,5,North,117.64,,,,,,,,2022.01,2022,,,,
122248,1,qual,559,1222,10.5,13.1,5,North,65.3,,,,,,,,2022.01,2022,,,,
122303,1,qual,624.3,1223,1.9,8.5,5,North,98.71,,,,,,,,2022.01,2022,,,,
122343,1,qual,623.9,1225,10.7,14.4,8,North,129.93,,,,,,,,2022.01,2022,,,,
122427,1,qual,832.7,1227,17,15.6,8,North,47.64,,,,,,,,2022.01,2022,,,,
122439,1,cagl,179,1228,12.6,13,8,North,35.32,,,,,,,,2022.01,2022,,,,
122450,1,ulru,246,1225,2.6,18.7,8,North,74.69,,,,,,,,2022.01,2022,,,,
122452,1,fram,246,1226,2.6,18.7,8,North,65.48,,,,,,,,2022.01,2022,,,,
122455,1,qual,639.7,1226,12,4.2,8,North,130.94,,,,,,,,2022.01,2022,,,,
122458,1,cagl,233,1226,4.6,4.9,8,North,15.77,,,,,,,,2022.01,2022,,,,
122482,1,litu,562.4,1228,14.5,2.4,8,North,106.73,,,,,,,,2022.01,2022,,,,
122486,1,litu,620.3,1228,2.7,17,8,North,22.42,,,,,,,,2022.01,2022,,,,
122489,1,cagl,282.1,1229,2.8,4.3,8,North,68.03,,,,,,,,2022.01,2022,,,,
122492,1,litu,502.8,1229,2.5,11.5,8,North,43.05,,,,,,,,2022.01,2022,,,,
122522,1,litu,424.6,1232,3.4,17.4,8,North,95.33,,,,,,,,2022.01,2022,,,,
122561,1,litu,664.7,1231,0,7.6,8,North,28.51,,,,,,,,2022.01,2022,,,,
130348,1,litu,578.3,1302,19.9,1.9,1,South,35.65,,,,,,,,2022.01,2022,,,,
130718,1,litu,1032,1306,7.3,11.3,2,South,53.21,,,,,,,,2022.01,2022,,,,
130838,1,litu,652.4,1305,12.2,1,2,South,51.3,,,,,,,,2022.01,2022,,,,
131009,1,quve,757.6,1308,13.9,0.7,2,South,67.55,,,,,,,,2022.01,2022,,,,
131086,1,quru,582,1310,18.1,15.5,2,South,96.6,,,,,,,,2022.01,2022,,,,
131087,1,quru,665,1310,17.3,17.8,2,South,76.15,,,,,,,,2022.01,2022,,,,
131092,1,litu,472.9,1311,13.1,2.7,2,South,71.62,,,,,,,,2022.01,2022,,,,
131096,1,litu,280.8,1311,19,4.7,2,South,18.21,,,,,,,,2022.01,2022,,,,
131188,1,litu,586.3,1313,10,15.3,3,South,62.05,,,,,,,,2022.01,2022,,,,
131227,1,litu,525.3,1313,17.4,13.7,3,South,122.6,,,,,,,,2022.01,2022,,,,
131232,1,litu,430.7,1313,14.4,19.2,3,South,121.73,,,,,,,,2022.01,2022,,,,
131233,1,litu,301.6,1313,18.3,19.6,3,South,82.79,,,,,,,,2022.01,2022,,,,
131239,1,quru,587.1,1314,19.5,5.7,3,South,32.13,,,,,,,,2022.01,2022,,,,
131272,1,fram,927.8,1315,18.5,2.2,3,North,NA,,,,,,,,2022.01,2022,,,,
131352,1,fram,992.5,1316,5.5,3.3,5,North,NA,,,,,,,,2022.01,2022,,,,
131364,1,acru,460,1316,12,12.9,5,North,66.37,,,,,,,,2022.01,2022,,,,
132028,1,fram,460,1317,12,12.9,5,North,NA,,,,,,,,2022.01,2022,,,,
132077,1,qual,592.4,1319,9.9,15.9,5,North,97.01,,,,,,,,2022.01,2022,,,,
132171,1,litu,522.3,1320,13.7,6.7,5,North,77.73,,,,,,,,2022.01,2022,,,,
132280,1,fram,106,1324,6.1,18.2,5,North,17.81,,,,,,,,2022.01,2022,,,,
132302,1,quru,948,1321,13,14.4,5,North,42.75,,,,,,,,2022.01,2022,,,,
132311,1,qual,536.5,1322,12.9,14.2,5,North,21.94,,,,,,,,2022.01,2022,,,,
132321,1,quru,628.9,1323,17.6,1,5,North,114.68,,,,,,,,2022.01,2022,,,,
132371,1,quru,752,1325,19.9,12.9,8,North,82.11,,,,,,,,2022.01,2022,,,,
132508,1,quve,422.5,1328,18.6,13.9,8,North,93.71,,,,,,,,2022.01,2022,,,,
132524,1,litu,233.9,1329,18.4,0.4,8,North,NA,,,,,,,,2022.01,2022,,,,
132525,1,fram,233.9,1329,18.4,0.4,8,North,NA,,,,,,,,2022.01,2022,,,,
132529,1,litu,872.5,1329,16.6,13.2,8,North,39.41,,,,,,,,2022.01,2022,,,,
132539,1,litu,604.5,1331,15,15.9,8,North,50.43,,,,,,,,2022.01,2022,,,,
132542,1,quve,718,1332,15.4,2.9,8,North,18.92,,,,,,,,2022.01,2022,,,,
132545,1,litu,446,1332,9.5,11.2,8,North,20.65,,,,,,,,2022.01,2022,,,,
140467,1,quve,1520,1404,2.1,18.5,1,South,NA,,,,,,,,2022.01,2022,,,,
140609,1,litu,1081.9,1403,4.3,3.6,1,South,25.64,,,,,,,,2022.01,2022,,,,
140646,1,litu,716.8,1405,1,8.3,2,South,95.78,,,,,,,,2022.01,2022,,,,
140736,1,quve,684,1407,2.4,13.6,2,South,73.17,,,,,,,,2022.01,2022,,,,
140751,1,quru,677.1,1408,9.9,1.5,2,South,102.45,,,,,,,,2022.01,2022,,,,
140756,1,quve,677.1,1408,9.9,1.5,2,South,NA,,,,,,,,2022.01,2022,,,,
140813,1,litu,700.6,1410,8.3,11.2,2,South,112.53,,,,,,,,2022.01,2022,,,,
140818,1,litu,521.9,1410,2.3,19.2,2,South,86.53,,,,,,,,2022.01,2022,,,,
140819,1,litu,203.4,1411,1.6,1.5,2,South,1.69,,,,,,,,2022.01,2022,,,,
140821,1,litu,531.4,1411,4.6,0.4,2,South,63.11,,,,,,,,2022.01,2022,,,,
140825,1,litu,523,1411,8,5.9,2,South,43.85,,,,,,,,2022.01,2022,,,,
140829,1,litu,642,1411,0.6,4.9,2,South,50.25,,,,,,,,2022.01,2022,,,,
140833,1,litu,561.3,1411,5.6,9.5,2,South,15.72,,,,,,,,2022.01,2022,,,,
140872,1,litu,599.8,1413,6.1,14.9,3,South,63.36,,,,,,,,2022.01,2022,,,,
141088,1,fram,770,1415,13,0.6,3,South,NA,,,,,,,,2022.01,2022,,,,
141146,1,caco,770,1416,13,0.6,5,North,19.14,,,,,,,,2022.01,2022,,,,
141216,1,caco,147,1415,2.1,6.2,3,South,26.47,,,,,,,,2022.01,2022,,,,
142113,1,cagl,477.2,1417,3,5,5,North,44.76,,,,,,,,2022.01,2022,,,,
142206,1,fram,477.2,1419,3,5,6,North,NA,,,,,,,,2022.01,2022,,,,
142380,1,qual,593,1425,6.8,13.1,8,North,41,,,,,,,,2022.01,2022,,,,
142399,1,qual,628,1427,14.4,0.5,8,North,33.55,,,,,,,,2022.01,2022,,,,
142521,1,pist,452,1422,6.4,11.1,5,North,106.31,,,,,,,,2022.01,2022,,,,
142527,1,cagl,159.8,1422,1.9,18.4,5,North,37.43,,,,,,,,2022.01,2022,,,,
142548,1,qual,613,1424,4,4.7,5,North,23.59,,,,,,,,2022.01,2022,,,,
142575,1,quve,499.5,1426,1.8,6.4,8,North,93.58,,,,,,,,2022.01,2022,,,,
142656,1,litu,424.6,1431,12.4,12.8,8,North,70.61,,,,,,,,2022.01,2022,,,,
142708,1,juni,423.1,1429,4.3,6.2,8,North,23.79,,,,,,,,2022.01,2022,,,,
142727,1,litu,932.5,1431,1.7,8.2,8,North,9.19,,,,,,,,2022.01,2022,,,,
142729,1,litu,474,1431,4.7,14.7,8,North,63.52,,,,,,,,2022.01,2022,,,,
142730,1,litu,670,1431,9.9,14.7,8,North,68.28,,,,,,,,2022.01,2022,,,,
142731,1,litu,528.2,1432,8.2,2.3,8,North,65.44,,,,,,,,2022.01,2022,,,,
142732,1,cagl,217.5,1432,1.6,1.2,8,North,41.26,,,,,,,,2022.01,2022,,,,
142733,1,litu,608.5,1432,0.5,5.4,8,North,55.42,,,,,,,,2022.01,2022,,,,
142735,1,qual,639.6,1432,5.4,9.6,8,North,91.54,,,,,,,,2022.01,2022,,,,
143707,1,cagl,144.5,1426,0.9,1.6,8,North,21.39,,,,,,,,2022.01,2022,,,,
150756,1,quve,939.1,1503,13.6,16.3,1,South,NA,,,,,,,,2022.01,2022,,,,
152153,1,ploc,961.6,1520,6.8,0.3,6,North,105.69,,,,,,,,2022.01,2022,,,,
152513,1,qupr,615,1525,4.6,19.2,9,North,18.06,,,,,,,,2022.01,2022,,,,
152673,1,litu,932.7,1530,3.6,18.8,9,North,95.32,,,,,,,,2022.01,2022,,,,
152701,1,litu,951,1531,11.3,15.7,9,North,61.25,,,,,,,,2022.01,2022,,,,
160713,1,litu,838,1603,10.4,13.7,1,South,48.62,,,,,,,,2022.01,2022,,,,
160742,1,litu,860,1605,19.3,6.6,1,South,111.46,,,,,,,,2022.01,2022,,,,
160814,1,cato,441,1611,14.3,5.7,1,South,14.08,,,,,,,,2022.01,2022,,,,
160862,1,ploc,834,1614,12.4,15.2,1,South,79.47,,,,,,,,2022.01,2022,,,,
160910,1,litu,973,1607,8.6,1.1,1,South,143.23,,,,,,,,2022.01,2022,,,,
160985,1,litu,873,1612,1.2,17.2,1,South,27.72,,,,,,,,2022.01,2022,,,,
161578,1,qual,228,1616,5.6,14.7,6,North,17.3,,,,,,,,2022.01,2022,,,,
162293,1,qual,865.7,1623,3,9.4,6,North,126.1,,,,,,,,2022.01,2022,,,,
162439,1,quru,832.5,1627,16.3,0.3,9,North,48.82,,,,,,,,2022.01,2022,,,,
162446,1,quru,803,1630,14.1,2.9,9,North,36.42,,,,,,,,2022.01,2022,,,,
162503,1,quve,898.4,1624,1.3,12.3,6,North,13.34,,,,,,,,2022.01,2022,,,,
162541,1,qupr,409,1627,3.4,15.4,9,North,12.39,,,,,,,,2022.01,2022,,,,
162543,1,qual,890,1627,7.5,16.6,9,North,84,,,,,,,,2022.01,2022,,,,
170175,1,litu,885,1702,4.7,1.6,1,South,40.7,,,,,,,,2022.01,2022,,,,
170992,1,litu,686.7,1704,12.2,15.2,1,South,111.7,,,,,,,,2022.01,2022,,,,
170994,1,litu,555.9,1704,18.4,16.1,1,South,27.07,,,,,,,,2022.01,2022,,,,
171127,1,litu,737.2,1705,9.3,1.8,1,South,32.42,,,,,,,,2022.01,2022,,,,
171254,1,litu,765,1708,15.3,3.4,1,South,97.6,,,,,,,,2022.01,2022,,,,
171257,1,litu,621,1708,12.2,4.5,1,South,94.63,,,,,,,,2022.01,2022,,,,
171262,1,litu,616.9,1708,15.9,8.2,1,South,20.55,,,,,,,,2022.01,2022,,,,
171314,1,quru,616.9,1712,15.9,8.2,1,South,NA,,,,,,,,2022.01,2022,,,,
171348,1,ceca,155.4,1714,19.4,2.4,1,South,86.77,,,,,,,,2022.01,2022,,,,
171358,1,fram,920,1714,16,14.1,1,South,14.3,,,,,,,,2022.01,2022,,,,
171454,1,caco,118,1714,1.6,13.8,1,South,18.28,,,,,,,,2022.01,2022,,,,
171456,1,acru,715,1714,0.8,13.4,1,South,35.89,,,,,,,,2022.01,2022,,,,
171462,1,qual,845,1715,7.9,7.5,1,North,48.82,,,,,,,,2022.01,2022,,,,
171505,1,litu,452,1716,14.1,12.4,6,North,94.82,,,,,,,,2022.01,2022,,,,
171506,1,litu,482.1,1716,12,12.9,6,North,36.91,,,,,,,,2022.01,2022,,,,
172201,1,cagl,68,1717,19.5,1.2,6,North,45.44,,,,,,,,2022.01,2022,,,,
172202,1,quru,555.1,1717,17.1,1.8,6,North,81.08,,,,,,,,2022.01,2022,,,,
172203,1,qual,368.5,1717,15.5,0.3,6,North,22.91,,,,,,,,2022.01,2022,,,,
172205,1,qual,493,1717,16.1,3.5,6,North,15.57,,,,,,,,2022.01,2022,,,,
172248,1,cato,274.2,1719,19.2,19.3,6,North,33.87,,,,,,,,2022.01,2022,,,,
172255,1,qual,274.2,1720,19.2,19.3,6,North,130.87,,,,,,,,2022.01,2022,,,,
172382,1,juni,459.2,1723,18.2,14.9,6,North,120.6,,,,,,,,2022.01,2022,,,,
172416,1,nysy,206,1725,19.9,15.6,9,North,5.01,,,,,,,,2022.01,2022,,,,
172417,1,nysy,98.8,1725,20,18.4,9,North,19.98,,,,,,,,2022.01,2022,,,,
172418,1,nysy,297,1725,20,19.5,9,North,31.24,,,,,,,,2022.01,2022,,,,
172421,1,cagl,245,1725,14.7,20,9,North,25.17,,,,,,,,2022.01,2022,,,,
172423,1,litu,367,1726,18.4,1.6,9,North,78.97,,,,,,,,2022.01,2022,,,,
172470,1,quru,710,1728,11.1,12,9,North,42.55,,,,,,,,2022.01,2022,,,,
172472,1,fram,150,1728,19.1,19.3,9,North,22.99,,,,,,,,2022.01,2022,,,,
172499,1,qual,1056,1730,17,3.1,9,North,44.96,,,,,,,,2022.01,2022,,,,
172556,1,litu,817.5,1729,5.1,3.9,9,North,99.55,,,,,,,,2022.01,2022,,,,
172624,1,litu,464.5,1731,17.1,14.5,9,North,55.23,,,,,,,,2022.01,2022,,,,
180235,1,litu,1035,1802,11,4.6,1,South,70.17,,,,,,,,2022.01,2022,,,,
180654,1,litu,332.2,1805,6,0.3,1,South,30.35,,,,,,,,2022.01,2022,,,,
180691,1,litu,716,1807,6.2,17.3,1,South,67.75,,,,,,,,2022.01,2022,,,,
180728,1,litu,409,1804,3.1,12.7,1,South,48.47,,,,,,,,2022.01,2022,,,,
180791,1,cagl,396,1811,9.6,4.1,1,South,0,,,,,,,,2022.01,2022,,,,
180903,1,litu,327,1808,4.8,2.3,1,South,21.56,,,,,,,,2022.01,2022,,,,
180904,1,litu,372.2,1808,2.8,6.5,1,South,60.71,,,,,,,,2022.01,2022,,,,
180984,1,litu,923.5,1813,4,11.8,1,South,78.07,,,,,,,,2022.01,2022,,,,
180991,1,ploc,936.2,1814,1.5,6.7,1,South,17.29,,,,,,,,2022.01,2022,,,,
181030,1,qual,779,1816,5.4,10.6,6,North,29.58,,,,,,,,2022.01,2022,,,,
181033,1,litu,515.5,1816,3.4,18.6,6,North,26.79,,,,,,,,2022.01,2022,,,,
182161,1,fram,1087,1822,16.8,3.2,6,North,NA,,,,,,,,2022.01,2022,,,,
182207,1,qual,539,1817,5.6,11.2,6,North,117.11,,,,,,,,2022.01,2022,,,,
182208,1,quru,513,1817,4,10.1,6,North,115.78,,,,,,,,2022.01,2022,,,,
182248,1,nysy,89.2,1820,0.2,1.2,6,North,NA,,,,,,,,2022.01,2022,,,,
182376,1,ploc,608.5,1823,2.9,12.6,6,North,125.3,,,,,,,,2022.01,2022,,,,
182451,1,fram,355.6,1829,1.3,1.4,9,North,30.99,,,,,,,,2022.01,2022,,,,
182491,1,litu,410,1831,7.6,7.9,9,North,96.32,,,,,,,,2022.01,2022,,,,
182498,1,fram,145.7,1831,0.9,18.3,9,North,26.69,,,,,,,,2022.01,2022,,,,
182570,1,juni,530,1823,2.7,13.5,6,North,120.02,,,,,,,,2022.01,2022,,,,
182681,1,litu,590.1,1829,13,1,9,North,25.01,,,,,,,,2022.01,2022,,,,
182693,1,litu,680,1830,15.3,13.2,9,North,41.2,,,,,,,,2022.01,2022,,,,
190065,1,litu,539,1902,18.8,0.4,1,South,19.22,,,,,,,,2022.01,2022,,,,
190067,1,litu,739,1902,19,2.2,1,South,52.2,,,,,,,,2022.01,2022,,,,
190071,1,litu,211.6,1902,20,4.3,1,South,24.39,,,,,,,,2022.01,2022,,,,
190115,1,litu,923.5,1902,4.8,18.6,1,South,137.68,,,,,,,,2022.01,2022,,,,
190413,1,litu,1001.6,1904,14.7,4.6,1,South,119.16,,,,,,,,2022.01,2022,,,,
190426,1,litu,1016.2,1904,11,14.2,1,South,91.46,,,,,,,,2022.01,2022,,,,
190429,1,litu,724.9,1904,12.5,19.1,1,South,124.82,,,,,,,,2022.01,2022,,,,
190568,1,juni,903,1912,2.6,18.8,1,South,39.9,,,,,,,,2022.01,2022,,,,
190655,1,litu,545.6,1907,12.9,16.1,1,South,64.06,,,,,,,,2022.01,2022,,,,
190658,1,litu,473.2,1907,10.6,16.7,1,South,49.18,,,,,,,,2022.01,2022,,,,
190670,1,litu,548.9,1908,8,3.2,1,South,84.7,,,,,,,,2022.01,2022,,,,
190694,1,quru,1265.5,1909,18.2,14.7,1,South,21.93,,,,,,,,2022.01,2022,,,,
190793,1,litu,601,1914,12.2,1.3,1,South,18.63,,,,,,,,2022.01,2022,,,,
190794,1,quru,639.8,1914,10.6,1.4,1,South,23.33,,,,,,,,2022.01,2022,,,,
190798,1,cagl,269.3,1914,12.5,8.4,1,South,14.4,,,,,,,,2022.01,2022,,,,
190835,1,litu,409.3,1916,20.5,15.4,6,North,138.03,,,,,,,,2022.01,2022,,,,
190838,1,quru,553.5,1916,19.1,19.7,6,North,69.03,,,,,,,,2022.01,2022,,,,
190840,1,litu,164.9,1916,15,17.2,6,North,24.61,,,,,,,,2022.01,2022,,,,
190935,1,quru,164.9,1916,15,17.2,6,North,NA,,,,,,,,2022.01,2022,,,,
192008,1,qual,655.8,1917,12,2,6,North,25.57,,,,,,,,2022.01,2022,,,,
192055,1,qual,595,1919,14.8,10.1,6,North,135.75,,,,,,,,2022.01,2022,,,,
192062,1,qupr,512.2,1920,14.4,10.1,6,North,NA,,,,,,,,2022.01,2022,,,,
192064,1,qupr,504.3,1920,18,11.7,6,North,NA,,,,,,,,2022.01,2022,,,,
192133,1,caovl,565,1923,11.7,2.3,6,North,34.85,,,,,,,,2022.01,2022,,,,
192244,1,qual,443.5,1919,18.1,16.8,6,North,47.62,,,,,,,,2022.01,2022,,,,
192437,1,litu,436.9,1925,17,11.5,9,North,20.92,,,,,,,,2022.01,2022,,,,
192466,1,quru,809,1926,13.3,1.7,9,North,116.88,,,,,,,,2022.01,2022,,,,
192484,1,quru,422.5,1926,17.4,11.2,9,North,64.99,,,,,,,,2022.01,2022,,,,
192527,1,litu,503.9,1928,11.9,5,9,North,92.13,,,,,,,,2022.01,2022,,,,
192528,1,litu,569.5,1928,12.4,9.7,9,North,21.7,,,,,,,,2022.01,2022,,,,
192532,1,fagr,175.9,1928,19.2,18.1,9,North,143.81,,,,,,,,2022.01,2022,,,,
192533,1,litu,403.2,1928,18.4,17.2,9,North,42.81,,,,,,,,2022.01,2022,,,,
192534,1,litu,554.9,1928,13.3,17.4,9,North,124.89,,,,,,,,2022.01,2022,,,,
192542,1,litu,326,1929,18.9,3.8,9,North,9.51,,,,,,,,2022.01,2022,,,,
192543,1,litu,445.5,1929,14.9,4.4,9,North,58.52,,,,,,,,2022.01,2022,,,,
192544,1,litu,349,1929,14.4,1.8,9,North,13.21,,,,,,,,2022.01,2022,,,,
192546,1,litu,533.5,1929,17.4,7.3,9,North,97.07,,,,,,,,2022.01,2022,,,,
192548,1,litu,467,1929,15.3,11.3,9,North,107.88,,,,,,,,2022.01,2022,,,,
192560,1,qual,933.1,1930,12.9,19.5,9,North,13,,,,,,,,2022.01,2022,,,,
192570,1,fram,933.1,1931,12.9,19.5,9,North,NA,,,,,,,,2022.01,2022,,,,
192619,1,quru,787,1926,12.6,8.5,9,North,73.95,,,,,,,,2022.01,2022,,,,
192674,1,litu,467,1929,9.5,2.8,9,North,19.04,,,,,,,,2022.01,2022,,,,
200038,1,litu,981,2001,3.6,9.6,1,South,NA,,,,,,,,2022.01,2022,,,,
200038,2,litu,865,2001,3.6,9.6,1,South,NA,,,,,,,,2022.01,2022,,,,
200142,1,litu,604,2002,1.3,3.5,1,South,23.49,,,,,,,,2022.01,2022,,,,
200151,1,litu,669.3,2002,6.9,4,1,South,69.79,,,,,,,,2022.01,2022,,,,
200547,1,litu,654,2005,2.6,1.1,1,South,15.05,,,,,,,,2022.01,2022,,,,
200551,1,litu,576,2005,1,5.3,1,South,125.18,,,,,,,,2022.01,2022,,,,
200553,1,litu,558.1,2005,1.2,8.1,1,South,137.64,,,,,,,,2022.01,2022,,,,
200577,1,juni,535.2,2007,8.8,9.6,1,South,13.12,,,,,,,,2022.01,2022,,,,
200586,1,juni,437.2,2007,2,13.9,1,South,131.95,,,,,,,,2022.01,2022,,,,
200613,1,litu,851.6,2004,10.1,16.2,1,South,NA,,,,,,,,2022.01,2022,,,,
200676,1,litu,869.1,2008,12.2,5.9,1,South,23.23,,,,,,,,2022.01,2022,,,,
200812,1,juni,548,2008,8,1.2,1,South,47.77,,,,,,,,2022.01,2022,,,,
200818,1,litu,344.5,2008,4.4,3.9,1,South,50.26,,,,,,,,2022.01,2022,,,,
200822,1,litu,820,2008,8.7,10.3,1,South,129.42,,,,,,,,2022.01,2022,,,,
201207,1,litu,1310.5,2012,10,17.3,1,South,72.66,,,,,,,,2022.01,2022,,,,
201261,1,juni,492,2013,0.3,17.3,1,South,30.71,,,,,,,,2022.01,2022,,,,
201264,1,litu,419.1,2014,0.3,6.8,1,South,72.05,,,,,,,,2022.01,2022,,,,
201274,1,litu,606.8,2014,5.3,8.9,1,South,17.06,,,,,,,,2022.01,2022,,,,
201278,1,litu,641.8,2014,2.2,11.8,1,South,21.41,,,,,,,,2022.01,2022,,,,
201279,1,quru,446.3,2014,1.9,13,1,South,123.11,,,,,,,,2022.01,2022,,,,
201331,1,qupr,432,2015,14.3,9.5,1,South,28.1,,,,,,,,2022.01,2022,,,,
201432,1,quve,429,2016,0.3,12.5,6,North,88.98,,,,,,,,2022.01,2022,,,,
201441,1,litu,763,2016,11.8,19.2,6,North,32.76,,,,,,,,2022.01,2022,,,,
202050,1,qual,480.5,2019,9.2,14.5,6,North,38.51,,,,,,,,2022.01,2022,,,,
202072,1,qual,710.1,2020,2.1,10.8,6,North,35.77,,,,,,,,2022.01,2022,,,,
202118,1,quve,698.2,2023,12.8,3.5,6,North,130.5,,,,,,,,2022.01,2022,,,,
202201,1,cato,131,2017,3.2,1.1,6,North,33.44,,,,,,,,2022.01,2022,,,,
202203,1,quru,479.9,2017,9.2,1.4,6,North,82.8,,,,,,,,2022.01,2022,,,,
202212,1,quve,598.7,2017,4.3,9.5,6,North,69.41,,,,,,,,2022.01,2022,,,,
202215,1,qual,549.9,2017,5.5,11.7,6,North,106.55,,,,,,,,2022.01,2022,,,,
202283,1,litu,258.1,2020,4.5,2.9,6,North,40.81,,,,,,,,2022.01,2022,,,,
202336,1,cagl,430,2022,3,10.7,6,North,125.15,,,,,,,,2022.01,2022,,,,
202337,1,cagl,417.2,2023,1,0.2,6,North,77.49,,,,,,,,2022.01,2022,,,,
202444,1,litu,650,2025,0.9,12.5,9,North,31.35,,,,,,,,2022.01,2022,,,,
202449,1,litu,608.5,2026,0,1,9,North,18.02,,,,,,,,2022.01,2022,,,,
202536,1,fram,438.5,2028,9.5,13.3,9,North,106.84,,,,,,,,2022.01,2022,,,,
202541,1,fram,461,2028,2.5,15,9,North,0,,,,,,,,2022.01,2022,,,,
202543,1,litu,238,2028,0.5,15.6,9,North,41.06,,,,,,,,2022.01,2022,,,,
202545,1,litu,368,2029,4.5,2.6,9,North,80.43,,,,,,,,2022.01,2022,,,,
202550,1,litu,566.1,2029,2.1,10.7,9,North,21.61,,,,,,,,2022.01,2022,,,,
202581,1,fram,264.2,2031,2.4,16.7,9,North,59.38,,,,,,,,2022.01,2022,,,,
202585,1,juni,420.3,2032,1,4.8,9,North,74.92,,,,,,,,2022.01,2022,,,,
202586,1,fram,438.9,2032,4.2,5.3,9,North,45.87,,,,,,,,2022.01,2022,,,,
